Name,Price,Description,
Abrazadera metálica de 5/8,2.5,,2025/03/27
"Abrazaderas para tubo 6""",15,,2023/05/12
Aceite de maquina,35,,2023/10/26
"Aceite penetrante WD 40, 11oz, 311 gr",75,,2023/11/01
Adaptador enchufe triple con entrada universal y aterramiento y terminación plana,20,,2026/05/13
Adaptador enchufe triple con entrada universal y aterramiento y terminación redonda,20,,2026/05/13
Adaptador para clavija universal,16,,2025/04/07
Adaptador simple,15,,2023/10/26
Adaptador universal,15,,2023/08/29
Adaptadores IDE-SATA,110,,2023/05/16
Aerosol color azul,30,,2026/03/24
Aguarrás (litro),22,,2024/08/14
ALAMBR ELÉCTRICO N°12 TIGRE (rollo 100 metros),850,,2026/05/04
Alambre aislado de cobre N° 12 (de 1 hebra) METRO,13,,2025/06/16
Alambre aislado de cobre N° 14 (de 1 hebra) METRO,9,,2025/06/16
Alambre CU AWG 1*2.5 (N°14),310,,2023/06/09
ALAMBRE DE AMARRE  DE UN KILO,25,,2025/05/14
Alambre de amarre (1Kg),35,,2025/07/03
Alambre de amarre (kilo),20,,2026/03/09
Alambre de amarre rollo 5kg,18,,2023/01/12
Alambre de cobre,690,"Un sólo hilo N°10
100mts de largo
Revestimiento de goma
Marca Tigre, industria Boliviana",2023/05/15
Alambre de cobre #10 marca tigre (rollo de 100M),680,,2023/10/03
Alambre de cobre #12 (rollo de 100M) Marca Tigre,410,,2023/10/03
"Alambre de cobre #12, de un filamento, antillama, marca Tigre",495,,2024/05/27
"Alambre de cobre #14, de un filamento, antillama, marca Tigre",355,,2024/05/27
"Alambre de cobre #16 de un filamento, antillama, marca Tigre",252,,2024/05/27
Alambre de cobre N°16 (100mtrs),220.5,,2023/07/28
ALAMBRE ELECTRICO N°10 (ROLLO 100 METROS),1240,,2026/05/04
Alambre galvanizado,30,,2023/05/12
Alargador 5 metros,60,,2025/11/28
Alargador de 10 metros 15Amperios,70,,2023/10/12
Alargador de 10 mts,65,,2023/10/26
Alargador de 15Mts marca ULTRA,95,,2023/05/08
Alargador de 20 metros engomado negro,180,,2026/05/20
ALARGADOR DE 5 METROS DE 15 AMP EXTENCIÓN UNIVERSAL TRANSPARENTE,45,,2023/07/20
Alargador de corriente 30M,180,,2024/05/03
Alargador de corriente de 10 metros integrado marca ULTRA engomado,85,Al,2023/08/29
Alargador de corriente de 10MT,110,,2026/05/20
Alargador de corriente de 30 metros,210,,2024/12/04
Alargador de corriente de cable engomado de 20 MT 3 tomas,50,,2026/05/20
"Alargador Marca Ultra de 10 metros, 3 tomas",75,,2023/07/19
ALCAYATA,2.5,,2025/10/14
Alcohol Isopropilico2 litros,1,,2023/11/01
Alicate de presión Pico de Loro,132,,2023/11/01
Antitermitas Madeplast,230,,2024/06/16
Aplique cromado para pared,110,,2024/11/08
Aplique de baño COMPLETO con 3 focos de Aluminio y Cristal,350,,2023/07/20
"Aplique de pared, negro, con dicroico LED MR16",70,,2024/07/12
APLIQUE DE TRES FOCOS,300,,2023/07/20
"Aplique LED alto grado de protección tipo industrial 11""X5"" luz Blanca 24W",95,,2026/03/09
"Aplique LED de pared de 6 ojos, carcasa negra, 6W, p/ interperie IP65,",145,,2024/06/24
Aplique LED p/exterior tipo tortuga 15W,68,,2026/05/12
Aplique LED p/exterior tipo tortuga 18W,78,,2026/05/12
"Aplique LED para exterior, negro, 6 ojos, luz calida, 6W",150,,2023/08/01
ARMELLAS,3.5,,2025/10/14
Arrancador de 40W 220V Marca Philips (Holland),5,,2023/04/24
Arrancadores,6,,2022/11/23
Arrancadores de 40-65W,8,,2025/05/26
Balastro/reactancia electrónica 2*40,72,,2022/11/23
Balde de 18 Litros pintura acrílica Tradicional color blanco,430,,2023/08/29
Baliza de luz,300,,2022/12/14
Baliza destellador de luz amarillo 220V,230,,2024/07/25
Barniz a color,48,,2023/10/05
Barniz para madera,1,,2023/10/26
"Barniz, Tarro de 3.5 littros",380,,2025/06/24
Barra de cableducto 25*16,18,,2025/05/29
Barra de cableducto 25x25,25,,2025/09/18
BARRA DE PERFIL DE ALUMINIO EN U 10 X 13 MMS X 6 MTRS,250,,2025/10/14
Barra de perfil de aluminio para empotrar 20*10mm (3 metros),68,,2026/02/25
Bastones luminosos con pilas (incluidas),65,,2023/04/06
Bateria 9V,12,,2025/03/13
Bateria alcalina (Pila C),25,,2024/06/18
Bateria de 9V,12,,2025/03/14
Bateria de presión para tanque de inodoro ASTRA,,,2025/07/10
Bateria para inodoro,80,,2024/08/21
Bateria recargable AA,130,,2025/04/08
Bateria recargable AAA,120,,2025/04/08
Bateria recargable de 9V,125,,2024/05/24
Batería 3V CR2032,10,,2026/03/09
Batería 9V,15,,2026/05/08
Batería 9V marca Duracell,40,,2023/04/25
Batería 9V recargable con cable Tipo C,75,,2026/05/13
Batería de 9V,10,,2023/08/29
Batería de baño completa,295,,2026/04/09
Batería de baño completo COFLEX,250,,2026/03/04
Batería de baño con pulsador lateral de tanque ASTRA,245,,2026/03/25
Batería de Baño de palanca Lateral  Astra,240,,2026/03/25
Batería recargable 18650,25,,2024/08/14
Baterías de baño,70,,2023/06/09
Bisagras de 4 pulgadas Vaivén marca Ferrawy Peru (par),290,,2025/09/03
Bocina grande,240,,2023/11/24
Bolsa de 100 pzas precinto de 40cm,90,,2026/05/20
BOLSA RAMPLU #12 IV PLAST (BOLSA DE 5000u),105,,2024/01/17
Bolsa ramplu #6 (1000 pzas),70,,2024/07/17
BOLSA RAMPLU #6 IV PLAST (BOLSA DE 1000u),60,,2024/01/17
Bolsa ramplu #7 (1000 pzas),80,,2024/07/17
BOLSA RAMPLU #8 IV PLAST (BOLSA DE 1000u),90,,2024/01/17
Bombilla LED 60W,75,,2024/08/29
Bornera de contacto #12 y #14,15,,2025/03/14
"Bornera de empalme 30A, 16mm2",20,,2024/06/06
Botines con punta de acero,350,,2026/05/22
Brazo de luminaria metálico,60,,2023/01/12
Brazo metálico para luminaria,60,,2025/07/21
Breaker 3*100A 690V marca ABB,790,,2023/03/30
Breaker Harok 100A,700,,2025/09/03
Breaker Trifásico 100A,,,2026/02/06
Brilla metal de 70 gramos BRASSO,,,2025/07/10
Broca #10,35,,2025/03/10
Broca #10 concreto,35,,2025/03/09
Broca #10 rompemuro,61,,2025/03/09
Broca #6,17,,2025/03/10
Broca #6 concreto,22,,2025/03/09
Broca 1/4 de concreto,45,,2026/05/18
Broca 5mm,18,,2024/12/09
Broca de concreto N°6 de primera,48,,2026/03/09
Broca de fierro 5.5,18,,2025/03/14
Broca de fierro de 1,10,,2025/03/14
Broca de fierro de 1/2,65,,2025/03/14
Broca N°10 pars concreto,20,,2024/10/22
Broca N°6 pars concreto,15,,2024/10/22
Broca para metal de 3.5mm,14,,2024/06/20
Broca pra metal #10,35,,2025/03/14
"Brocha 2 1/2"" Tigre",,,2025/10/28
"Brocha de 2""",17,,2022/11/11
"Brocha de 3""",25,,2022/11/11
"Brocha de 6""",30,,2024/08/14
Buscapolo,30,,2023/06/09
Cable,100,,2022/12/29
Cable #10,1250,,2025/03/27
Cable #12,680,,2025/03/27
Cable #12 AWG alambre TIGRE,970,,2026/05/21
Cable #6 (7 hilos) rollo de 100 metros,3400,,2025/03/14
Cable #7X10 de 7 hilos marca Tigre (rollo de 100 metros),765,,2024/07/18
Cable 10 cordón marca Tigre,1550,,2024/01/10
Cable 12 cordón marca Tigre,1050,,2024/01/10
Cable 12 metro,3,,2025/06/01
Cable 12AWG 7 hilos color blanco (rollo 100mts),,,2025/10/13
Cable 14AWG 7 hilos color blanco (rollo 100mts),,,2025/10/13
Cable 7 hilos #10 (rollo de 100 mts) TIGRE,1080,,2025/02/06
Cable 7 hilos #6 (rollo de 100 mts) TIGRE,2950,,2025/02/06
Cable 7 hilos #8 (rollo de 100 mts) TIGRE,1650,,2025/02/06
Cable 7*12 tigre,795,,2025/03/14
Cable 7x12 blanco (rollo 100mts),,,2026/02/06
Cable 7x12 negro (rollo 100mts),,,2026/02/06
Cable 7x12 verde/amarillo (rollo 100mts),,,2026/02/06
Cable 7x14 blanco (rollo 100mts),,,2026/02/06
Cable 7x14 negro (rollo 100mts),,,2026/02/06
Cable 7x4 AWG Negro (metro),,,2026/02/06
Cable 7x6 AWG Negro (metro),,,2026/02/06
Cable 7x8 AWG Negro (metro),,,2026/02/06
Cable Aislado #10,1080,,2025/02/25
Cable aislado de cobre AWG de 7 hilos N°14 (rollo de 100mts),850,,2025/08/25
Cable Aislado de cobre de 7 hilos N°12 (rollo de 100 metros) marca Tigre,600,,2024/05/21
Cable aislado de CU No. 8 d e 100 Mtr,1320,,2023/07/28
Cable alambre N°1x10 Tigre (rollo 100 metros),1213,,2025/02/28
Cable alambre N°1x12 Tigre (rollo 100 metros),740,,2025/02/28
Cable alambre N°1x14 Tigre (rollo 100 metros),481,,2025/02/28
Cable bajo goma 2x1.5 mm2 (rollo de 100 metros),1350,,2025/05/14
Cable bajo goma 2x2.5 mm2 (rollo de 100 metros),1850,,2025/05/14
Cable bajo goma de 2*1.5 de diámetro (c/rollo 100 metros),930,,2023/07/28
Cable bipolar #12 tigre,1650,,2025/03/14
Cable bipolar #14 tipo cordón,760,Cable bipolar tipo cordón #14 100% cobre,2022/10/19
Cable bipolar #14 tipo cordón,1300,,2024/10/09
"Cable bipolar #18, multifilar de cobre, marca Tigre",397,,2024/05/27
"Cable bipolar #20, multifilar de cobre, marca Tigre",270,,2024/05/27
Cable bipolar 2*12,2850,,2025/09/18
Cable bipolar 2*14 awg rollo de 100 metros,800,,2022/12/08
Cable bipolar 2*16 awg rollo 100metros TIGRE,780,,2022/12/08
Cable bipolar 2*2.5 (rollo 100 metros),1600,,2026/03/13
Cable bipolar calibre/awg N°16 100 metros,650,,2022/12/08
Cable bipolar cordón blanco N °10 de cobre (rollo de 100 metros),1350,,2026/05/20
Cable bipolar engomado para exterior  de 1.5MM 100% cobre,698,,2024/07/22
Cable bipolar engomado para exterior de 2.5MM 100% cobre,950,,2024/07/22
CABLE BIPOLAR N 10,340,,2025/05/14
Cable bipolar No. 2x12 marca Tigre,2625,,2025/09/24
Cable bipolar N°10,480,,2025/08/14
Cable bipolar N°10 (rollo),480,,2025/09/30
Cable bipolar N°14 Tigre (rollo de 100 metros),1200,,2025/02/25
Cable bipolar N°16 TIGRE (rollo de 100 metros),,,2026/02/06
Cable bipolar N°2*14 AWG,8.5,,2023/10/27
Cable bipolar N°2x14 de cobre,1320,,2025/04/07
Cable bipolar tipo cordón de 100M N°14 AWG 100% COBRE TIGRE,800,,2024/07/22
Cable canal 10x25,15,,2026/01/26
Cable canal 15*10,10,,2023/01/12
Cable canal 25mmx25mm,,,2025/10/13
Cable canal 30X40 (barra de 2 metros),35,,2024/09/10
"Cable canal blanco 30*12mm 1 división en medio, 2 metros",38,,2024/10/11
Cable coaxial (metro),3.5,,2023/10/27
Cable con conector plug,10,,2023/02/15
Cable conducto 15*10,7,Cable ducto plástico 15*10,2022/11/07
Cable conducto de piso 13*48,45,Cable conducto de piso plastico 13*48,2022/11/07
Cable Cordeiro 1.5 mm,380,,2026/03/16
Cable Cordeiro 4 mm,900,,2026/03/16
Cable cordon doble blanco 2*12 marca tigre (rollo de 100M),1200,,2023/10/03
Cable cordon No. 2*12 tigre (metro),17,,2024/08/14
CABLE CORDON N°10,1650,,2024/07/24
CABLE CORDON N°12,1150,,2024/07/24
Cable cordón #12,1200,,2023/06/07
Cable cordón 2*16 rollo de 100 metros,850,,2024/08/14
Cable cordón 2x16 (metro),8,,2025/05/02
Cable cordón bipolar # 14 TIGRE (rollo de 100 metros),1450,,2025/05/02
Cable cordón bipolar # 16TIGRE (rollo de 100 metros),870,,2025/05/02
Cable cordón bipolar 2x14 (rollo 100 metros),1200,,2025/09/09
Cable cordón bipolar 2x14 Tigre (rollo 100 metros),1720,,2025/08/21
"Cable cordón bipolar blanco de cobre No 12, marca Cablesol",575,,2024/05/17
"Cable cordón bipolar blanco de cobre No 12, marca Tigre",1250,,2024/05/17
Cable cordón bipolar N°14 material aislante cobre diámetro 2*14 (rollo de 100 metros),1350,,2025/05/26
Cable cordón doble Nro 14,200,,2024/05/03
Cable cordón No. 16 (rollo),180,,2025/09/18
Cable cordón No.2 X 22 (metro),3.5,,2024/08/05
Cable cordón Nro 14 de cobre (rollo de 100 metros),1740,,2026/03/09
Cable cordón N°10 (rollo 100 metros),2480,,2025/02/18
Cable cordón N°10 (rollo de 100 metros),2300,,2026/01/26
Cable cordón N°12 (rollo 100 metros),1650,,2025/02/18
Cable cordón N°12 (rollo de 100 metros),1800,,2026/01/26
Cable de 7 hilos #14,860,,2025/09/18
Cable de 7 hilos flexible AWG N°10 (rollo de 100 metros),2198,,2025/07/03
Cable de 7 hilos No. 14 TIGRE (rollo de 100 metros),,,2025/10/28
Cable de 7 hilos N° 14 (rollo de 100 metros),820,,2025/05/29
"Cable de 7 hilos N°12, cobre puro (100 metros)",1410,,2025/07/03
Cable de alta tensión,8,"N°8 dúplex
Con alma de acero
Marca",2023/05/15
Cable de cobre,750,"De 7 hilos N°10
De 100 metros
Marca Tigre, industria Boliviana",2023/05/15
Cable de cobre #6 de 7 hilos (metro),57,,2025/09/24
Cable de cobre 7 hilos #10 (Rollo 100 metros),1510,,2026/06/03
"Cable de cobre 7 hilos #12  marca Tigre, Blanco (Rollo 100 metros)",850,,2024/09/10
"Cable de cobre 7 hilos #12  marca Tigre, Negro (Rollo 100 metros)",850,,2024/09/10
"Cable de cobre 7 hilos #12  marca Tigre, Verde (Rollo 100 metros)",850,,2024/09/10
Cable de cobre 7 hilos #12 (Rollo 100 metros),898,,2026/06/03
Cable de cobre 7 hilos #14 (Rollo 100 metros),660,,2026/06/03
"Cable de cobre 7 hilos #14 marca Tigre, Blanco (Rollo 100 metros)",590,,2024/09/10
"Cable de cobre 7 hilos #14 marca Tigre, Negro (Rollo 100 metros)",590,,2024/09/10
Cable de cobre 7 hilos #8 (Rollo 100 metros),2400,,2026/06/03
Cable de cobre 7 hilos N° 12 Marca Tigre,585,,2024/05/16
Cable de cobre AWG de 7 hilos N°14 (rollo de 100mts),850,,2025/08/25
Cable de cobre AWG No. 6 de 7 hilos,56,,2025/09/02
Cable de cobre bajo goma 2*1.5mm (rollo de 100m),650,,2023/10/06
Cable de cobre bajo goma 2*2.5mm (rollo de 100m),950,,2023/10/06
Cable de cobre bajo goma 2*4mm (rollo de 100m),1500,,2023/10/06
Cable de cobre bipolar #20,250,,2023/03/15
"Cable de cobre cordón bipolar #10 Cablesol, industria nacional (rollo de 100 metros)",600,,2024/04/25
Cable de cobre desnudo de 35mm o No. 2 de 7 hilos (metro),116,,2025/09/24
Cable de cobre No. 12 de 7 hilos (rollo de 100 metros),1200,,2025/09/24
CABLE DE COBRE N°12,470,,2023/12/08
Cable de cobre N°12,470,,2023/12/14
"Cable de cobre N°14 de 7 Hilos TIGRE (Rollo de 100 metros), color rojo/azul/verde",850,,2026/03/09
Cable de cobre N°8 (rollo de 100 metros) color Azul,1350,,2024/03/25
Cable de cobre N°8 (rollo de 100 metros) color Negro,1350,,2024/03/25
Cable de cobre tipo alambre monopolar #10,680,,2023/03/15
"Cable de cobre, 7 hilos flexible AWG N°8 (rollo de 100 metros)",2198,,2025/07/03
"CABLE DE CU N°12, 7 HILOS C/NEGRO (ROLLO 100 METROS)",890,,2026/04/22
Cable de energía N°10 alambre TIGRE,1620,,2026/03/13
CABLE DE EXTENSIÓN 10M,120,,2025/05/14
Cable de impresora USB,25,,2023/08/29
Cable de poder,20,,2025/02/20
Cable de poder para PC,19,,2023/08/29
Cable de red UTP CAT6 marca Rowland,12,,2025/04/17
Cable de telefono de 4 hilos (rollo 100 metros),200,,2023/10/12
Cable de tierra N°14 AWG TIGRE,460,,2024/10/22
Cable desnudo 50mm2 - 1/0 (metro),152,,2025/11/21
Cable doble N°10 Coplas,1200,,2023/01/12
Cable doble N°12 Coplas,800,,2023/01/12
Cable Duplex de aluminio N°8 AWG (metro),8,,2024/02/01
Cable electricidad: numero 12 con cable de 7 hilos bipolar de cobre; presentación por rollo Plasmar,435,,2023/11/21
"Cable electrico de cobre, 7 hilos, No 12, marca TIGRE (rollo de 100 metros)",495,,2023/11/06
Cable electrico tipo cordón N°12,1095,Cable eléctrico tipo cordón N°12,2022/11/17
Cable eléctrico #12 AWG 7 hilos (rollo 100 metros),850,,2024/09/02
Cable eléctrico (#12) 7 hilos,445,Cable eléctrico (#12) 7 hilos 100 metros,2022/11/07
Cable eléctrico (#14) 7 hilos,295,Cable eléctrico (#14) 7 hilos,2022/11/04
Cable eléctrico (#16) 7 hilos,210,Cable eléctrico (#16) 7 hilos,2022/11/04
Cable eléctrico 7 hilos #12,490,Cable electrico 7 hilos #12 Marca Tigre,2022/11/17
Cable eléctrico de 7 hilos  N°12 (Rollo de 100M),986,,2026/01/27
Cable eléctrico de cobre N°12 rollo de 100 metros,510,,2024/03/25
"Cable eléctrico de cobre, 7 hilos, No 14, marca TIGRE (rollo de 100 metros)",385,,2023/11/06
"Cable eléctrico engomado bipolar de cobre 2x1.5mm, rollo de 100 metros",710,,2024/03/25
"Cable eléctrico engomado bipolar de cobre 2x2.5mm, rollo de 100 metros",1050,,2024/03/25
"Cable eléctrico engomado bipolar de cobre 2x4mm, rollo de 100 metros",1350,,2024/03/25
Cable eléctrico mellizo bicolor 2*12 (cobre) de 100m,980,,2023/05/10
Cable eléctrico N°10 7 hilos,,,2023/05/05
"Cable eléctrico N°12 de 7 hilos, cobre puro, rollo de 100 metros",480,,2023/07/26
"Cable eléctrico tipo alambre de 1 hilo, cobre puro, marca Tigre",430,,2023/07/28
CABLE ENCHAQUETADO 2*14,19,,2026/04/22
CABLE ENCHAQUETADO 4*8 (metro),156.8,,2026/04/22
Cable engomado 2*1.5mm,1380,,2025/09/18
Cable engomado flexible  2 x 4 mm2 (rollo 100 metros),1950,,2024/08/21
Cable engomado para exterior 2*1.5mm,850,,2023/05/10
"Cable flexible 1x4mm2, 750V, puro cobre",4.5,,2024/06/06
Cable HDMI,95,,2026/05/18
Cable HDMI 10 metros,95,,2025/02/25
Cable HDMI 10 metros,180,,2025/06/10
Cable HDMI 20 metros,195,,2023/08/29
Cable HDMI 5 metros,90,,2025/06/10
Cable HDMI 5MTS,120,,2025/08/27
Cable HDMI de 10 metros,180,,2025/06/05
Cable LAN (METRO),3,,2026/04/22
Cable LAN de internet 5Mts,25,,2024/06/26
Cable monopolar CU #10 7hilos 100 metros REVAIS Ind. Boliviana,750,Cable 100% Cobre  #10 - 7 hilos (marca REVAIS Ind. Boliviana),2022/11/11
Cable monopolar de 100M N°8 AWG 7 Hilos 100% cobre Tigre,1350,,2024/07/22
Cable monopolar de CU #10 multifilar COPLAS ind. Boliviana,470,,2022/11/11
CABLE MONOPOLAR DE CU.AWG #10-7HILOW x 100 MTR,2000,,2022/11/11
Cable monopolar N°7x10 de cobre marca Revais,1250,,2025/04/07
Cable monopolar tipo alambre #10,720,,2023/03/03
Cable multifilar Blanco 4mm2 (rollo de 100 metros),698,,2024/08/02
"CABLE MULTIFILAR DE COBRE 1,5MM",380,,2025/02/12
Cable multifilar flex 4mm azul,810,,2025/03/09
Cable multifilar Negro 2.5 mm2 (rollo de 100 metros),390,,2024/08/02
Cable multifilar Negro 4mm2 (rollo de 100 metros),698,,2024/08/02
Cable Multifilar N°18,160,Cable multifilar 1mm,2022/11/22
Cable multifilar Verde 4mm2 (rollo de 100 metros),698,,2024/08/02
Cable N° 12 - 7 Hilos (Puro Cobre),480,,2023/07/20
Cable N° 14 - 7 hilos (Puro Cobre),320,,2023/07/20
Cable N°10 de 7 hilos Tigre,690,,2023/05/08
Cable N°12 de 7 hilos,470,,2023/05/08
Cable N°12 de 7 hilos Tigre (rollo de 100 metros),720,,2024/10/07
Cable N°14 de 7 hilos,380,,2022/11/22
Cable para energía eléctrica N°12 AWG TIGRE,785,,2024/10/22
Cable pasa corriente bateria auto,160,,2023/03/15
Cable RJ11 para conexión de teléfono  Rollo 100Mts,190,,2022/12/08
Cable telefónico de 4 hilos de 100M,150,,2024/07/22
Cable Tigre No. 14,650,,2025/09/04
Cable tipo alambre 7 hilos N°12,490,,2023/02/15
Cable tipo alambre 7 hilos N°14,390,,2023/02/15
Cable tipo alambre de 7 hilos N°12,850,,2024/12/05
Cable UTP CAT 5  para internet (caja de 305mts),450,,2022/12/08
Cable UTP CAT 5E para exteriores,450,,2023/02/15
CABLE UTP CAT 6,4,,2024/10/24
Cable UTP CAT 6 ALEACIÓN CON ALUMINIO (METRO),3.5,,2024/03/20
Cable UTP CAT 6 cobre puro (caja 305mts),1850,,2026/05/18
Cable UTP CAT 6 de cobre (caja 305mts),1950,,2026/05/13
Cable UTP CAT 6 marca ASBELL cobre puro (caja de 305Mts),1850,,2024/09/18
CABLE UTP CAT 6 PARA EXTERIOR CON MENSAJERO DIMAX,1650,,2025/02/12
Cable UTP Cat 6 para exteriores,720,Cable UTP CAT 6 para exteriores,2022/11/17
Cable UTP Cat 6 para interiores,495,Cable UTP CAT6 para interiores caja de 305mts,2022/11/17
Cable UTP CAT 6 PURO COBRE (CAJA 305mts),1815,,2024/10/17
Cable UTP CAT 6 PURO COBRE (METRO),6.5,,2024/03/20
"Cable UTP CAT 6, 100% cobre, rollo de 305 metros, marca Rowland",1550,,2023/06/13
Cable UTP cat5 100% cobre 24awg para exterior,850,,2022/12/08
Cable UTP CAT5E,650,,2023/05/16
Cable UTP CAT5E para exterior con mensajero,820,,2023/05/10
Cable UTP CAT6 100% cobre (305mt),1480,,2025/03/09
Cable UTP CAT6 aleación de cobre (metro),6,,2026/01/19
Cable UTP CAT6 puro cobre (metro),11,,2026/01/19
Cable UTP CATEGORIA 6 de 305 M 100% cobre,1430,,2024/07/22
Cable UTP categoría 6 cobre puro (caja 305mts),2180,,2025/04/21
Cable VGA,28,,2023/08/29
"Cablecanal 15*10, Marca DIMAX - Industria BRASIL",10,,2023/08/22
Cablecanal 15x10,9,,2024/01/10
Cablecanal 20*10,8,,2023/11/01
Cablecanal 20*10,8,,2025/02/21
"Cablecanal 20*10mm, 2 metros",10,,2024/09/02
Cablecanal 20mm*10mm con adhesivo,10,,2024/06/17
Cablecanal 20x10 con adhesivo de 2Mts,12,,2025/07/07
Cablecanal 39x19 blanco con adhesivo de 2Mts,25,,2025/07/07
Cablecanal con adhesivo 20*10,8,,2023/03/15
Cablecanal con adhesivo 30 X 40,45,,2024/08/02
CABLECANAL DE 15X10,9,,2024/07/24
Cablecanal ranurado 60x40 mm,,,2026/02/06
Cableducto 10*10,8,,2025/05/14
Cableducto 10*10,8,,2025/05/22
Cableducto 10*10,10,,2025/06/10
Cableducto 10*20,9,,2024/10/22
Cableducto 100*50,89,,2025/05/14
Cableducto 15*10,7,,2025/09/04
Cableducto 15*25,25,,2025/02/18
Cableducto 15X10mm,8,,2024/07/09
Cableducto 15x10MMx2MTS,10,,2025/08/25
Cableducto 19*39,26,,2025/05/14
Cableducto 20*10,10,Cableducto plastico 20*10,2022/10/19
Cableducto 20*10,10,,2023/05/16
Cableducto 20*10,8,,2023/09/18
Cableducto 20*10,8,,2025/03/13
Cableducto 20*10,10,,2025/05/14
Cableducto 20*10,10,,2025/05/22
Cableducto 20*10,15,,2025/09/02
Cableducto 20*10mm,8,,2024/07/18
Cableducto 20*10mm 2mts,8,,2024/07/18
Cableducto 20mm*10mm PVC con adhesivo de 2 mts,18,,2023/09/20
Cableducto 20x10,14,,2023/06/09
Cableducto 20x10mm X 2 mts,8,,2024/03/05
Cableducto 25*25,16,,2023/05/08
Cableducto 25x25mm x 2mts,25,,2026/02/03
Cableducto 30*12 de 2mts,32,,2025/02/25
Cableducto 40*16,28,,2023/09/18
Cableducto 60*40,65,,2025/05/14
Cableducto con adhesivo 20*10mm,10,,2024/05/28
Cableducto con adhesivo 20x10,12,,2025/09/24
Cableducto de pared 15*10mm (barra de 2 metro),8,,2026/05/13
CABLEDUCTO DE PARED 15X10,8,,2024/12/06
Cableducto de pared 15x30,20,,2025/08/21
Cableducto de pared 15x30,21,,2025/09/09
Cableducto de pared 20*10,20,,2024/10/09
CABLEDUCTO DE PARED 20X10,9,,2024/12/06
Cableducto de pared 20x10,12,,2025/08/21
Cableducto de pared 20x10,12,,2025/09/09
Cableducto de piso,45,,2025/03/13
Cableducto de piso,50,,2025/09/24
Cableducto de piso 15x50mm x 2 mts,68,,2026/02/03
Cableducto de piso con adhesivo 50*15mm,35,,2024/05/28
Cableducto de Piso de 50x15x2000 mm con Adhesivo,80,,2026/03/09
Cableducto de piso media luna 50*15 marca DYP (Chile),35,,2023/04/24
Cableducto para pared 60 x 20 mm alto 2 metros,28,,2023/04/11
Cableducto para piso 15*20 mm alto 2 metros,35,,2023/04/11
Cableducto simple 20*10,8,,2023/07/28
Cableductos 20*10,8,,2023/02/01
Cableductos de pared 20*10,8,,2023/10/03
Cableductos de piso 25*15,40,,2024/06/26
Cableductos de piso 50*15,45,,2023/10/03
Caja 15x15,35,,2026/01/21
Caja Arrancadores de 40W marca Philips (25 unidades),105,,2023/04/25
Caja circular p/distribución con tapa,3,,2022/11/11
"Caja de Cinta doble contacto de esponja 25Y largo , 12 mm de ancho (72pzas)",4680,,2024/07/05
Caja de distribucion 30*20,40,,2023/05/12
Caja de distribución 10*10,18,,2023/05/12
Caja de distribución 20x20,45,,2026/04/30
Caja de termino T4,23,,2024/02/19
Caja de tubo fluorescente de 40W T12 marca Philips (25 unidades),360,,2023/04/25
Caja estanca 10*10,18,,2023/05/16
Caja octagonal,,,2026/04/30
Caja para placa sobrepuesto,10,,2025/04/08
Caja para térmico sobrepuesto T2,28,,2023/11/01
Caja para térmico T8 (4 termicos bipolares),60,,2023/05/11
Caja plastica sobrepuesta rectangular (Bolivia),10,,2023/04/24
Caja PVC sobrepuesta,15,,2024/09/10
Caja PVC sobrepuesta universal,15,,2024/12/02
Caja rectangular,2,,2024/02/19
Caja rectangular empotrable para placa electrica,3,Caja plástica empotrable para placas electricas int/toma,2022/11/11
Caja rectangular para tomacorrientes sobrepuesta,10,Caja rectangular sobrepuesta para placa electrica,2022/11/11
CAJA RECTANGULAR SOBREPUESTA,10,,2024/01/17
Caja redonda,2,,2024/02/19
Caja redonda,1,,2026/04/30
Caja sobrepuesta,10,,2023/12/14
Caja sobrepuesta,12,,2024/08/02
Caja sobrepuesta,10,,2025/03/09
"Caja sobrepuesta 15X15X7, IP65",50,,2024/07/09
Caja sobrepuesta 20x20 para exterior con protección IP,65,,2025/07/30
Caja sobrepuesta para placa eléctrica,10,,2023/03/15
Caja sobrepuesta para placa eléctrica,10,,2024/06/18
Caja sobrepuesta rectangular,12,,2024/08/02
Caja T12 para 6 térmicos bipolares,120,,2026/01/21
Caja T8 para 4 térmicos bipolares,85,,2026/01/21
Caja termica para un térmico bipolar,20,,2023/04/25
CAJA TERMICO T-2,17,,2024/12/06
Caja térmica bipolar,35,,2023/09/29
Cajas De sobreponer,15,,2025/10/13
Cajas T-2 térmicos,45,,2023/10/03
Cajetines de sobreponer,10,,2024/10/22
Camara de 2mp Bala metálica (HikVision),250,,2023/05/16
Cambio de Pantallas LED,95,Cambio de Pantallas LED,2022/11/10
Candado,45,,2023/04/11
Candado,150,,2023/05/23
Candado 50mm Lion,45,,2023/01/12
Candado 70mm,70,,2024/01/10
Candado YALE,120,,2023/05/21
Canoa doble p/dos tubos LED 120cm,35,,2025/03/25
Canoa doble para tubo LED 1.2m,35,,2025/02/18
Canoa Doble para tubos LED de 120Cm de largo,25,,2022/12/08
"Canoa LED 18W 120cm con conector, marca FSL",48,,2023/05/11
Canoa para LED 1.2m,28,,2025/05/29
Canoa para tubo LED de 120cm,20,,2024/07/18
Canoa para tubo LED doble 1.2m,60,,2025/08/18
Canoa para un tubo LED de 60cm,20,,2023/11/28
Canoa simple para tubo LED,45,,2025/08/25
"Canoa simple para tubo LED 1,2m",20,,2026/01/26
Canoa/soporte para tubo LED,25,,2024/05/03
Canoas Pantallas para foco tubo Grande,28,,2026/05/08
Canoas Pantallas para foco tubo mediano,20,,2026/05/08
Capuchones para conectores,2,,2022/11/24
"Capuchón para RJ45, color a elección",2,,2024/05/28
"Carpicola de 0.9 LTR, marca RIVECOLA (frasco)",63,,2025/09/18
Carreta de estaño,135,,2024/06/18
Carrete de estaño,120,,2024/03/25
Cautin 300W Marca UYUS,360,,2025/04/16
Cavija plana,10,,2024/09/02
Cemento cola de 20Kg,35,,2023/06/09
Cepillo #4 (hoja),85,,2025/03/10
Ceramica esmaltada de 20*30,75,,2023/06/09
Chaoa de palanca,155,,2024/01/10
Chaoa de perilla,150,,2024/01/10
Chaoa de perilla YALE,150,,2023/01/12
Chaoa para puerta de aluminio,180,,2024/01/10
Chapa Alianca,165,,2023/05/23
Chapa barra 1.2 metros,55,,2022/12/22
Chapa batiente,22,,2022/12/22
Chapa blindada marca CASSINI de tres golpes,140,,2024/02/29
Chapa boton,22,,2022/12/22
Chapa Cantol Super Blindada 700,490,,2026/02/03
Chapa cuadrada,15,,2022/12/22
Chapa de 2 golpes,270,,2024/03/26
Chapa de 3 golpes,140,,2023/01/12
Chapa de escritorio,15,,2022/12/22
Chapa de gabetero metálico frontal,35,,2023/01/12
Chapa de palanca EVERLEO,155,,2023/01/12
Chapa de Perilla,,,2026/02/24
Chapa de Perilla con llave,195,,2026/03/02
Chapa de Perilla sin llave,,,2026/02/24
Chapa de puerta,145,,2022/12/08
Chapa de puerta,140,,2023/05/23
Chapa de puerta grande de seguridad marca Papaiz,1500,,2023/05/24
Chapa de puerta mediana marca Everleo,160,,2023/05/24
Chapa de puerta metalica de manivela marca Papaiz,250,,2024/06/14
Chapa de puerta metalica de Perilla marca Papaiz,195,,2024/06/14
Chapa de puerta principal marca Travex,130,,2023/05/21
"CHAPA DIGITAL CON PANTALLA DIGITAL USO DE CONTRASEÑA NUMÉRICA DE TECLADO TÁCTIL PARA SER REGISTRADO, CON TRUCO DE LA PUERTA CON TRES LLAVES DIGITALES.",3800,,2023/04/20
CHAPA DOS GOLPES,655,,2026/03/09
Chapa Electrica Marca Yale más su transformador,750,,2023/10/02
Chapa eléctrica con transformador,690,,2023/06/09
"Chapa eléctrica marca DLUX, derecha izquierda con control remoto, llave y tarjetas de proximidad",640,,2023/08/04
Chapa Forte 840,520,,2026/02/03
Chapa frontal,35,,2022/12/22
Chapa lateral,35,,2022/12/22
Chapa metálica a manija marca Barbilla Brasil,480,,2025/09/03
Chapa para escritorio melamina tipo modelo 4x4 cm D2,82,,2026/03/25
Chapa para escritorio plateado,25,,2023/01/12
Chapa para puerta de Aluminio Papaiz,295,,2023/05/21
"Chapa para puerta tipo interior de puerta, material cromado",210,,2024/03/26
Chapa para puerta tipo perilla. Material Bronce. Marca Yale,120,,2023/07/20
Chapa para puerta. Material Metálico. Tipo eléctrico con transformador. Marca Yale.,700,,2023/07/20
CHAPA PERILLA,245,,2026/03/09
Chapa rombo,20,,2022/12/22
Chapa tipo perilla,60,,2023/06/09
Chapa tipo perilla EVERLEO,65,,2024/09/02
Chapa Varilla tipo modelo empotrado para escritorio Melamina,80,,2026/03/25
Chapa ñara estante de madera frontal,35,,2023/01/12
"Chapas de embutir de 2 golpes color bronce, llave especial estriado, a manivela, marca EVERLEO de primera calidad",,,2025/07/10
Chicotillo,38,,2022/12/08
Chicotillo,36,,2023/12/18
Chicotillo 50 cm,85,,2026/03/24
Chicotillo de 60cm 1/2,70,,2026/03/09
CHICOTILLO ENGOMADO DE 40CM,58,,2026/03/09
"Chicotillo galvanizado, material acero trenzado, 40cm",45,,2024/03/26
"Chicotillo metálico de 60cm por 1/2"" COFLEX",,,2025/07/10
Chicotillo; Medida 1/2 x 1/2 x 50 cm; Conector H-M. Material Metálico. Tipo flexible.,30,,2023/07/20
Chinche de primera (caja de 1000 unidades),95,,2026/05/20
Cibta Aislante 20Y 3M,15,,2025/02/20
Cibta aislante 3M 20Y,15,,2025/04/07
Cibta Aislante 3M 20Y Negro,14,,2024/10/22
Cibta Aislante Million,20,,2025/02/25
Cinta adhesiva indistrial de tela color negro (vulcanizante),95,,2024/07/17
Cinta Aislante,14,,2022/11/23
Cinta Aislante,14,,2023/05/08
Cinta Aislante,14,"De 20 Yardas 
Marca 3M",2023/05/15
Cinta aislante,14,,2023/10/03
Cinta Aislante,15,,2025/03/14
Cinta aislante,20,,2025/09/03
Cinta aislante,12,,2025/09/04
Cinta aislante,20,,2025/10/13
Cinta aislante (paquete 10U),110,,2024/12/27
Cinta aislante 18MT 19mm Truper,20,,2026/05/20
CINTA AISLANTE 20 YARDAS,20,,2026/04/22
Cinta Aislante 20Y,14,,2024/06/18
Cinta aislante 20Y,20,,2026/05/20
Cinta aislante 20Y 3M,20,,2025/10/28
Cinta Aislante 20Y 3M,15,,2026/01/27
Cinta Aislante 20Y Million,14,Cinta aislante 20Y Million 3/4,2022/10/19
Cinta Aislante 20Y Negra,20,,2025/05/02
Cinta Aislante 3/4,12,Vinta Aislante 3/4 3M 20Y,2022/11/11
"Cinta aislante 3/4 "" 3M",14,,2024/07/22
Cinta aislante 3M,12,,2022/12/14
Cinta Aislante 3M,14,,2024/07/02
Cinta Aislante 3M,14,,2025/03/09
Cinta aislante 3M,16,,2025/05/29
Cinta aislante 3M,15,,2026/01/26
Cinta aislante 3M,17,,2026/05/21
Cinta Aislante 3M 20Y,20,,2025/05/14
Cinta Aislante 3M de 20 Yardas,,,2026/02/06
Cinta Aislante 3M de 20 Yardas,15,,2026/02/06
Cinta Aislante Blanco,,,2026/02/06
Cinta aislante blanco grande,20,,2025/08/22
"Cinta Aislante blanco, 19mm x 18metros x 0.18mm",14,,2024/05/24
Cinta Aislante de 20 Yardas,20,,2025/06/16
Cinta Aislante de 20 Yardas Mat. PVC,14,,2023/07/28
CINTA AISLANTE DE 20Y,20,,2025/05/14
CINTA AISLANTE DE 20Y PVC,14,,2023/12/08
Cinta Aislante de 20Y PVC,14,,2023/12/14
"Cinta aislante de 20Y, 3M",20,,2025/07/03
"Cinta Aislante de 20Yds 19mm, 3/4""",14,,2025/03/27
Cinta aislante grande,15,,2023/05/23
Cinta aislante grande 20Y,20,,2025/08/25
Cinta Aislante grande 3M 20Y,14,,2024/03/25
Cinta Aislante Negro,14,,2023/10/27
Cinta Aislante Negro,,,2026/02/06
Cinta aislante Truper,20,,2025/02/28
"Cinta de doble contacto de 10yardas x 48mm de ancho, espesor de 1mm MULTICINTA",,,2025/07/10
"Cinta de seguridad de PRECAUCIÓN - PROHIBIDO PASAR  ancho estandar de 7,5 - 15cm (rollo 10 mts)",150,,2026/05/13
Cinta de seguridad perimetral PROHIBIDO 100MT Truper,80,,2026/05/20
Cinta doble contacto,35,,2022/11/23
Cinta doble contacto 20metros,82,,2024/07/23
Cinta doble contacto 25yardas de espuma 12mm,85,,2024/07/17
Cinta doble contacto 5Y,20,,2026/03/09
"Cinta doble contacto de esponja 25Y largo , 12 mm de ancho",75,,2024/07/05
"Cinta doble contacto de esponja 25Y largo , 18 mm de ancho",85,,2024/07/05
"CINTA ELECTRICA AISLANTE(VINIL) 3M DE 20 YARDAS   Medidas:19mmx18,3 m     Grosor: 0,17 mm Color: Negro",14,,2023/08/31
Cinta eléctrica aislante de vinil 20Y 0.18mmx19mmx18m,15,,2023/05/10
Cinta LED (metro),18,,2026/02/18
Cinta LED 3 tiempos,22,,2026/04/16
Cinta LED cálido con puntos (carreta 100 metros),1300,,2026/02/25
Cinta Led de 220 voltios de doble fila (metro),25,,2026/05/08
Cinta LED secuencial SMART 5 metros,200,,2026/03/11
"Cinta maskin 2""",15,,2024/07/17
"Cinta maskin 2"" de ancho",22,,2024/06/26
Cinta masquin 1/2,8.1,,2023/06/09
Cinta métrica metálica 5 metros,30,,2026/03/09
Cinta neon 12V (metro),17,,2024/07/23
Cinta Neon con transformador rollo de 5metros,110,,2024/07/23
Cinta teflón,6,,2023/06/09
Cinta teflón 19mm x 0.075mm x 10 M (caja de 1200 unidades),3200,,2023/08/11
Cinta Teflón de 3/4,3.5,,2024/06/20
Cinta Termocontraible (metro),12,,2024/06/18
Cinta vulcanizante (metro),15,,2023/05/23
Clavija,12,,2023/11/01
Clavija 10Amp Tramontina,15,,2025/05/14
Clavija 15/16Amp plano,12,,2026/03/13
Clavija Brasilera 15Amp,15,,2024/09/06
Clavija de 15 Amp,7,,2023/06/07
Clavija de 15 Amp,8,,2023/11/13
Clavija eléctrica,15,,2024/11/08
Clavija eléctrica,15,,2024/11/29
Clavija en L 20A,25,,2025/10/28
Clavija engomada,5,,2024/12/02
Clavija engomada 16A,12,,2026/05/08
Clavija engomada 16A plano,10,,2026/05/08
Clavija engomada plana,10,,2025/08/14
Clavija Macho,7,,2023/05/08
Clavija marca Ultra,6,,2023/04/25
Clavija Nema,13,,2024/06/18
Clavija para extensor,8,,2023/08/29
CLAVIJA PARA PLANA   Material PVC o Plastico y Cobre   Amperaje : 15 A Voltaje : 220V Tamaño : Estandar,7,,2023/09/01
Clavija pata plana,10,,2024/09/02
Clavija plana,5,,2022/12/08
Clavija plana,7,,2023/05/05
Clavija plana,10,,2025/05/02
Clavija Plana 15A,10,,2026/02/06
Clavija Plana 15Amp,10,,2026/03/09
Clavija plana 16Amp,10,,2026/05/27
Clavija plana engomada marca Ultra (Peru),6,,2023/04/24
Clavija planas,10,,2025/08/14
Clavija Schucko,15,,2023/05/08
Clavija Shucko,17,,2024/06/26
Clavija Shucko 16Amp,15,,2025/03/27
Clavija Shucko 16Amp marca Songrui,22,,2024/08/14
Clavija Shuko 10-16Amp,15,,2023/10/27
CLAVIJA TIPO NEMA DE 15A,15,,2026/05/07
Clavija tipo Schuko,16,,2025/04/07
CLAVIJA TIPO SHUCO15-20A,18,,2026/05/07
CLAVIJA TIPO SHUKO 16 AMP IP44,45,,2026/04/22
Clavija Vision Plano 16A,6,,2022/12/08
Clavija Vision Redondo 16A,6,,2022/12/08
Clavijaa tipo codo marca Tramontina,10,,2023/08/29
Clavijas,5,,2022/11/23
Clavijas,12,,2023/05/12
Clavijas electricas,12,Clavijas electricas ind. Brasilera,2022/11/17
Clavijas macho o enchufes,7,"-voltaje:250V
-amperaje: 15A",2023/09/08
Clavijas marca Tramontina,12,,2023/09/29
CLAVIJAS PLANAS,10,,2024/12/06
Clavijas redondas,7,,2023/07/26
"Clavo 1 1/5"" (kilo)",27,,2025/03/10
"Clavo 1"" (kilo)",35,,2025/03/10
CLAVO DE 1/2 (KILO),48,,2025/10/20
"Clavo de 2"" (kilo)",18,,2024/06/20
"CLAVO DE 3/4"" BSA DE 1 KGR",35,,2025/10/14
Clavo de calamina con goma,32,,2022/12/22
Clavo para calamina (bolsa),38,,2024/08/14
Codo 3/4,2,,2024/07/09
Codo 3/4,1,,2026/04/29
"Codo 6""",65,,2023/05/12
Codos 5/8,1,,2024/02/19
Compresora SCHULZ 200L 3HP,13950,,2023/01/27
Condensador de 13 microfaradios,60,,2024/02/01
Conector de 3 tiempos para cinta,23,,2026/04/16
Conector Hembra Tipo KEYSTONE JACK/ CAT 6,24,,2024/05/28
Conector Jabalina 5/8,15,,2025/02/25
Conector LED (para cada tramo),18,,2026/02/18
Conector para cinta LED,15,,2026/05/08
Conector para Red Cat 6 RJ45,5,,2022/11/23
Conector Plug DC,5,,2023/05/16
Conector RJ-45 Cat 6 blindado metalico,295,,2026/05/12
Conector RJ11,2,,2023/05/16
Conector RJ11 (caja 10U),160,,2022/12/08
Conector RJ45,2.5,,2023/05/08
Conector RJ45  cat 5 (100U),195,,2022/12/08
Conector RJ45 CAT 6,3,,2025/04/17
Conector RJ45 CAT 6 (caja 100U),210,,2024/09/18
Conector RJ45 metálico,2.5,,2022/12/08
Conector terminal tipo zapatito,14,,2023/03/30
Conector tipo hembra rj45,,,2023/03/15
"Conector varilla a tierra de 5/8""",12,,2024/02/01
Conectores RJ45 (100U),250,,2025/03/09
Conectores RJ45 CAT 5,3,,2024/06/26
Conectores RJ45 Cat 6 (CAJA 100U),380,,2022/11/17
CONECTORES RJ45 CATEGORÍA 6,210,,2024/10/24
Conmutador simple,,,2026/02/06
Conos viales 95cm,170,,2023/04/06
Conta Aislante 3M 20Y,19,,2024/09/13
Contactor,160,,2023/11/22
Contactor 32Amp CAMSCO,220,,2025/02/06
Conversor de DVI a HDMI,60,,2022/11/23
Conversor Display Port a HDMI,80,,2022/11/23
Conversor RS 232 a USB,185,,2025/04/17
Cordon bipolar blanco #2X16 (rollo de 100 metros) marca Tigre,590,,2024/07/09
Cordón #20 audio bipolar,260,,2023/11/24
"Cordón bipolar #16, cobre puro, marca Tigre",460,,2023/07/28
Cordón N°10 (rollo de 100 metros),3378,,2025/05/29
Cordón N°12 (rollo de 100 metros),2430,,2025/05/29
Corta pico UYUSTOOLS,75,,2022/11/23
Cortador de tubos de PVC,88,,2025/03/10
Cortador tubo de aluminio,85,,2025/03/10
Cortapico,45,,2023/05/08
Cortapico,75,,2024/07/18
Cortapico,90,,2024/07/18
Cortapico 3mts,95,,2025/11/28
Cortapico 6 entradas nema universal 1 metro,65,,2025/11/28
Cortapico 6 puertos,39,,2024/01/10
Cortapico 6 salidas Forza,75,,2024/10/09
"Cortapico 6 tomacorrientes, 2200W, 220V",70,,2024/09/02
Cortapico 6 tomas,65,,2025/09/18
Cortapico 6 tomas con cable de 3 metros,95,,2026/03/09
Cortapico 6 tomas FORZA,65,,2025/03/14
"Cortapico cap 220W, V110/220 tipo entrada Nema 5-15P Tipo de salida: 6xNEMA Universal, Indicador Visual: interruptor de conexión con luz",40,,2023/05/10
"Cortapico de 10 Amperios, Marca FORZA",36,,2023/05/24
Cortapico de 1m cap 2200W V110/220 tipo de entrada nema 5-15P tipo salida 6 x nema universal 5-15R indicador visual: interruptor de conexión con luz,65,,2023/09/20
"Cortapico de 250V, capacidad 2300W, 10A de 3 metros",77,,2023/05/12
Cortapico de 3 metros,82,,2024/04/25
Cortapico de 3 metros,120,,2025/02/20
Cortapico de 3 Mt CAP 2200W V110/220V Tipo de entrada nema 5-15P Tipo salida: 6 X nema universal 5-15R Indicador visual: Interruptor de conexión con luz.,95,,2023/07/20
Cortapico de 5 tomas Forza,50,,2025/03/27
Cortapico de 6 entradas,40,,2023/06/09
Cortapico de 6 salidas FORZA,55,,2025/04/08
Cortapico de 6 tomas,70,,2025/05/02
Cortapico de 6 tomas FORZA,90,,2026/03/16
Cortapico de 6 tomas forza de 5 mts,130,,2026/05/20
Cortapico de 6 tomas Nema,45,,2023/11/06
Cortapico FORZA,70,,2024/09/02
Cortapico Forza (90cm de  cable),40,,2023/10/12
Cortapico marca forza,45,,2023/03/15
Cortapico tomacorriente de 6 puertos,40,,2023/01/12
Cortapicos de 6 entradas,70,,2026/05/18
Cortapicos de 6 salidas,75,,2026/01/26
Csja de termico T12,95,,2024/10/22
CUBTA AISLANTE MILLION,20,,2026/05/04
Cuchilas para estilete (paquete de 10 unidades),16,,2024/05/24
Cunta Vulcanizante,95,,2024/11/27
CUNTA VULCANIZANTE TERMORETRACTIL,80,,2026/04/22
Deatellador amarillo,220,,2023/11/24
"Destapacaño 7,5",150,,2025/03/10
Destellador rollo,210,,2023/03/15
Destornillador de 41 cambios,120,,2023/11/01
Destornillador de precisión juego de 6 unidades,1,,2023/11/01
Detector de energía electrica (UNI-T),152,,2023/09/20
DETECTOR DE ENERGÍA ELÉCTRICA (UNI-T),95,,2023/07/20
Detector de tension (busca polo),70,,2024/07/04
"Diaco de corte de 9"" para fierro",35,,2024/07/04
Dicroico LED 5W,17,,2023/03/03
Dicroico LED de 6W,18,,2024/07/24
Dicroicos LED,18,,2024/06/12
"Disco de copa de 4""",32,,2024/07/04
"Disco de corte 7""",20,,2023/05/21
"Disco de Corte de 7""",30,,2023/05/23
"Disco de corte de 7"" para fierro",28,,2024/07/04
"Disco de corte galleta 4 1/2""",10,,2024/06/20
"Disco de corte madera de 7""",50,,2024/07/04
Disco de corte N° 5 para madera,25,,2023/04/11
Disco de corte para metal marca Norton de 9' pulgadas,30,,2023/09/19
"Disco para concreto de 7""",50,,2024/07/04
Distanciometro digital de 100 metros TRUPER,1550,,2024/07/19
Distanciometro digital de 80 metros WOKIN,1450,,2024/07/19
DISTANCIOMETRO LACER DE 80 METROS CON CARGADOR (MAKITA),2950,,2023/07/20
Driver 18-24W,25,,2022/11/23
Driver 18W,25,,2026/04/16
Driver 24W,35,,2026/04/16
Driver 48W,55,,2022/11/23
Driver 48W,65,,2026/04/16
Driver de 12W,18,,2024/09/02
Driver de 24W,25,,2024/09/02
Driver de LED 24W 220V,30,,2025/05/26
Driver LED 24W,50,,2025/10/30
Driver para LED 24W,25,,2025/03/09
Driver para LED 60W,68,,2025/03/09
Driver para panel LED 60W,60,,2023/03/15
Driver para panel LED 60W,80,,2025/09/18
Driver para panel LED de 48W,60,,2023/10/02
Ducha,250,,2025/09/09
Ducha eléctrica,145,,2024/07/02
Ducha eléctrica,165,,2025/03/14
Ducha ENERBRAS,250,,2025/08/21
Ducha Lorenzetti,170,,2024/08/21
Ducha lorenzetti 5500W,95,,2023/03/15
Ducha Metálica Lorenzetti con doble resistencia,470,,2024/04/25
Electrodo 2.5 (kilo),65,,2025/03/10
Electrodo 3.25 (kilo),80,,2025/03/14
Electrodo 6013 (kilo),48,,2024/07/04
Electrodo 6013 (kilogramo),75,,2024/12/09
Electrodo 6013 de 3.25mms,35,,2022/11/11
Electrodo de 2.5MM (kilo),30,,2024/06/20
Empalmador de cable,12,,2023/05/16
Enchufe 16A,5,,2023/01/12
Enchufe 16A,5,,2024/01/10
Enchufe 20A,20,Enchufe/clavija de 20A  Ind. Brasileña,2022/10/19
Enchufe 20A,25,,2023/12/01
Enchufe clavija plana,8,,2024/07/18
Enchufe Clavija Schucko engomado 16Amp,38,,2024/10/18
Enchufe de 15A tipo L,15,,2026/01/26
Enchufe de 3 salidas con toma tierra Nema,65,,2025/08/14
"Enchufe de energia, clavija macho",8,,2023/10/12
Enchufe doble ARGO negro,45,,2026/02/15
Enchufe doble de empotrar,26,,2024/07/18
Enchufe doble de pared marca Mr Three,32,,2024/03/05
Enchufe doble en placa,45,,2025/08/11
Enchufe eléctrico de 4 tomas,20,Enchufe eléctrico de 4 tomacorrientes,2022/10/19
Enchufe hembra,12,,2024/07/17
Enchufe macho,10,,2024/07/17
Enchufe macho plano,9,,2025/03/14
"Enchufe placa doble, Mr Three",38,,2024/08/21
Enchufe plano,10,,2025/09/30
Enchufe regleta de 3 salidas con tierra tipo Nema,65,,2025/08/14
Enchufe Shucko con placa tomacorriente,48,,2023/07/28
Enchufe simple 16Amp,24,,2023/10/26
Enchufe simple en placa,35,,2025/08/11
Enchufe sobrepuesto,18,,2023/07/28
ENCHUFE SOBREPUESTO DE 4 TOMAS 25A,120,,2026/05/04
Enchufe sobrepuesto NEMA color crema 20Amp,45,,2024/09/02
Enchufe tipo L,20,,2024/01/10
Enchufe tipo L 10A,8,,2023/01/12
Enchufe tipo shucko,15,,2025/02/20
Enchufe tipo Shucko,30,,2026/01/27
Enchufe tipo shuko,15,,2024/04/25
Enchufe/clavija 16A,10,,2025/02/18
Enchufes de ISA tipo L,12,,2025/05/29
Engrapadora para madera neumática TRUPER,780,,2023/01/27
Escalera plegable 5 escalones reforzada,1200,,2026/02/03
Escalera plegable de 4 peldaños,860,,2025/06/16
Escalera Plegable de 5 escalones,650,,2025/02/25
"Escuadra Falsa de 8"" mango plástico",45,,2024/06/20
"Espatula 3""",15,,2022/11/11
"Estabilizador 1000VA, 220v, 4 entradas nema universal, indicador visual luz LED de estado, 2 conectores USB",215,,2024/06/18
ESTABILIZADOR 1200VA,350,,2025/05/14
Estabilizador 2200VA Nema,,,2026/02/06
Estabilizador de 1200VA,490,,2025/07/24
Estabilizador de corriente,280,,2024/07/18
"Estabilizador de corriente 1000VA/500W, entrada tipo Nema, 220V",185,,2024/05/27
Estabilizador de corriente de 1200VA,490,,2025/07/28
Estabilizador de corriente FORZA 1200VA,265,,2024/07/18
Estaño en pasta,1,,2023/11/01
Estaño para soldar,1,,2023/11/01
Estilete de plástico,3,,2024/06/26
Estilete reforzado,27,,2024/05/24
Estilete reforzado con 5 hojas incorporados TRUPER,,,2025/07/10
Estuco (fanega),25,,2023/06/09
Extensible tipo carrete 50m,,,2023/03/15
Extension de cable industrial 10 metros 20A,215,,2023/11/01
Extensión eléctrica vulcanizado de 5mts 3 tomas amarillo,48,,2025/03/27
Extensor de corriente,55,,2024/11/14
Extensor de corriente de 10 metros,120,,2024/12/04
"Extensor de tomacorriente 4 tomas nema, c/tierra, 2.5mm, 5 metros",180,,2025/04/17
Extensor Universal de corriente de 5 metros,70,,2024/12/04
Extensor universal de corriente de 5 metros 220V ULTRA,3,,2024/03/05
Extractor de aire 20*20,480,,2025/09/02
Extractor ventilador de aire 40 X 40,250,,2024/07/18
Fco LED luz blanca 20W,32,,2025/08/18
Flexometro 10 UYUSTOOLS,160,,2026/06/02
Flexometro 5 metros,15,,2023/11/01
"Fluxometro metálico cromado, con temporizador de 1/2 industria argentina FV",,,2025/07/10
Foco 30W,40,,2023/03/15
"Foco 60W, 220V, rosca normal E27",2.3,,2023/07/28
Foco ahorrador 85W espiral luz blanca,30,,2023/03/15
Foco ahorrador LED,13,"Led de 9W 
Marca FSL o similar",2023/05/15
Foco ahorrador LED luz blanca 30W,40,,2025/02/20
Foco ahorrador LED luz blanca 30W,45,,2026/01/27
Foco ahorrador Negro UV 40W rosca normal E27,60,,2024/07/11
Foco botella para enroscar E27 de 18W,22,,2024/03/05
Foco botellón de 18W,25,,2023/05/23
Foco botellón de 28W,35,,2023/05/23
Foco botellón de 28W,35,,2023/06/30
Foco botellón de 48W luz blanca,40,,2023/11/13
Foco color amarillo de 100W 220V,4,Foco amarillo 100W 220-240V,2022/11/11
Foco de 22W,28,,2024/01/10
FOCO DE 22W,28,,2024/07/24
Foco de 26W,35,,2026/05/18
FOCO DE 9W,12,,2024/07/24
Foco Dicroico LED 5W GU10,28,,2024/09/13
Foco dicroico LED calido,22,,2025/05/14
"Foco Dicroico LED GU10, luz cálida, potencia 8W",20,,2023/12/18
Foco Dicroico LED MR16 en pin 8W,28,,2024/09/13
Foco empotrables,35,,2025/06/01
Foco fluorescente,95,"De 2 luminarias cada uno de 40W con reactancia y pantalla
Marca DYD",2023/05/15
Foco Fluorescente 26W 2U,35,,2026/04/13
Foco incandescente LED de 6W,35,,2023/08/29
Foco LED 10W,12,,2025/01/09
Foco LED 10W,13,,2025/05/29
Foco LED 10w,15,,2025/08/21
Foco LED 10W,12,,2026/02/06
Foco LED 10W - 100W,15,,2025/09/09
Foco LED 10W E27,15,,2025/02/18
Foco LED 10W luz blanca,15,,2024/08/21
Foco LED 10W luz cálida,14,,2025/09/08
Foco LED 12W,18,,2026/05/08
Foco LED 12W,19,,2026/05/21
Foco LED 13W,18,,2022/11/23
Foco LED 13W,18,,2023/06/30
Foco LED 13W,18,,2023/10/26
Foco LED 13W,22,,2024/08/29
Foco LED 13W,22,,2024/10/09
Foco LED 13W,22,,2024/11/29
Foco LED 13W,21,,2025/03/14
Foco LED 15W 220V,20,,2024/09/02
"Foco LED 15W, tipo bombilla, luz blanca",18,,2023/11/06
Foco LED 18 W tipo bombilla,22,,2024/10/08
Foco LED 18W,23,,2025/04/08
Foco LED 18W,23,,2025/05/29
Foco LED 18W luz cálida equivalente a 150W,35,,2023/05/10
FOCO LED 18W TIPO BOTELLON ROSCA E27 LUZ BLANCA,25,,2023/08/31
"Foco LED 18W, tipo bombilla, rosca universal E27, luz blanca, 100-240V, luz blanca",19,,2024/04/10
Foco LED 20W,25,,2024/07/18
Foco LED 20W,28,,2025/05/29
Foco LED 20W,28,,2025/08/14
Foco LED 20W,28,,2025/08/14
Foco LED 20W,28,,2025/09/30
Foco LED 20W,25,,2026/05/05
Foco LED 20W - 150W,25,,2025/08/21
Foco LED 20W - 150W,25,,2025/09/09
Foco LED 20W rosca E27,25,,2025/02/18
Foco LED 22W luz blanca,30,,2025/11/28
Foco LED 22W luz cálida,30,,2025/11/28
Foco led 22W tipo bombilla,34,,2023/03/15
Foco LED 25W,30,,2025/05/02
Foco LED 30W,35,,2025/08/27
Foco LED 30W,35,,2026/02/06
Foco LED 30W,35,,2026/05/08
Foco LED 30W luz blanca,45,,2025/11/12
Foco LED 30W luz cálida,40,,2025/02/20
Foco LED 30W luz cálida,45,,2026/01/27
Foco LED 36w,40,,2024/06/17
Foco LED 40W tipo botellón,45,,2024/08/21
Foco LED 50W,75,,2024/08/14
Foco LED 50W,55,,2026/05/08
Foco LED 5W luz cálida,10,,2025/09/08
Foco LED 60W,85,,2025/07/28
Foco LED 70W tipo plafón,145,,2026/05/08
Foco LED 9W,15,Foco LED bombilla 9W luz blanca 6500K,2022/10/18
Foco LED 9W,15,Foco LED bombilla 13W luz blanca 6500K,2022/10/18
Foco LED 9W,13,,2025/05/29
Foco LED 9W luz blanca,12,,2023/01/12
Foco LED a rosca 15W,20,,2024/09/02
Foco LED botellon 40W,55,,2024/09/13
Foco LED botellon de 18W,30,,2024/09/13
Foco LED botellón 50W,65,,2022/11/23
Foco LED botellón de 18W,25,,2023/06/30
FOCO LED CON SENSOR DE MOVIMIENTO DE 12W,45,,2023/09/22
Foco LED de 12W,13,,2023/07/28
Foco LED de 13W,22,,2024/11/08
Foco LED de 15W luz blanca,20,,2023/10/27
Foco LED de 15WATT,25,,2024/11/14
Foco LED de 22W,30,,2023/10/05
Foco LED de 25W,27,,2023/06/09
FOCO LED DE 26W   Entrada: 220V-50/60Hz,32,,2023/08/31
Foco LED de 30W,35,,2024/07/02
Foco LED de 30W,35,,2025/04/08
Foco LED de 60W tipo botellón,75,,2023/06/30
Foco LED de 7W,10,,2023/07/28
Foco LED de 9W,14,,2023/09/29
Foco LED dicroico GU10 BL,25,,2024/09/19
FOCO LED E-27 22W LUZ BLANCA,42,,2023/07/20
FOCO LED E-27 22W LUZ CÁLIDA,42,,2023/07/20
Foco LED E-27 22W luz cálida,40,,2023/09/20
Foco LED E14 luz blanca,25,,2025/11/28
Foco LED E14 luz cálida de filamento,25,,2025/11/28
Foco LED Luz Blanca,,,2024/08/21
Foco LED luz blanca 15W,22,,2025/08/18
Foco LED luz blanca de 15W 220V,20,,2023/07/28
Foco LED Phelix 18W luz blanca,22,,2023/03/03
Foco LED redonde 22W,32,,2023/02/15
Foco LED rosca E27,12,,2025/05/24
Foco LED tipo bala 26W,27,,2023/03/15
Foco LED tipo bombilla 12W luz blanca,15,,2023/10/12
Foco LED tipo Bombilla de 12W,12,,2023/05/24
Foco LED tipo bombilla de 13W Marca FSL,14.1,,2023/05/24
Foco led tipo bombilla luz blanca,12,,2023/03/15
Foco LED tipo botellón 40W,55,,2024/10/09
Foco LED tipo Botellón 50W LUXON,65,,2026/03/13
"Foco LED tipo botellón de 50W, 220V, luz blanca",65,,2024/06/26
Foco LED tipo Vintage,65,,2026/03/09
"Foco LED, TIPO PANEL, COLOR BLANCO, TENSION 220V 18W, REDONDO",60,,2024/09/02
"Foco LED, TIPO PANEL, COLOR BLANCO, TENSION 220V 24W, REDONDO",80,,2024/09/02
"Foco LED, TIPO PANEL, COLOR BLANCO, TENSION 220V 36W, REDONDO",140,,2024/09/02
"Foco LED, TIPO PANEL, COLOR BLANCO, TENSION 36W, TOPO TORTA 3 TIEMPOS",180,,2024/09/02
Foco panel LED 24W sobrepuesto,85,,2024/12/02
Foco Panel LED redondo 24W,65,,2023/12/01
Foco panel LED redondo 24W,85,,2024/11/08
Foco panel LED redondo 24W,85,,2024/11/29
Foco panel LED redondo 24W,85,,2025/05/29
Foco panel LED redondo de 24W,65,,2023/06/30
Foco para laringoscopio,65,,2024/06/18
Foco PL 26W,28,,2022/11/23
Foco PL 26W luz cálida,40,,2023/05/10
Foco recargable,165,,2025/06/01
Foco rosca LED 10w,12,,2026/01/26
Foco rosca LED 20w,22,,2026/01/26
FOCO SENSOR DE MOVIMIENTO DE 360°,80,,2023/09/22
Foco tipo botellon 28W,32,,2023/08/29
Foco tipo LED 22W,34,,2023/08/29
Foco tipo LED de 38 Watts,45,,2023/07/28
Foco tipo UFO 50W luz cálida,80,,2026/06/02
Foco tipo vela rosca nomal 40W 220V marca Moganshan(PRC),7,,2023/04/24
Foco Transparente LED 24W luz blanca,150,,2024/07/08
Foco ULIX LED 36W,38,,2022/12/08
Foco vela E12 Luz cálida LED,28,,2025/11/28
Foco vela incandescente E12 Luz cálida,15,,2025/11/28
Foco vela LED rosca E14,25,,2026/05/27
FOCOS AHORRADORES DE 12W,15,,2026/05/04
FOCOS DICROICOS LED DE 8 W.,20,,2023/08/31
FOCOS E-12 LED FILAMENTO VELA 7 W,20,,2023/07/20
Focos E-12 LED filamento vela 8W,25,,2023/09/20
"FOCOS LED 120 X 0,30 SOBREPUESTO BLANCAS",240,,2023/07/20
FOCOS LED 18W-150,20,,2024/12/06
Focos LED 22W redondos,31,Focos LED de 22W marca R-LED,2022/11/17
"Focos LED ampolla de 9W, luz blanca",10,,2024/06/20
"Focos LED botellón de 40W, luz blanca",38,,2024/06/20
Focos LED de 10W,15,,2025/07/28
Focos led de 12W,17,,2023/10/03
FOCOS LED DE 13 WTTS X 220 VOLT L/B,25,,2025/11/28
Focos LED de 15W,24,,2025/07/28
Focos LED de 18W,28,,2023/10/03
Focos LED de 50W IP:66 (colores),150,,2023/09/20
Focos LED de 7W para empotrar,30,,2023/06/09
"Focos LED, ahorradores de 25Watts, Luz Blanca, Bombilla, Marca Fideli",27,,2023/08/29
"Focos LED: Ahorradores de 25 Watts, Luz blanca, Bombilla, Marca Fideli",27,,2023/08/29
FOTOCELULAS P/LUMINARIA,75,,2024/12/06
FOTOCELULAS UNIVERSALES,75,,2024/12/06
Fotocélula electrónica MG,80,,2024/08/22
Fuente de 12V generico,80,,2025/02/28
Fuente de pantalla LED de 60W,65,,2023/11/01
Gabinete de 9U,720,,2023/05/12
Gafas de protección,35,,2024/06/26
Gargador de bateria recargable para bateria de 9V,165,,2024/05/24
Gata hidráulica de 5 toneladas,250,,2023/09/19
Grapa con clavo 8mm marca Arpasini,18,,2024/08/14
Grapa de 1' pulgada Marca Kawaguchi (Japón),15,,2023/04/24
Grapa para fijacion de Cables de 7 mm Redondo (bolsa 100U),20,,2026/05/13
GRAPA PARA TAPIZAR DE 1/2 CJA DE 1000 UNID,35,,2025/10/14
GRAPAS DE ACERO MED 8X11.3X0.7MM (1000PZA),65,,2025/10/20
"Grapas de pared 3/4"" (caja 100U)",18,,2026/05/08
Grapas lara cable (caja),15,,2023/10/27
Grapas sujeta vable color negro con clavo (bolsa 50U),17,,2024/10/11
Grifo,60,,2023/01/12
Grifo de 3/4,50,,2022/12/08
Grifo de lavamano,120,,2024/08/05
Grifo de lavamanos,90,,2023/06/09
Grifo de lavamanos,160,,2023/10/05
Grifo de Lavamanos Habitad,155,,2022/12/22
Grifo de Lavaplato con cuello de cisne de acero inoxidable,135,,2022/12/08
Grifo de lavaplatos con cuello de cisne de acero inoxidable,135,,2022/12/08
Grifo de lavaplatos cuello de cisne FV,140,,2024/07/05
Grifo de Lavaplatos Habitad,150,,2022/12/22
Grifo de urinario,210,,2024/01/10
Grifo eléctrico metálico Lorenzetti,1400,,2025/08/08
Grifo eléctrico plástico Lorenzetti,650,,2025/08/08
Grifo final Bronce,49,,2022/12/22
Grifo FV,250,,2025/10/04
Grifo FV tipo simple,80,,2024/09/02
"Grifo llave final para pila de 1/2""",75,,2023/06/09
Grifo para exterior,70,,2024/01/10
Grifo para lavamanos,90,,2024/08/21
Grifo para lavamanos FV,130,,2024/06/28
Grifo temporizador para Urinario,290,,2026/03/09
GRIFO TERMINALES DE PARED FV,115,,2026/03/09
Grifo; Diámetro 1/2 pulgada. Material Cromado. Tratamiento Cromado. Uso Lavaplatos.,90,,2023/07/20
"Grifos metalicos cromado para lavamanos, con temporizador de 1/2, con suspensión alto, industria argentina FV",,,2025/07/10
GRIFOS PARA LAVAMANOS,195,,2026/03/09
GRIFOS PARA LAVAPLATOS,210,,2026/03/09
Guantes de hilo (par),25,,2024/08/14
Guantes engomados,18,,2024/06/26
GUIRNALDA (CABLE EN TIRA CON SOQUET CON FOCOS) DE 10M,250,,2025/05/14
Guirnalda 10 mts,220,,2025/01/09
Guirnalda de 10 metros (con 20 soquets),260,,2025/05/24
Guirnalda de 10 metros (de 20 soquets),240,,2026/05/20
Guirnalda de 5 metros ( 10 soquets),170,,2025/09/08
Hilo de caña (rollo de 100 metros),50,,2026/05/20
Hoja de lija para fierro #100,13,,2024/08/14
Hoja de lija para metal,13,,2024/08/14
Hojas de sierra mecánica,18,,2025/03/10
Ignitor de 70 a 400W,55,,2024/02/01
Ignitor Universal 70-400W,65,Ignitor Universal 70-400W,2022/10/19
Instalación de Lampara Panel LED,150,Instalación eléctrica de Paneles LED,2022/11/09
Interruptor colgante,10,"Materila PVC
Marca Ultra, Industria Peruana",2023/05/15
Interruptor conmutador doble Argo negro,55,,2026/02/15
Interruptor conmutador simple,45,,2025/08/04
Interruptor conmutador simple ARGO negro,35,,2026/02/15
Interruptor de colgar,8,,2025/03/14
Interruptor diferencial 32A,190,,2025/02/25
Interruptor doble,20,,2024/12/27
Interruptor doble,28,,2024/12/30
Interruptor Doble,45,,2025/11/13
Interruptor doble,,,2026/02/06
Interruptor Doble Argo,45,,2026/02/15
Interruptor doble en placa,45,,2025/08/22
Interruptor doble Osmar,48,,2026/06/03
Interruptor Doble UYUSTOOLS,38,,2026/06/03
"Interruptor doble, Mr Three",38,,2024/08/21
Interruptor en placa,23,,2023/05/23
Interruptor en placa,23,,2023/12/14
Interruptor en placa,30,,2026/05/08
Interruptor en placa simple,25,,2025/07/22
Interruptor simple,25,,2024/07/02
Interruptor Simple,25,,2024/08/21
Interruptor simple,20,,2024/12/27
Interruptor Simple,28,,2025/02/18
Interruptor simple,30,,2025/05/29
Interruptor simple,35,,2025/08/04
Interruptor simple,35,,2025/10/13
Interruptor simple,35,,2025/11/13
Interruptor simple,,,2026/02/06
Interruptor Simple 10Amp blanco UYUSTOOLS,32,,2025/07/07
Interruptor simple 10Amp Mr Tree,25,,2023/10/27
Interruptor simple Beis,25,,2026/03/16
Interruptor Simple conmutador 4 vias,60,,2026/02/15
Interruptor simple de 25Amp Veto,28,,2025/03/27
Interruptor simple de pared,18,,2023/01/12
INTERRUPTOR SIMPLE DE PARED,19,,2024/07/24
Interruptor simple de pared,28,,2026/01/26
Interruptor simple empotrar SICA,35,,2026/03/09
Interruptor simple en placa,19,,2023/07/28
Interruptor simple en placa,25,,2024/10/24
Interruptor simple en placa,20,,2024/12/30
Interruptor simple en placa,35,,2025/08/11
Interruptor simple Marca Veto Vive,48,,2025/09/24
Interruptor simple Mr Three,22,,2023/10/05
Interruptor simple Mr Three color Negro Mate,32,,2024/09/10
Interruptor simple SICA,25,,2026/05/21
Interruptor simple sobrepuesto 10Amp,20,,2024/08/14
"Interruptor simple, Mr Three",25,,2024/08/21
Interruptor sobrepuesto,15,,2023/05/23
INTERRUPTOR T/PLACA DOBLE DE 10AMP,40,,2026/04/22
Interruptor termomagnetico 2*50A,50,,2023/03/15
Interruptor termomagnetico/térmico bipolar de 32,65,,2025/06/16
Interruptor termomagnetico/térmico bipolar de 40,65,,2025/06/16
Interruptor termomagnetico/térmico bipolar de 63,65,,2025/06/16
Interruptor triple en placa,35,,2024/12/30
Interruptores simples,17,,2023/10/03
Jabalina 2.4mtrs,125,,2025/11/21
"Jabalina de cobre 5/8"" x 0.60 metros",350,,2024/02/01
Jack Cat 6,25,,2026/05/18
"Jaladores de 4""",30,,2023/06/09
Japador de escritorio,10,,2022/12/22
"Juego de Alicates de 1000V, 3 piezas. Alicate universal, de corte y punta",218,,2023/09/20
"Juego de Alicates de 3 piezas ( fuerza, de corte u de pico de loro)",200,,2023/04/11
Juego de brocas de metal,,,2023/05/21
Juego de Brocas de Metal,110,,2023/05/23
"Juego de Brocas para concreto, madera y metal",120,,2026/03/27
JUEGO DE DESARMADOR (TRUPER),90,,2023/07/20
"Juego de desarmadores aislados de 1000V, 6 piezas",250,,2023/09/20
Juego de destornilladores de electrónica,260,,2025/03/13
Juego de herramientas para jardinería 3 pzas,140,,2026/03/09
Juego de tarrajas,,,2023/05/21
Juego de tarrajas,52,,2023/05/23
Juego lima de 4 unidades,1,,2023/11/01
Kilo microesferas de vidrio,60,,2023/05/21
Kit de brocas de concreto,1,,2023/11/01
"L para mueble 3""",7,,2024/01/12
Laca Internet simple OSMAR,65,,2026/06/03
Lamina de policarbonato 8mm,1250,,2024/08/21
"Lampara colgante blanco mate, con rosca normal E27 para foco",160,,2023/08/01
Lampara de emergencia LED,150,,2023/03/15
Lampara de Haluro de 250W,130,,2022/12/14
Lampara de Sodio de Alta Presión 250W,160,,2022/12/14
Lampara LED 18W,25,,2022/12/14
Lampara LED 9W,14,,2022/12/14
Lampara tipo campana negro con foco LED 9W,155,,2022/12/29
Lampara tipo LED- tubo LED de 12Watts de 60cm,18,,2023/07/28
LAMPARA TIPO SPOT ORIENTABLE COMPLETO DE 20W COLOR BLANCO,140,,2025/08/21
LAMPARA TIPO SPOT ORIENTABLE COMPLETO DE 20W COLOR BLANCO,155,,2025/09/01
"Lampara tubo fluorescente 18W, 60cm",18,,2024/09/02
LAMPARA(TUBO) FLORECENTES LED DE 20W        Modelo:LT8-20-W  ( E )                                                                                                                                       Entrada: 220vCA-50Hz                                                 Potencia: 20W,20,,2023/08/31
Lija #120 (metro),23,,2025/03/09
Lija 250 (metro),58,,2024/06/18
Lija de madera N°80 NORTON (metro),,,2025/07/10
Lija de tela N° 80 (metro),12,,2023/11/01
Lija de tela N°100,12,,2023/11/01
Lija para pared 120 (Mt),12,,2023/06/09
Linterna de minería Chalimex grande,590,,2025/10/18
Linterna de minería Chalimex mediana,495,,2025/10/18
Linterna Frontal LED,125,,2023/07/19
"Linterna LED recargable, tipo minero 80Lm",165,,2025/10/18
"Linterna LED recargable, tipo minero 90Lm",245,,2025/10/18
Linterna Recargable LED,,,2023/02/24
Llantitas de plástico para sillones,75,,2026/03/25
Llave de paso,40,,2023/01/12
Llave en cruz para automóvil,110,,2023/09/19
"Llave para amoladora de 9""",40,,2026/03/09
"Luminaria barra LED 1,20 metros",45,,2024/06/06
LUMINARIA DE CUATRO FOCOS (TIPO ARAÑA),600,,2023/07/20
Luminaria eléctrica tipo Farol para poste de 100W 220V,1550,,2024/11/26
Luminaria LED de 150W marca EVERLEO,580,,2023/10/03
Luminaria Publica 150W,1200,,2024/10/21
Luminaria publica 150W con brazo metálico,750,,2025/09/09
Luminaria publica LED de 100W IP65 220V con fotocélula,545,,2024/06/29
Luminaria publica silar recargable 150W,445,,2024/12/09
Luminaria pública 150W con brazo metálico,750,,2025/08/21
Luminaria pública con fotocelula de 150W luz blanca,950,,2025/07/10
Luminaria Pública de 100W con brazo y sensor,620,,2022/12/14
Luminaria Pública de 150W con fotocelula,650,,2023/01/12
Luminaria pública LED 50W,450,,2025/07/21
Luminarias públicas solar- recargable 150W,445,,2024/12/26
LUNINARIA LED 150W,700,,2024/12/06
Lámpara lineal LED 60W,130,,2026/05/04
Lámpara PL 26W,30,,2022/12/14
Malla preformada fin de linea N°8,12,,2024/02/01
Manilla desmagnetizadora antiestática,90,,2022/11/23
Marcador grueso indeleble permanente (azul o negro),8,,2024/06/26
Martillo 16Oz,180,,2023/11/01
Masa corrida Killen envase negro,150,,2024/06/18
Masa Plástica con catalizador brasilero (tarro),79,,2026/03/24
Masilla acrílica (Lt),45,,2023/06/09
"Maskin 2"" pulgadas",19,,2024/06/18
Membrana asfáltica,165,,2024/06/16
Metro Cable Bipolar Tigre #14,9,,2022/11/23
"Metro de cable bajo goma de cobre 2*10MM, (equivalente #8)",78,,2025/09/10
Mulitoma de 3 salidas redondo y plano,20,,2023/07/26
Multiherramienta giratoria DREMEL,2200,,2023/01/27
Máquina Industrial Recta JUKI DDL-8700,5600,,2023/02/13
Módulo interruptor,15,,2025/09/04
Módulo interruptor SICA,15,,2025/05/14
Módulo Jack RJ45 categoría 6,22,,2025/04/21
Módulo tomacorriente,15,,2025/09/04
"Niple PVC 1/2"" con rosca",5,,2023/06/09
Nylon de polietileno de baja densidad color negro (Metro),15,,2024/06/18
Pabtalla cuadra 60x60,180,,2024/01/10
Pala pequeña para arenero,70,,2026/03/09
Panel 18W sobrepuesto 20.5 cm luz blanca,55,,2026/05/12
Panel 60*60 p/empotrar,190,,2023/03/15
Panel circular de luz LED 24w,55,,2024/03/07
Panel cuadrado 60*60 p/sobreponer,180,,2023/03/02
Panel de 18W para empotrar Lentelux Brasilero,43,,2023/11/13
Panel de 18W para empotrar Lentelux Brasilero,40,,2024/06/12
Panel de 24W cuadrados,60,,2023/10/03
Panel de 24W para empotrar Lentelux Brasilero,20,,2024/06/12
Panel de sobreponer de 24W Lentelux Brasilero,55,,2024/06/12
Panel de sobreponer sin marco de 36W,87,,2023/11/13
Panel de sobreponer sin marco de 36W,70,,2024/06/12
Panel empotrable 18W luz cálida,50,,2024/11/20
Panel LED 120*30cm luz blanca sobrepuesto,325,,2026/03/24
"Panel LED 12W cuadrado, 220V, 50/60Hz, luz blanca, sobrepuesto",35,,2024/07/05
"Panel LED 12W cuadrado, 220V, 50/60Hz, luz blanca, sobrepuesto",35,,2024/07/08
Panel LED 12W para empotrar,32,,2022/12/29
Panel LED 18W,65,,2025/09/02
Panel LED 18W,85,,2025/11/13
Panel LED 18W circular de sobrepuesto luz blanca,60,,2024/10/15
Panel LED 18W luz blanca para empotrar,50,,2026/05/12
Panel LED 18W luz blanca para sobreponer,55,,2026/05/12
Panel LED 18W para empotrar,42,,2023/10/11
Panel LED 18W para empotrar luz calidad,40,,2022/12/29
Panel LED 18W redondo empotrable,55,,2026/02/06
Panel LED 18W sobrepuesto,55,,2024/12/11
Panel LED 18W sobrepuesto luz cálida,65,,2025/09/18
"Panel LED 18W, cuadrado, luz blanca, sobrepuesto",50,,2023/08/04
Panel LED 24 W empotrable,70,,2026/05/13
Panel LED 24W,65,,2024/08/29
Panel LED 24w,95,,2025/09/02
Panel LED 24W empotrable cuadrado,59,,2023/07/28
Panel LED 24w sobrepuesto,55,,2024/03/25
Panel LED 24W sobrepuesto,85,,2024/12/11
Panel LED 24W sobrepuesto,85,,2026/05/13
Panel LED 24W sobrepuesto,70,,2026/05/27
Panel LED 24W sobrepuesto luz cálida,85,,2025/09/18
Panel LED 28*28 cm 24W,65,,2025/03/09
Panel LED 30*30 para sobreponer,50,,2025/02/18
Panel LED 30x30 sobreponer,115,,2025/06/12
Panel LED 30x30 sobreponer,85,,2026/01/26
Panel LED 36W sobrepuesto,160,,2022/12/14
Panel LED 48W luz blanca para empotrar,165,,2026/05/12
Panel LED 48W luz blanca para empotrar (Estandar),150,,2026/05/12
Panel LED 60*30cm luz blanca sobrepuesto,275,,2026/03/24
Panel LED 60*60 48W p/empotrar Luz Blanca,180,,2023/03/13
Panel LED 60*60cm  sobrepuesto,220,,2026/04/06
Panel LED 60*60cm 60W luz blanca para empotrar,185,,2026/05/12
Panel LED 60*60cm empotrable,195,,2026/04/06
Panel LED 60*60cm sobrepuesto,350,,2025/07/30
Panel LED 60X60 60W,195,,2024/07/04
Panel LED 60x60 cm para empotrar luz blanca BRASILUM,270,,2025/10/27
Panel LED 60x60 de 60W sobrepuesto luz blanca,290,,2025/10/28
Panel LED 60x60 empotrable,230,,2025/04/08
Panel LED 60x60 para sobreponer,280,,2025/06/26
Panel LED 60x60 sobreponer,230,,2026/01/26
Panel LED 60x60 sobrepuesto,310,,2025/05/29
Panel LED 60x60cm,320,,2025/08/27
Panel LED circular de 36W sobrepuesto luz cálida de 23cm de diámetro,90,,2024/03/05
Panel LED circular para empotrar 18W,40,,2023/03/02
Panel LED circular para sobreponer 18W,45,,2023/03/02
Panel LED circular sin borde 18W,50,,2024/11/08
"Panel LED circular sobrepuesto de 24W, luz blanca",55,,2024/06/20
Panel LED circular son borde 24W,90,,2024/11/08
Panel LED cuadrado 24W,75,,2025/09/18
Panel LED cuadrado de sobreponer de 12 WATT,50,,2024/11/14
Panel LED cuadrado para empotrar 21.5*21.5cm de 18W Brasilian,60,,2026/03/13
Panel LED cuadrado sobrepuesto 60x60cm Mr Three,250,,2026/03/13
Panel LED de 18W de sobreponer,55,,2025/08/21
Panel LED de 24W tipo torta para sobreponer,75,,2023/10/03
"Panel LED de 24W, (28*28cm aprox)",55,,2024/06/18
Panel LED de 36W tipo torta para sobreponer,95,,2023/10/03
"Panel LED de 60*60cm, 60W, luz blanca 6500K, 165V-265V, marca LENTELUX IND. BRASILEÑA",200,,2024/01/09
PANEL LED DE 60X60 DE 220 VOLT 60 WTTS,260,,2025/11/28
Panel LED dicroico 7W,29,,2024/12/30
Panel LED empotrable 12W,35,,2024/12/30
Panel LED empotrable 24W luz cálida,60,,2024/11/20
Panel LED empotrable 7W,29,,2024/12/30
Panel LED empotrado 12W cálido,34,,2022/12/29
Panel LED empotrar 60W de 60x60cm,280,,2026/03/16
Panel LED Negro 12W sobrepuesto,65,,2026/06/08
Panel LED Negro 15W sobrepuesto,75,,2026/06/08
"Panel LED redonde 18W, 220V, 50/60Hz",60,,2024/09/02
Panel LED redondo 24W,75,,2025/09/18
"Panel LED redondo de 24W, luz blanca, para sobreponer",60,,2023/05/19
"Panel LED redondo empotrable de 18W, luz blanca",45,,2023/10/12
"Panel LED redondo para empotrar, luz cálida, de 12W",34,,2023/08/01
Panel LED Slim 30x60cm,230,,2025/08/27
Panel LED sobrepuesto 12 W,38,,2024/12/30
Panel LED sobrepuesto 120*60cm,350,,2024/08/21
Panel LED sobrepuesto 12W,45,,2025/08/11
Panel LED sobrepuesto 18W,55,,2024/11/19
Panel LED sobrepuesto 18W,60,,2025/08/11
Panel LED sobrepuesto 24W,55,,2022/11/07
"Panel LED sobrepuesto 60*60, 60W, luz blanca",160,,2024/06/04
Panel LED tipo torta sobrepuesto 36W redondo,185,,2025/08/21
"Panel LED, 18 Watts",85,,2025/11/27
"Panel LED, 24 Watts",105,,2025/11/27
Panel para sobreponer de 18W Lentelux Brasilero,45,,2023/11/13
Panel sobreponer de 18W Lentelux Brasilero de 26W,40,,2024/06/12
Panel sobrepuesto redondo blanco marca Mr Three,85,,2025/09/24
Paneles LED 60x60 48W,185,,2022/12/29
Paneles LED de 60x60,250,,2023/05/23
"Paneles LED rectangular s/p marco metálico inoxidable 1.20x0.30 M. de 72W Luz cálida/blanca, driver metálico",240,,2023/09/20
Paneles LED tipo torta,78,,2025/06/01
"Pantalla 20*20cm, sobrepuesto, marca G-Land",41,,2023/05/24
"Pantalla 60x60cm, sobrepuesto, Marca Mr. Tree, Industria Brasileña",160,,2023/05/24
Pantalla con rejilla 4*20 para tubo LED suelta,140,,2024/08/19
PANTALLA CUADRA DE 30X30 LUZ BLANCA,58,,2024/07/24
PANTALLA CUADRA DE 60X60 LUZ BLANCA,190,,2024/07/24
Pantalla cuadrada 24W,85,,2024/09/19
Pantalla cuadrada 24W,105,,2025/11/13
"Pantalla cuadrada 60*60, 60W",230,,2024/09/19
Pantalla incorporada de doble fila Luz blanca,90,,2026/03/16
Pantalla LED 24W sobrepuesto,100,,2023/02/01
Pantalla LED 60*60 empotrable,190,,2023/03/15
Pantalla LED 60*60 para sobreponer,260,,2025/02/18
"Pantalla LED 60W de 60*60cm cuadrada, luz blanca",195,,2023/10/27
Pantalla LED cuadrada 30*30 24W sobrepuesto,57,,2023/01/12
Pantalla LED cuadrada 60*60,195,,2023/01/12
"Pantalla LED cuadrada 60*60 - 48W Blanca, Marca LENTELUX - INDUSTRIA BRASIL",192,,2023/08/22
Pantalla LED de 24W,65,,2023/06/09
Pantalla LED de 40W,120,,2023/06/09
Pantalla LED empotrable 18W,45,,2023/03/15
Pantalla LED pequeño 30cm,35,,2025/04/08
Pantalla LED redonda 15cm 12W sobrepuesto,30,,2023/01/12
"Pantalla metalica empotrable 2*40 con rejilla (reactancia-ELT ESPAÑA),",150,,2023/04/24
PANTALLA REDONDA DE 18CM LUZ BLANCA PARA SOBREPONER,38,,2024/07/24
"Pantalla; dimensión 20x20 cm; material aluminio: recubrimiento acrílico; tratamiento fosfatizado; uso artefacto, tipo plafón: numero 2 tubos. Industria Brasilera",41,,2023/11/21
"Pantalla; dimensión 30x30 cm; material aluminio: recubrimiento acrílico; tratamiento fosfatizado; uso artefacto, tipo plafón: numero 2 tubos. Industria Brasilera",48,,2023/11/21
"Pantalla; dimensión 60x60 cm; material aluminio: recubrimiento acrílico; tratamiento fosfatizado; uso artefacto, tipo plafón: numero 2 tubos. Industria Brasilera",160,,2023/11/21
Pantallas 60*60 de sobreponer,26,,2024/09/18
Pantallas Led 24w cuadrada,85,,2025/10/13
Pantallas Led 60w (30x120cm),250,,2025/10/13
Pantallas Led 60w (60x60cm),280,,2025/10/13
Pantalma cuadrada 30x30cm,55,,2024/01/10
Paquete cinta aislante 3M (10 unidades),145,,2026/04/30
"Par Botas punta de Acero Bata, y/o workfade",,,2023/02/24
Par de guante de cuero para trabajos de electricidad,65,,2026/03/09
Par de guantes de cuero de trabajo (primera),35,,2023/03/30
Par de socalos aereos para instalación de tubos,8,,2023/04/25
Par de socalos fijos para instalación de focos,12,,2023/04/25
Pasacable de 10 metros,75,,2025/05/02
Pasta para soldar,1,,2023/11/01
Pasta termica MX4 (de primera),170,,2026/05/08
Patchcord 3 metros CAT 6,38,,2025/04/21
Patchcord de 0.5 metros CAT6,18,,2025/04/21
Pegamento La gotita,10,,2024/05/24
Pegamento para PVC,30,,2024/08/21
Pegamento PVC (Lt),65,,2023/06/09
Pelacable,170,,2022/12/14
Perfil costanera estructura metálico largo 70mm x 35mm de largo 3mts,20,,2023/04/11
Perfil de Aluminio (barra de 3 metros),68,,2026/02/18
Perfil de aluminio esquinero,70,,2026/04/16
"Perfil de Aluminio para cinta LED, barra de 3 metro, 15*10MM",68,,2026/03/16
"Perfil de Aluminio para cinta LED, barra de 3 metro, 20*10MM EMPOTRABLE",68,,2026/03/16
"Perfil de Aluminio para cinta LED, Empotrable de 3 metros",68,,2026/03/11
"Perfil de aluminio, material aluminio, barra de 2M, color bronce, perfil de canto",30,,2024/03/26
Perfil montante estructura metálico 69mm x 35mm de margo 3mts,20,,2023/04/11
"Perno 1/4 x 2"" (150 unidades)",230,,2024/12/09
"Perno carrocero 1"" (caja 100U)",110,,2025/03/10
"Perno hexagonal de 5/16"" x 1/2""",1.3,,2024/06/20
"Perno rosca entera de 2 1/2""",2,,2024/06/20
Perno y tuerca diametro 1/4  y lardo media pulgada,0.6,,2022/12/22
Picaporte 1/4 Dorado,10,,2022/12/22
Picaporte 10cm,20,,2023/06/09
"Picaporte 3""",20,,2024/01/12
Picaporte Colonial,32,,2022/12/22
Picaporte cromado pequeño,18,,2022/12/22
"Picaporte, medida 1.1/2, color dorado",12,,2024/03/26
Pila AA recargable con cable USB,32,,2026/05/13
Pila AAA recargable (paquete 4 pilas con cargador doble),185,,2026/01/27
Pila alcalina AA,12,,2025/04/07
Pila Alcalina AAA DURACELL,12,,2026/03/09
Pila CR2430,9,,2025/04/07
Pila recargable AAA,41,,2024/06/18
PILAS DOBLE (AA) (DURACELL),9,,2023/07/20
Pintura acrílica,590,,2023/06/09
Pintura al aceite color rojo 18 litros (balde),790,,2024/09/02
Pintura al aceite mate c/negro 5.3 (galón),180,,2023/06/09
Pintura anticorrosiva color blanco (galón 3.5L),480,,2025/06/20
Pintura anticorrosiva color caoba mate/guindo (balde 18L),1580,,2025/06/20
Pintura anticorrosiva color gris (balde 18L),1490,,2025/06/20
Pintura de 18 litros,150,,2023/04/11
Pintura en aerosol color negro 400ml,25,,2024/09/02
Pintura en spray,15,,2023/10/05
Pintura engomada Sinteplast/Recuplast  (balde 18 litros),480,,2024/06/18
Pintura engomada Sinteplast/Recuplast  (balde 18 litros),490,,2024/06/18
Pintura Latex blanca (balde 18L),680,,2025/06/20
Pintura para techo Recuplast (balde 18L),1050,,2025/06/20
Pintura sintética balde 18L rojo marca Monopol,495,,2024/08/14
Pintura tradicional de 18 litros para interior,410,,2023/06/09
Pinza amperimetrica,350,,2024/07/04
"Pinza metálica para pelar cable de calibre 22, 20, 18, 16, 14, 12, 10 y 8 AWG, con mecanismo automático y tope para dimensionar la cantidad de cable",190,,2023/09/20
PISTOLA PARA SOLDAR ESTAÑO 100W (UYUSTOOLS),100,,2023/07/20
Placa Conatel Grafito euroamericano con tierra,68,,2024/08/02
Placa Conatel Interruptor Simple,48,,2024/08/02
PLACA DE DOS TOMOS SOBREPUERTA,27,,2024/07/24
Placa de Drywall de largo 2.40 Metros Ancho 1.20metros espesor 10mm,40,,2023/04/11
Placa de Internet simple UYUSTOOLS,60,,2026/06/03
Placa de pared Tomacorriente doble Nema color Grafito marca MR THREE,50,,2025/07/07
Placa de pared tomacorriente doble nema Mr Three,45,,2025/05/22
Placa doble 16Amp,25,,2023/10/26
Placa doble interruptor/tomacorriente,34,,2024/10/15
Placa doble nema,35,,2025/02/28
Placa eléctrica tomacorriente doble tipo nema,,,2023/05/05
Placa enchufe doble,40,,2025/06/10
Placa enchufe Doble con tierra,35,,2024/10/22
Placa interruptor con conmutador,45,,2026/05/21
Placa Interruptor doble,45,,2025/08/11
Placa Interruptor doble,49,,2025/08/27
Placa interruptor doble,45,,2025/11/27
Placa interruptor doble 10A,45,,2025/05/26
Placa interruptor doble color café,25,,2023/11/06
Placa interruptor doble Osmar,25,Placa interruptor doble marca Osmar,2022/11/17
Placa interruptor doble SICA,45,,2025/11/12
Placa interruptor simple,18,,2023/06/09
Placa interruptor simple,30,,2025/03/14
Placa interruptor simple,35,,2025/11/27
Placa interruptor simple 10A,35,,2025/05/26
Placa interruptor simple Osmar,18,Placa interruptor simple marca Osmar,2022/11/17
Placa interruptor simple SICA,35,,2025/11/12
Placa interruptor triple tramontina blanco,34,,2022/12/29
Placa mixta,20,,2024/12/27
Placa mixta,28,,2024/12/30
Placa mixta (toma con interruptor),45,,2025/08/04
Placa shucko,35,,2024/12/27
Placa simple interruptor/tomacorriente SICA,28,,2024/10/15
Placa sobre puesto,35,Placa tomacorriente doble marca Osmar con caja sobrepuesta plástica,2023/03/13
Placa toma 2 puertos,28,,2024/01/10
Placa toma dos puertos nema material plástico y metal 16A,45,,2025/05/26
Placa tomacorriente doble,25,Placa electrica tomacorriente doble,2022/10/19
Placa tomacorriente doble,28,,2023/06/09
Placa tomacorriente doble,40,,2025/02/18
Placa tomacorriente doble,49,,2025/08/27
Placa tomacorriente doble blanco,35,,2024/11/25
Placa tomacorriente doble de pared de Aluminio,25,,2023/01/12
"Placa tomacorriente doble de pared de aluminio, Mrca UYUSTOOLS, Industria BRASIL",25,,2023/08/22
Placa tomacorriente doble marca Mr. Tree (Brasil),30,,2023/04/24
Placa tomacorriente doble SICA,35,,2026/05/21
Placa tomacorriente doble UYUSTOOLS,38,,2026/06/03
Placa tomacorriente nema doble,35,,2023/11/06
Placa tomacorriente simple,17,Placa electrica tomacorriente simple,2022/10/19
Placa tomacorriente tipo nema doble,35,,2023/07/28
Placa tomacorriente triple UYUSTOOLS+ caja sobrepuesta,75,,2025/07/07
PLACA TOMACORRIENTES DE 2 PUERTOS,29,,2024/07/24
Placa triple /interruptor/tomacorriente SICA,39,,2024/10/15
Placa TV,29,,2024/12/30
Placas  tomacorrientes de 2 tomas,32,,2023/09/29
Placas dobles,26,,2023/04/25
"Placas interruptor de 2 tomas, Color café",35,,2023/09/29
"Placas interruptor de 3 tomas, Color café",35,,2023/09/29
Placas tomacorrientes de 3 tomas marca MR Three,35,,2023/09/29
Placas triples,35,,2023/04/25
PLAFON LED DE 24 WTTS X 220 VOLT L/B SOBRE PUESTO,85,,2025/11/28
Plafón de SPUTNIK 6 focos,780,,2026/04/25
Poliductos,12,Cableductos 20*10 de 2 metros,2022/11/23
Pomada para soldar,23,,2024/06/18
Porta silicona de metal,45,,2026/03/24
Poxipol,15,,2023/11/01
Precinto 30cm (bolsa 100U),38,,2026/03/25
Precinto plástico 100mx2.5 (bolsa 100u),16,,2023/03/15
Prenss (TIPO F) de 60 cm metálico para carpintería KAMASA,,,2025/07/10
"Puente peine monopolar p/12 polos 22 cm, 1x12",90,,2026/02/06
Puerta de vidrio templado 0.90 x 2.10 metros espesor 12mm,1500,,2023/04/11
Pula Duracell AA,9.5,,2025/02/20
Pula Duracell AAA,10,,2025/02/20
Pulsador de timbre sobrepuesto,15,,2023/01/12
Rack completo 1 via medida 15x5,65,,2023/10/03
Rack Tipo Carrete de 1 via con aisladores tipo carrete,55,,2024/02/01
Ramplu #6,0.12,,2023/05/12
Ramplu #6 (bolsa 100U),120,,2025/03/09
Ramplu #8,0.3,,2024/06/20
Ramplu 6 (500 U),110,,2026/05/18
Ramplu N°6 (100U),30,,2026/02/03
Ramplu N°6 (100U),25,,2026/03/25
Ramplu N°8(100U),35,,2026/03/25
Ramplu tsrugo mariposa Fischer (caja 25pzas),45,,2024/07/25
Reactancia de 20W 220V Marca ELT (España),20,,2023/04/24
Reactancia de 20W Philips/ELT,35,,2024/08/21
Reactancia de 40W 220V marca ELT (España),22,,2023/04/24
Reactancia para PL 26W ELT o wu equivalente,30,,2023/09/20
Reactancia para tubo fluorescente de 40W,23,,2023/05/19
Reactancia pra PL 26W ELT o su equivalente,30,,2023/05/10
Refelctor led 150W,250,,2023/03/15
Reflector con halógeno de 500W,82,,2023/10/26
Reflector de 200W,450,,2023/10/03
Reflector de 500W,80,Reflector halógeno de 500W/ negro/ con halógeno Philips,2022/10/19
Reflector industrial LED de 200W c/ojos,480,,2023/12/07
Reflector LED,300,,2025/09/04
Reflector LED 100W 220V,390,,2025/09/18
Reflector LED 150W IP66,350,,2024/11/26
Reflector LED 150W IP66 28*34CM,350,,2025/07/23
Reflector LED 200W,450,Reflector LED 200W luz blanco 6500K 220V,2022/10/18
Reflector LED 200W,450,Reflector LED 200W luz blanca 6500K,2022/10/18
Reflector LED 200W,450,,2025/08/21
Reflector LED 200W,750,,2025/09/09
Reflector LED 200W,420,,2026/05/12
Reflector LED 200W IP66 luz blanca 220V,480,,2025/09/23
"Reflector LED 200W IP66, AC220, 50/60Hz, Booniga",280,,2024/01/31
REFLECTOR LED 200W LED,280,,2024/12/06
Reflector LED 200W luz blanca 160-265V IP65/66,450,,2026/03/09
"Reflector LED 200W plano, IP66, AC220, 50/60Hz, Booniga",280,,2024/02/01
"Reflector LED 200W plomo, semi industrial, IP66 para interperie, AC220, 50/60Hz, Luz Blanca 6500K",320,,2024/02/06
Reflector LED 30 W,150,,2024/10/08
Reflector LED 30 w,95,,2026/05/08
Reflector LED 300W,680,,2023/06/30
Reflector LED 300W,520,,2025/05/29
Reflector LED 300W,850,,2025/10/21
Reflector LED 300W con ojos,890,,2026/03/30
Reflector LED 300W Industrial Luz blanca,1600,,2025/07/31
Reflector LED 30W luz blanca,95,,2025/04/08
Reflector LED 30W marca BOONIGA,95,,2024/03/25
Reflector LED 400W,600,,2022/11/21
Reflector LED 40W luz blanca,160,,2026/03/09
Reflector LED 50 w,140,,2026/05/08
"Reflector LED 500W industrial de ojos, luz Blanca 6500K, 180-265V, angulo 180°, Grado de protección IP65, maeca BOONIGA",820,,2024/02/16
Reflector LED 50W,115,,2023/01/12
Reflector LED 50w,115,,2024/01/10
Reflector LED 50W,180,,2024/10/08
Reflector LED 50W,150,,2025/03/27
Reflector LED 50W con sensor de movimiento,220,,2026/03/16
Reflector LED 50W CUBULL,180,,2026/03/13
Reflector LED 50W luz cálida,250,,2025/08/25
Reflector LED 50W marca GLAND,120,,2024/03/25
Reflector LED 600w,1850,,2022/11/29
Reflector LED 600W (de 12 ojos),1650,,2026/03/30
Reflector LED con panel solar 100W,420,,2026/04/15
Reflector LED con panel solar 150W,550,,2025/06/10
Reflector LED con panel solar 300W,580,,2026/04/15
"Reflector LED con sensor de movimiento, protección IP66 para interperie/exterior",220,,2025/01/25
Reflector LED de 100 WATT,250,,2024/11/14
Reflector LED de 100W,220,,2022/12/14
Reflector LED de 100W,240,,2024/08/14
Reflector LED de 100W 220V Marca Booniga (PRC),195,,2023/04/24
"Reflector LED de 100W luz blanca, 220V , para exterior",210,,2024/07/10
"Reflector LED de 100W, luz blanca",150,,2024/06/20
Reflector LED de 200W,270,,2024/07/23
"Reflector LED de 200W, luz blanca",230,,2024/06/20
"Reflector LED de 200W, luz blanca 6500K, AC180-265V, IP65, BOONIGA",530,,2024/01/31
Reflector LED de 300W de ojos IP66,480,,2024/07/08
Reflector LED de 400W  plano,450,,2023/09/29
Reflector LED de 400W reforzado c/ojos,850,,2023/09/29
Reflector LED de 50W,150,,2025/04/08
Reflector LED de 50W,195,,2025/06/26
Reflector LED de 50W IP67,150,,2024/07/24
"Reflector LED de 50W, luz blanca",100,,2024/06/20
"Reflector LED de 600W, luz blanca, para exterior",1950,,2025/07/10
"Reflector LED de 810W, luz blanca, para exterior",1150,,2025/07/10
Reflector LED grande,950,Marca Led X o similar,2023/05/15
Reflector LED IP 66 Luz blanca 150W,380,,2025/09/23
Reflector LED luz blanca 300W 220V,1100,,2025/09/08
Reflector LED luz blanca 400W 220V,1660,,2025/09/08
Reflector LED portatil con panel solar mediano,170,,2024/12/09
Reflector LED portatil con panel solar mediano,170,,2024/12/26
Reflector LED portatil con panel solar pequeño,140,,2024/12/09
Reflector LED portatil con panel solar pequeño,140,,2024/12/26
"Reflector Led RGB de 50W, IP 66, 4500lm, 50,000h de vida, Autovolt AC85-265V",220,,2023/08/09
Reflector LED semi industrial de 400W con ojos,650,,2023/09/29
Reflector mediano,580,"De 300W 
Marca LED X o similar",2023/05/15
Reflectores 30W luz cálida,110,,2026/05/08
Reflectores grandes de 50W,115,,2024/05/03
Reflectores LED 50W luz cálida,150,,2024/05/10
Regla metálica 30cm,1,,2023/11/01
Reglector frontal,,,2023/03/15
"Regleta 4 tomacorrientes sobreponer Amperaje: 15A Voltaje: 220V Polo: 2 conexión a tierra, Material dle cuerpo: Termoplástico",85,,2023/05/10
"Regleta 6  salidas nema universal, 2200W",39,,2024/05/28
Regleta bornera en barra 6 pares,18,,2024/03/25
REGLETA CORTA PICOS DE 6 TOMAS                                    Capacidad: 2200W                                           Voltaje: 110V/220V                                     Tipo de entrada: NEMA                                 Tipo de salida: 6 x NEMA Universal Indicador visual: Interruptor de conexión con luz,85,,2023/08/31
REGLETA CORTA PICOS DE 6 TOMAS CON CABLE DE 3 METROS                                    Capacidad: 2200W                                           Voltaje: 110V/220V                                     Tipo de entrada: NEMA                                 Tipo de salida: 6 x NEMA Universal Indicador visual: Interruptor de conexión con luz,85,,2023/08/31
Regleta de 3 tomas 16Amp,25,,2024/08/21
Regleta de 4 puertos,20,,2023/01/12
REGLETA DE 4 PUERTOS DE 16A,20,,2024/07/24
Regleta de 4 tomacorrientes,90,,2025/02/18
Regleta de 4 tomacorrientes,30,,2025/03/14
Regleta de 4 tomacorrientes,95,,2026/01/26
Regleta de 4 tomas,24,,2024/07/18
Regleta de 4 tomas,25,,2025/05/29
Regleta de 4 tomas nema,85,,2026/05/08
Regleta de 4 tomas reforzado,85,,2025/03/14
Regleta de energia 4 entradas,25,,2023/08/29
Regleta de energia eléctrica tipo plano/redondo,20,Regleta electrica para tipo plano/redondo,2022/11/17
Regleta de tres tomas,18,,2024/07/18
Regleta industrial 25Amp ULTRA,110,,2026/03/13
Regleta Shucko de 4 entradas,65,,2024/06/26
Regleta simple 1 puerto modular,22,,2024/05/28
Regleta simple 2 puerto modular,25,,2024/05/28
Regleta tipo plano redondo de 3 tomas,16,,2023/05/12
Regleta toma doble,28,,2025/05/02
Regleta toma doble ultra,15,,2023/03/15
Regleta toma nema triple marca ultra,45,,2022/12/08
Regleta toma triple,110,,2025/05/02
Regleta tomacorriente 3 salidas nema 25A,45,,2023/05/05
Regñeta industrial de 3 tomas 25Amp,75,,2025/03/27
"Remachadora 10"" boquilla intercambiable 1/8-3/16",1,,2023/11/01
Remaches 1/8,1,,2023/11/01
Remaches 3/16,1,,2023/11/01
Remaches bolsa 500U,370,,2024/01/10
Remaches de 3.5 X 19 MM (caja de 1000 unidades),120,,2024/06/20
"Remaches pop de 5mm x 1 1/2"" (340 unidades)",350,,2024/12/09
Repuesto de estilete (caja),1,,2023/11/01
Repuesto para halogeno de 400W Rudium,120,,2023/10/26
Resistencia de ducha simple Lorenzetti,25,,2024/10/08
Resistencia para ducha reforzado lorenzetti,20,,2023/03/15
Resitencia para ducha,28,Resitencia de ducha Lorenzetti,2022/11/17
Riel 2 metros negro,75,,2022/12/29
Riel para Spot de 1.5 metros,55,,2024/07/17
Riel para Spot de 2 metros,60,,2024/07/17
Riel porta teclado metal c/llantitas de 50cm,65,,2026/03/25
Riel porta teclado metal corredizo de 50cm,65,,2026/03/25
Rieles telescopicos para teclado de escritorio,,,2025/07/10
RJ45 CAT6 (CAJA DE 100U),380,,2026/05/18
Rodillo,42,,2023/06/09
Rodillo de Lana,40,,2022/11/11
Rodillo de lana de cordero de 23cm,,,2025/07/10
Rodillos de Esponja,38,,2022/11/11
Rollo (100Mts) Cable Cordón Bipolar N°12 marca Tigre (Bolivia),1200,,2023/04/24
Rollo 305mts cable UTP CAT5E con mensajero,670,,2023/05/12
Rollo alambre #12 cobre puro,1160,,2025/06/10
Rollo Cable # 14 (100mts),320,,2022/12/14
Rollo cable #2*16 cordón doble tigre,450,,2023/02/01
Rollo cable #8 de 7 hilos,1650,,2025/02/25
Rollo cable 7*10,720,,2023/03/15
Rollo cable 7*10 tigre,1300,,2025/03/14
Rollo Cable 7*12,490,,2023/03/15
Rollo cable 7*12 (rollo 100 metros),585,,2024/12/27
Rollo cable 7*14 (rollo 100 metros),385,,2024/12/27
Rollo cable 7x10 Tigre,890,,2024/03/20
Rollo cable alambre N°14 (100 metros) marca Tigre,330,,2023/04/25
Rollo cable bipolar N°10 Tigre,1300,,2023/03/02
Rollo Cable de 7 hilos N° 12 Marca Tigre-Plasmar,435,,2023/05/24
Rollo Cable engomado para exteriores 2.5mm (Eq.#14),790,,2023/02/15
Rollo cable N°12 de 7 hilos (diferentes colores),950,,2026/01/21
Rollo cable N°14 de 7 hilos (diferentes colores),850,,2026/01/21
Rollo cinta aislante 20Y marca 3M,15,,2023/04/25
Rollo cordon No 2x16,650,,2023/11/13
Rollo cordon No 2x18,310,,2023/11/13
Rollo cordón doble No 20,220,,2023/11/13
Rollo cordón doble N°20,280,,2024/06/12
Rollo cordón No 2x14,750,,2023/11/13
"Rollo cordón TL 2*22, AWG",195,,2023/06/09
Rollo de 100 Mt de cable cordón 2x10 AWG cobre TIGRE,3780,,2026/05/20
Rollo de 100mts de cable para exterior engomado 2*1.5mm,695,,2023/05/12
Rollo de cable #12 de 7 hilos,480,,2023/04/11
Rollo de cable alambre #14 (TIGRE),,,2026/04/30
"Rollo de cable electrico 7*12, puro cobre Revais (rollo de 100 metros)",680,,2025/03/14
Rollo de cable eléctrico #12,490,,2022/11/21
Rollos de cinta aislante,14,,2023/09/29
Roseta de superficie cat6 para conector RJ45 (Siemon),35,,2026/05/13
Roseta p/RJ45,15,,2025/03/09
Roseta Simple 1 puerto,19,,2025/04/21
Roseta simple de una entreda RJ45,45,,2022/12/08
Seguro puerta de baño,35,,2023/01/12
Sensor de movimiento 180°,115,,2025/09/02
Sensor de movimiento 360°,165,,2023/02/01
Sensor de movimiento 360°,75,,2024/12/30
Servicio de cambio de bateria de baño,100,,2026/04/09
"Sierra circular 1800W, 5200 RPM, disco de 7/14, marca DEWALT",2300,,2025/04/16
"Sierra circular para madera de 60 dientes de 9""",70,,2024/06/20
Sierra mecánica en hoja,29,,2026/03/09
Sifon plástico para lavamanos,70,,2024/06/03
Sifón para lavamanos,70,,2023/06/09
Silicona blanca en tubo,25,,2023/09/18
Silicona color Blanco,35,,2024/09/02
Silicona en aerosol de brillo para autos 360ml,40,,2024/08/14
Silicona estructural,120,,2024/09/02
Silicona Liquida Transparente y negro (Tubo),55,,2026/03/24
Silicona Pool,135,,2024/06/16
Socalo,6,,2026/05/21
Socalo de PL para 26W,15,,2023/05/10
Socalo para tubo led,4,,2023/03/15
SOCKET DE PORCELANA,12,,2025/11/28
Sockets para foco colgante,6,"Material PVC
Marca Peruana",2023/05/15
Soda cáustica (kilo),47,,2024/06/03
Soquet,10,,2025/06/10
Soquet Baquelita,4.5,,2022/11/19
Soquet cerámico E14 miñón,8,,2023/11/28
Soquet con sensor de movimiento MG,120,,2026/04/25
Soquet de cerámica,6,,2023/10/27
Soquet de colgar de porcelana,8,,2025/03/14
Soquet de colgar negro,5,,2023/03/17
Soquet de foco E27 de porcelana,6,,2023/07/19
Soquet de goma,9,,2024/07/02
Soquet de porcelana,6,Soquet de porcelana,2022/11/17
Soquet de Porcelana,6,,2022/12/14
Soquet de porcelana,8,,2023/11/06
Soquet de porcelana,8,,2024/10/09
Soquet de porcelana,12,,2025/06/16
SOQUET DE PORCELANA,12,,2026/05/04
SOQUET DE PORCELANA E27,,,2026/02/10
Soquet de porcelana para colgar,10,,2024/08/21
Soquet de porcelana para colgar,10,,2025/04/07
Soquet de porcelana para colgar,12,,2026/05/20
Soquet de porcelana para foco,10,,2026/03/13
Soquet de porcelana para foco bombilla,10,,2026/05/08
Soquet Grafito con base,60,,2026/03/09
Soquet para colgar de porcelana,7,,2024/06/26
Soquet plástico E27,10,,2026/05/08
Soquet plástico Plano,6,Soquet plastico plano,2022/11/11
Soquet tipo plano,10,,2024/07/02
Soquet tipo plato,6,,2023/06/07
"Soquet tipo sombrero colonial (tipo plato,)",7,,2023/03/15
Soquets,8,,2023/05/23
Soquets colgante negro,45,,2026/04/25
Soquets con fotocelula ARGO,110,,2026/04/25
Spliter para cable RG6 de una a dos salidas,25,,2023/10/27
Spot completo con foco dicroico de 5W,35,,2023/03/03
Spot completo con foco dicroico LED 7W de tres tiempos,30,,2024/06/12
Spot EMPOTRABLE LED blanco 3T 6W,35,,2026/05/04
Spot LED 10W luz cálida,35,,2024/11/20
Spot LED 7W luz cálida,30,,2024/11/20
Spot LED de riel 20W,80,,2024/07/17
Spot LED de riel 30W,95,,2024/07/17
Spot LED direccional para riel carcasa blanca Luz Cálida 30W,115,,2026/03/24
"Spot LED montable para riel, luz blanca de 30W",95,,2024/03/25
Spot para riel 30W,90,,2025/05/02
Spot para riel LED 20W Negro Luz Calida,85,,2022/12/29
"Ta lero eléctrico 6""",18,,2024/10/08
"Tablero eléctrico 2""",15,,2024/10/08
TALADRO INALÁMBRICO DE 20V BATERIA 2 A 2.0AH CON PERCUTOR (INCCO),1125,,2023/07/20
Tapa ciega plastica rectangular (Bolivia),2,,2023/04/24
Tapa Ciega Rectangular,2,Tapa Ciega Rectangular plástica,2022/10/19
Tapa ciega rectangular,2,,2023/03/15
Tapa Ciega Redonda,2,Tapa ciega redonda plástica,2022/10/19
Tapa de baño plástico semi acolchado,170,,2026/03/25
Tapas acolchadas para inodoros ASTRA,,,2025/07/10
Tarugos de madera #8 (caja 1000U),250,,2025/03/10
Tasa/inodoro con pedestal y lavamanos,490,Tasa/inodoro con pedestal y lavamanos. Industria Boliviana,2022/11/09
Tasa/inodoro con tanque,380,Tasa/inodoro con tanque. Industria Boliviana,2022/11/09
Tasa/inodoro con tanque alto,360,Tasa/inodoro con tanque alto. Industria Nacional.,2022/11/09
Teflon,5,,2024/08/21
Temporizador 16A,240,,2025/02/25
Temporizador analógico 16Amp CAMSCO,490,,2025/09/23
Temporizador analógico CAMSCO,280,,2023/11/22
Temporizador digital 16Amp CAMSCO,380,,2025/09/23
Temporizador Digital CAMSCO,1,,2025/02/06
Temporizador DIGITAL CAMSCO,320,,2026/03/09
Tensadores,9,,2023/05/12
Termico 16A bipolar,55,,2025/02/25
Termico 32A,45,,2023/03/15
Termico 32Amp CAMSCO,60,,2025/02/06
Termico bipolar 10Amp,80,,2025/03/14
Termico bipolar 10Amp,55,,2025/03/14
Termico Bipolar 15Amp,55,,2025/03/14
Termico bipolar 16A,45,,2024/07/22
Termico bipolar 2*40A marca Camsco,50,,2023/10/27
Termico bipolar 2*63A,45,,2023/05/12
Termico bipolar 20A,45,,2024/07/18
Termico bipolar 32A,45,,2024/07/18
Termico bipolar 32A,45,,2024/07/22
Termico bipolar 40A,45,,2024/07/18
Termico bipolar 40A,45,,2024/07/18
Termico bipolar 40A,50,,2024/12/27
Termico bipolar 63A,45,,2024/07/22
Termico bipolar 63A,50,,2024/12/27
Termico bipolar de 100A,140,,2024/07/22
Termico bipolar de 32Amp marca EATON,125,,2023/10/03
Termico Bipolar de 60A,50,,2022/12/08
Termico Bipolar de 63Amp,50,,2024/08/21
Termico monopolar 20A,35,,2026/02/06
Termico monopolar 40A marca Camsco,35,,2023/04/25
Termico trifásico 100A,190,,2024/07/22
TERMICO TRIPOLAR: 3 x 32 AMPERIOS,620,,2026/04/22
Termico unipolar de 20A marca CAMSCO (Japón),35,,2023/04/24
TERMICOS BIPOLARES 32 AMP,50,,2024/12/06
Termicos de 32A,45,,2022/11/21
Termicos de 40A,45,,2022/11/21
Terminal #10 (docena),25,,2025/07/03
Terminal #8 (docena),36,,2025/07/03
Terminal para cable tipo hojal 3/4,1,,2023/11/01
TERMINAL PUNTA TUBULAR PIN PREAISLADO ROJO AWG 10 (Bolsa 100U),,,2026/02/10
Terminal zapatito 25mm,18,,2025/02/25
Terminales / conectore para dicroicos,10,,2026/05/08
Terminales tipo hojal,3.5,,2023/03/30
Terminales tipo punta para cable 4mm2,2.5,,2024/08/02
Termocontraible 16 mm,20,,2023/03/17
Termocontraible 25mm,25,,2023/03/17
Termocontraible 35mm,30,,2023/03/17
Termocontraible 6 mm,10,,2023/03/17
Termocontraible 6mm color negro x metro,10,,2023/03/15
Termomagnetico,45,"Bipolar de 63A
Material PVC
Marca Sica, Camsco o similar",2023/05/15
Termomagnetico Bipolar de 20A,45,,2024/07/02
Termomagnetico bipolar de 30A,45,,2024/07/02
Termomagnetico bipolar de 32A,45,,2024/06/18
Termomagnetico bipolar de 40A,45,,2024/06/18
Termomagnetico bipolar de 63A,45,,2024/06/18
Tester  Multímetro digital Truper,220,,2026/06/02
TESTER (TRUPER),185,,2023/07/20
"Tijera corta lata 10""",1,,2023/11/01
"Timbre inalambrico con pulsador, con volumen regulable y distintos tonos",135,,2023/11/01
TIMBRE INALAMBRICO SIMPLE,,,2026/02/10
Timbre Inalámbrico,65,,2022/11/11
Timbre Inalámbrico simple,120,,2025/05/26
Tiner,30,,2023/06/09
"Tirafondo de 1 1/2"" X 1/4""",1.5,,2024/06/20
Tom tomacorriente regleta de 4 tomas,120,,2024/11/29
Toma corriente clavija shucko 15 Amp,18,,2026/05/13
Toma corriente shucko en L de 15 Amp,20,,2026/05/13
TOMA CORRIENTE TRIPE   Material: PVC o Plastico y Cobre   Voltaje: 220V   Tamaño: Estandar,35,,2023/09/01
Toma doble en placa,28,,2024/12/30
Toma nema doble sobrepuesto,40,,2025/02/25
Toma Schuko doble soprepuesto,40,,2025/09/09
Toma Schuko simple soprepuesto,20,,2025/08/21
Toma Shuko doble sobrepuesta marca STAR,85,,2023/10/03
Tomacorriente,25,"Doble para pared
Material PVC
Marca Osmar",2023/05/15
Tomacorriente 2T 15A Star Nema,35,,2026/01/27
Tomacorriente de 3 salidas,50,"-de 3 salidas
-redondo y plano
-plastico y cobre
-voltaje: 220-240V
-amperaje: 25A",2023/09/08
Tomacorriente de 4 entradas,25,,2023/06/07
Tomacorriente de 4 entradas Nema 15Amp,120,,2025/02/20
Tomacorriente de 4 entradas Nema 15Amp,90,,2026/01/27
Tomacorriente de 4 tomas,25,,2023/10/12
Tomacorriente doble,48,,2025/09/02
Tomacorriente doble,45,,2025/10/13
Tomacorriente doble,45,,2025/11/13
Tomacorriente doble con caja protector,75,,2024/07/04
Tomacorriente doble con tierra,,,2026/02/06
"Tomacorriente doble con tierra tipo Nema color negro, Mr Three",45,,2025/08/04
Tomacorriente doble de 10/15 amp,30,,2023/07/28
Tomacorriente doble de pared,40,,2026/01/26
Tomacorriente doble de primera con base metálica,35,,2024/03/25
Tomacorriente doble en placa,45,,2025/08/22
Tomacorriente doble marca Mr Three,28,,2023/10/05
Tomacorriente doble Mr Three,35,,2024/03/07
Tomacorriente doble nema,35,,2024/08/02
Tomacorriente doble Nema Mr Three,40,,2024/09/10
Tomacorriente doble nema sobrepuesto,35,,2025/09/30
Tomacorriente doble nema sobrepuesto 20Amp Marca Adara,45,,2024/08/14
Tomacorriente doble nema Tramontina Blanco,25,,2022/12/29
Tomacorriente doble nena de sobreponer Ultra,25,,2026/05/20
Tomacorriente doble OSMAR,48,,2026/06/03
Tomacorriente doble para pared,38,,2025/05/29
Tomacorriente doble sobrepuesto,20,,2025/09/24
Tomacorriente doble sobrepuesto c/linea a tierra nema 10Amp,15,,2023/10/27
Tomacorriente doble sobrepuesto de 20A Nema Universal,45,,2024/07/09
Tomacorriente doble tipo Shucko,40,,2025/09/24
Tomacorriente en placa,55,,2024/12/05
Tomacorriente en placa de pared doble,30,,2024/07/18
Tomacorriente en placa doble,45,,2024/12/02
"Tomacorriente en placa doble con tierra, tipo Nema",50,,2025/07/22
Tomacorriente en placa doble de 15Amp,45,,2025/06/16
Tomacorriente en regleta de 4 salidas 15 Amp,35,,2025/04/08
Tomacorriente en regleta de 5 tomas,28,,2024/09/04
TOMACORRIENTE INDUSTRIAL MACHO DE 32AMP,55,,2026/04/22
Tomacorriente mixto (Shucko y tomacorriente) de 16A,75,,2026/04/22
Tomacorriente nema doble,14,,2023/11/13
Tomacorriente Nema en L de 15 Amp,30,,2026/05/13
Tomacorriente regleta de 4 tomas,120,,2024/11/08
Tomacorriente Schuko y nema OSMAR,65,,2025/04/08
Tomacorriente simple en placa,20,,2024/12/30
Tomacorriente simple Mr Three,25,,2024/03/07
Tomacorriente simple sobrepuesto,15,,2025/09/24
Tomacorriente sobrepuesto 16A 3 tomas,14,,2022/12/08
"Tomacorriente sobrepuesto 4 tomas nema, 15 amp",120,,2024/10/18
Tomacorriente sobrepuesto de 4 nemas,150,,2024/09/06
Tomacorriente sobrepuesto doble nema 20Amp,45,,2024/09/06
Tomacorriente sobrepuesto triple nema 25Amp,80,,2024/09/06
TOMACORRIENTE TIPO NEMA 3 TOMAS,,,2026/02/10
Tomacorriente tipo nema doble 250V,45,,2025/05/26
"Tomacorriente tipo nema doble de 10Amp, 250V",15,,2023/05/12
Tomacorriente tipo Nema doble s/puesto,15,,2022/11/23
TOMACORRIENTE TIPO NEMA DOBLE SOBREPUESTO,,,2026/02/10
Tomacorriente tipo Shucko,,,2026/02/06
Tomacorriente triple,50,,2023/05/23
Tomacorriente triple 25Amp,45,,2023/10/26
Tomacorriente triple en regleta de 25Amperios,50,,2024/06/16
Tomacorriente universal doble,37,,2025/03/09
Tomacorrientes dobles,75,,2022/11/21
Tonacorriente sobrepuesto,20,,2023/05/23
"Tornillo 1 1/2"" (bolsa 500U)",160,,2023/01/12
"Tornillo 1"" estrella (bolsa 1000u)",160,,2023/01/12
"Tornillo 2"" estrella (bolsa 500u)",195,,2023/01/12
Tornillo 6 (500U),115,,2026/05/18
"Tornillo bolsa 1/2"" estrella (bolsa 1000u)",110,,2023/01/12
Tornillo c/Plana 1.5 (caja 1000U),198,,2025/03/10
Tornillo de 3.5 X 16 MM ( caja de 1000 unidades),80,,2024/06/20
Tornillo de 3.5 X 25 MM ( caja de 1000 unidades),90,,2024/06/20
"Tornillo de encarne 1"" (400pzas)",90,,2024/08/02
"Tornillo de encarne de 1"" (400 piezas)",120,,2024/12/02
Tornillo de encarne N°5 (100U),25,,2026/03/25
"Tornillo encarne 1 1/2"" (caja 1000U)",260,,2025/03/10
"Tornillo encarne 1"" (caja 1000U)",192,,2025/03/10
Tornillo N°6 (100U),45,,2026/02/03
Tornillo N°6 (100U),45,,2026/03/09
Tornillo y ramplu #6 (1000U),170,,2024/07/18
Tornillo y Ramplu #6 (docena),6,,2024/06/17
Tornillos de encarne D 3.5mm de largo,18,,2026/03/09
Tornillos hexagonales de encarne N°10,1.1,"5/16 x 2""",2023/05/12
Transformador de 8KW,12450,,2025/12/11
Transformador para 25metros,250,,2024/07/23
Transformador para chapa eléctrica,150,,2023/08/04
Transformador para pantalla LED (24W),25,Transformador de pantalla LED 24W,2022/11/07
Tubo corrugado 1 pulgada (rollo 50m),250,,2023/09/18
Tubo Corrugado de 5/8 (metro),4,,2025/03/27
"Tubo de 6"" x6mts",420,,2023/05/12
Tubo fluorescente 20W,25,,2025/05/29
Tubo fluorescente 20W 220V,20,,2023/04/24
Tubo fluorescente de 20W,20,,2022/11/22
Tubo fluorescente de 40W 220V T12 Marca Philips,22,,2023/04/24
Tubo fluorescente negro,45,,2023/07/28
Tubo LED 0.6m 9W,16,,2023/01/12
"Tubo LED 1,2m luz blanca",25,,2026/01/26
Tubo LED 1.20m luz blanca,75,,2025/05/29
Tubo LED 1.20m luz calida,27,,2025/05/29
"Tubo LED 1.2M - T8, Marca LENTELUX - INDUSTRIA BRASIL",19,,2023/08/22
Tubo LED 1.2m 18W,19,,2023/01/12
Tubo LED 1.2m calido,16,,2024/01/10
Tubo LED 1.2M luz blanca transparente,25,,2025/02/18
Tubo LED 1.2M luz calida transparente,30,,2025/02/18
"Tubo LED 1.2Metros, 20W",20,,2023/08/29
Tubo LED 10W,20,,2024/10/08
Tubo LED 10W,22,,2025/06/16
Tubo LED 10W 60cm,18,,2024/08/05
Tubo LED 10W 60cm,18,,2025/02/28
Tubo LED 10W 60cm,22,,2025/08/21
Tubo LED 10W 60cm,20,,2025/09/09
Tubo LED 10W 60cm luz blanca,16,,2024/07/18
Tubo LED 120cm,27,,2025/04/08
Tubo LED 120cm,25,,2026/05/08
TUBO LED 120CM (CAJA 30U),750,,2026/02/26
Tubo LED 120cm (caja de 30 pzas),750,,2025/11/13
Tubo LED 120cm 20W Marca Mr Three,30,,2025/09/24
Tubo LED 120cm 30W,28,,2026/05/21
Tubo LED 120cm luz blanca,28,,2025/08/25
Tubo LED 18W,30,,2025/06/10
Tubo LED 18W 120cm,20,Tubo LED 18W 120cm T8,2022/10/19
Tubo LED 18W 120cm,20,,2023/10/03
Tubo LED 20 W,25,,2024/10/08
Tubo LED 20W,22,,2024/08/05
Tubo LED 20W,25,,2024/08/29
Tubo LED 20W,25,,2024/12/02
Tubo LED 20W,22,,2025/03/14
Tubo LED 20W,25,,2026/02/06
Tubo LED 20W 120cm,28,,2025/08/21
Tubo LED 20W 120cm,25,,2025/09/09
Tubo LED 20W 120cm luz blanca,25,,2024/08/21
Tubo LED 20W 220 - 120cm,20,,2023/06/09
Tubo LED 20W EVERLEO luz blanca,25,,2026/03/09
Tubo LED 20W luz blanca,19,,2024/07/18
Tubo LED 20w vidrio transparente,25,,2024/11/25
Tubo LED 20W vidrio transparente 6500K,25,,2025/02/20
"Tubo LED 20W, T8, 6500K luz blanca, 220V (caja de 30 unidades)",600,,2024/05/28
Tubo LED 24W T8 120cm blanco transparente,35,,2025/03/27
Tubo LED 30W ahumado marca Everleo,34,,2024/08/14
Tubo LED 60cm,14,,2024/01/10
Tubo LED 60cm,22,,2025/04/08
Tubo LED 60cm,20,,2025/07/30
TUBO LED 60CM (CAJA 30U),660,,2026/02/26
Tubo LED 60cm 12W luz blanca,20,,2023/11/28
Tubo LED 60cm 15W,20,,2026/05/21
Tubo LED 9W cálido (caja 30 pzas),660,,2025/05/14
Tubo LED 9W D&P,17,,2022/11/19
TUBO LED 9W X 220V,20,,2026/05/04
"Tubo LED ahumado de 9W, luz blanca",15,,2024/06/20
Tubo LED amarillo/cálido 120cm,29,,2025/03/25
Tubo LED blanco 120cm,25,,2025/03/25
Tubo LED blanco 220cm,28,,2025/08/27
Tubo LED Blanco de 18W marca EVERLEO,19,,2023/05/24
Tubo LED completos incorporado transparente,82,,2025/03/27
Tubo led con base de tipo T8,60,,2025/10/13
Tubo led con base de tipo T8 de 120cm,70,,2025/10/13
Tubo LED con sensor de movimiento 20W 120cm,65,Tubo LED con sensor de movimiento+base de 20W de 120cm,2022/10/29
Tubo LED de 10W (60cm),16,,2024/07/17
Tubo LED de 120cm de 24W,25,,2025/08/21
Tubo LED de 120cm luz blanca de alto brillo (doble fila),60,,2026/03/13
Tubo LED de 12W,18,,2023/12/18
Tubo led de 12W Luz Blanca,18,,2023/11/13
Tubo LED de 12W Luz Blanca,18,,2024/06/12
Tubo LED de 18W,19,,2023/12/18
Tubo LED de 18w luz blanca,20,,2023/11/13
"Tubo LED de 18W, 120cm, luz blanca",20,,2023/10/04
"Tubo LED de 18W, luz blanca",20,,2023/10/27
Tubo LED de 20W,25,Tubo LED 20W 120cm,2022/11/22
Tubo LED de 20W,25,,2024/12/05
Tubo LED de 20W 120cm luz blanca,25,,2024/08/09
Tubo LED de 20W de 1.2m,20,,2024/05/03
Tubo LED de 20W luz blanca,20,,2024/06/12
Tubo LED de 20W luz blanca,25,,2026/05/18
TUBO LED DE 20W X 220V,20,,2026/05/04
"Tubo LED de 60 cm 10W, 220V, luz blanca",16.25,,2024/06/28
Tubo LED de 60cm de 10W,20,,2025/08/21
Tubo LED de 9-12W,24,,2025/08/13
Tubo LED integrado 120cm,65,,2026/06/10
Tubo LED integrado 36W 220V,70,,2026/03/09
Tubo LED largo 120cm,25,,2026/05/08
Tubo LED luz amarilla 20W,20,,2024/07/24
Tubo LED luz blanca 60cm t8 10W 220V,24,,2025/05/26
Tubo LED luz blanca de 120cm,20,,2024/07/24
Tubo LED T5 integrado 60cm,55,,2025/08/25
Tubo LED T8 18W Luz Cálida,25,,2022/12/14
Tubo LED T8 18W Luz Fria,25,,2022/12/14
Tubo LED T8 9W 60cm,23,,2025/07/28
Tubo LED T8 9W Luz Cálida,22,,2022/12/14
Tubo LED T8 9W Luz Fria,20,,2022/12/14
"Tubo LED transparente, luz cálida de 18W, 120cm",15,,2023/07/19
Tubo negro fluorescente 40W con canoa 1X36/40W,150,,2024/07/11
Tubo para instalación eléctrica PVC 3/4 (barra de 3 metros),10,,2024/06/06
"Tubo PVC 1""",15,,2025/07/03
Tubo PVC 5/8 TIGRE,8,,2024/10/22
Tubo PVC Conduit 3/4,12,,2024/07/09
Tubo Verman 5/8,6,,2024/02/19
Tubos corrugado de 3/4 rollos,,,2025/10/13
"TUBOS LED 1,2 MT, CALIDO 20W",20,,2024/07/24
"TUBOS LED 1,2 MT, TRANSPARENTES 20W",18,,2024/07/24
Tubos LED 1.2m transparente,16,,2024/01/10
Tubos LED 120cm 18W,42,,2023/02/01
Tubos LED 18W con difusor,25,,2024/10/24
Tubos LED de 120 cm de largo (caja de 30 piezas) 220V,750,,2025/11/06
TUBOS LED DE 20W,25,,2025/03/17
"Tubos LED, 20W, Tamaño 1.2M, Luz blanca",20,,2023/08/29
"Tuerca 1/4 x 2"" (150 unidades)",65,,2024/12/09
"Tuerca hexagonal de 5/16""",1,,2024/06/20
"Tuerca para perno rosca entera de 2 1/2""",0.8,,2024/06/20
Tuerca para varilla roscada,0.8,,2024/06/20
Térmico 60Amp SICA,50,,2024/10/22
Térmico bipolar 15A,65,,2025/11/13
Térmico bipolar 2*40A,45,,2023/12/01
Térmico bipolar 2*63,45,,2024/05/03
Térmico bipolar 20A,45,,2024/07/18
Térmico bipolar 2x100A SICA,220,,2025/05/13
Térmico bipolar 2x32A,65,,2025/09/09
Térmico bipolar 2x32A SICA,65,,2025/08/21
Térmico bipolar 2x40A,65,,2025/08/21
Térmico bipolar 2x40A,65,,2025/09/09
Térmico bipolar 2x63A,65,,2025/08/21
Térmico bipolar 2x63A,65,,2025/09/09
Térmico bipolar 32A,45,,2023/05/05
Térmico bipolar 40A,45,,2023/03/15
Térmico bipolar 63Amp,60,,2025/03/14
Térmico bipolar marca SICA,45,,2023/10/05
TÉRMICO DOBLE DE 25 AMPERIOS - 415V 50/60 HZ 6000,45,,2023/07/20
Térmico monofásico 15-16A,45,,2025/11/13
Térmico monopolar 40 amperios,30,,2023/09/29
Térmico trifásico 100Amp,295,,2025/09/03
"Unión universal de 1/2""",12.2,,2023/06/09
Varilla roscada de 5MM Dde 1 metro de largo,22,,2024/06/20
Ventanas doble placa Osmar,12,,2023/02/27
Vernier KSEIBI,410,,2026/06/02
Vernier Uyustools,175,,2026/06/02
Vinta aislante,13,,2022/11/21
Volanda de 1/8 (kilo),98,,2025/03/10
"Volandas 1/4 x 2"" (150 unidades)",65,,2024/12/09
Volandas de 5/16,0.6,,2024/06/20
Volandas de 5mm (340 unidades),90,,2024/12/09
Zocalo para LED,3,,2024/01/10
Zócalo fijo para tubo fluorescente (par),15,,2024/08/21
Zócalo para tubo fluorescentes,8,,2023/07/28
Zócalo para tubo LED,3,,2023/01/12
