id,nombre,precio,precioCaja,descripcion,folderId,finalArtId,proveedor,codCaja,stockJson,familia,subcategoria,unidad,unidadDetalle,imagen,fecha
2,Cable pasa corriente bateria auto,160.0,0.0,,1__kAPQHi0o42DQMIaLTES_gg9UIkGSXO,,,,"{""isCatalog"": false}",,,Unidad,,,
3,Clavija Brasilera 15Amp,15.01,0.0,,1_0d009K6lN1_69boqbiJv3hWfIqkOC-T,,Novaled,,"{""isCatalog"":false,""general"":6}",,,Unidad,,,2026-07-06
4,Placa interruptor simple SICA,35.0,0.0,,1_1kPC1NISAUNZc6QZYlg7KN0Go8W91q5,,,,"{""isCatalog"": false}",Electricidad,Interruptores,Unidad,,,
5,Alargador de corriente de 30 metros,210.0,0.0,,1_4Pq2De1LlEllXVkTPUZANOL9_LhcZcF,,,,"{""isCatalog"": false}",,,Unidad,,,
6,Reflector LED 400W,600.0,0.0,,1_6DoehhIcCNfCOUm8HR7NR8kO0SRPpZ9,,,,"{""isCatalog"": false}",,,Unidad,,,
8,Roseta p/RJ45,15.0,0.0,,1_BmdruoGT_Ts50KU-OShsZdKw0TDxJYk,,,,"{""isCatalog"": false}",,,Unidad,,,
9,Refelctor led 150W,250.0,0.0,,1_d4ivrSJsObSDjJ7FWvbv--YIUun-2IJ,,,,"{""isCatalog"": false}",,,Unidad,,,
10,Tubo led con base de tipo T8,60.0,0.0,,1_eES9hap0UM6sY6BPZEIlhCmRXON59YT,,,,"{""isCatalog"": false}",Iluminación,Tubos LED,Unidad,,,
11,"Alambre de cobre #16 de un filamento, antillama, marca Tigre",252.0,0.0,,1_miBeWEg1k2gp_QS23PnGYAMIANMtOCg,,,,"{""isCatalog"": false}",,,Unidad,,,
12,Termicos de 40A,45.0,0.0,,1_mLTwjj7pB4Ir5Y68XB19Grifz0vhDSG,,,,"{""isCatalog"": false}",,,Unidad,,,
13,Batería 9V recargable con cable Tipo C,75.0,0.0,,1_n3E--sxV-Xu-Yd32cc0cX9dK-jAOAL1,,,,"{""isCatalog"": false}",,,Unidad,,,
14,Lampara tipo LED- tubo LED de 12Watts de 60cm,18.0,0.0,,1_OzUEjROfDI_6X7-xkrUmfY17d8klmak,,,,"{""isCatalog"": false}",,,Unidad,,,
15,Hilo de caña (rollo de 100 metros),50.0,0.0,,1_q3tDWIcSClk__AJJKBDMoh8kEpFnuzr,,,,"{""isCatalog"": false}",,,Unidad,,,
16,Placa Conatel Grafito euroamericano con tierra,68.0,0.0,,1_qxzHXyJbIEVDxp0iFQv7hXxliAPPf0y,,,,"{""isCatalog"": false}",,,Unidad,,,
17,Volanda de 1/8 (kilo),98.0,0.0,,1_RaURDtExGpuVB_GapaXUv7DKl7Pkrm4,,,,"{""isCatalog"": false}",,,Unidad,,,
18,"FOCOS LED 120 X 0,30 SOBREPUESTO BLANCAS",240.0,0.0,,1_rseZ-d3gmV5KLajf8ekGt0gvi_YP94x,,,,"{""isCatalog"": false}",,,Unidad,,,
19,CINTA AISLANTE 20 YARDAS,20.0,0.0,,1_rZs0x3pRGSNd_8tcvgKsV5HhRf71JC3,,,,"{""isCatalog"": false}",,,Unidad,,,
20,Resistencia para ducha reforzado lorenzetti,20.0,0.0,,1_TYavi29LwQbUpQOUbx1lC__AkQdKVDA,,,,"{""isCatalog"": false}",,,Unidad,,,
22,Interruptor simple de 25Amp Veto,28.0,0.0,,1_WeQq6MN2S8bPEbsR5Zh5X2WQa26gWj8,,,,"{""isCatalog"": false}",,,Unidad,,,
23,"Foco LED, TIPO PANEL, COLOR BLANCO, TENSION 220V 36W, REDONDO",140.0,0.0,,1_WGJLhXO3YUhFnyWKJDTjuXeZnVpsLxG,,,,"{""isCatalog"": false}",,,Unidad,,,
24,Grapa de 1' pulgada Marca Kawaguchi (Japón),15.0,0.0,,1_wVmAUPiH1cwPQYRhxnGl8GlWmNxEXka,,,,"{""isCatalog"": false}",,,Unidad,,,
25,"Grapas de pared 3/4"" (caja 100U)",18.0,0.0,,1_y-TSFKJu_xh3HB6eFGSDmZYbU7yYVw6,,,,"{""isCatalog"": false}",,,Unidad,,,
26,Grifo para lavamanos FV,130.0,0.0,,1_yrjSnYOf1Gb8Cr2hIqtdGVTUS-KBAw-,,,,"{""isCatalog"": false}",,,Unidad,,,
27,Regleta toma nema triple marca ultra,45.0,0.0,,1_YU52TUEb6dLVG4wx3lsokx4X4qGZC-N,,,,"{""isCatalog"": false}",,,Unidad,,,
28,CABLE ENCHAQUETADO 2*14,19.0,0.0,,1_Zi6NbWSnmSj7nZqwNvkkPLADf74Lv_y,,,,"{""isCatalog"": false}",,,Unidad,,,
29,Cable electrico tipo cordón N°12,1095.0,0.0,Cable eléctrico tipo cordón N°12,1-1PnNoO9MaqEuSyl2PAfVsbme7M7UFUp,,,,"{""isCatalog"": false}",,,Unidad,,,
30,Tomacorriente triple,50.0,0.0,,1-37MbQCXTRMpHz8v1D5GdEdU-6nouRaQ,,,,"{""isCatalog"": false}",,,Unidad,,,
31,"Cinta Aislante blanco, 19mm x 18metros x 0.18mm",14.0,0.0,,1-57g6iqricaEwbCrYXJ6hAqvLfugHPaX,,,,"{""isCatalog"": false}",,,Unidad,,,
32,FOCO SENSOR DE MOVIMIENTO DE 360°,80.0,0.0,,1-7oJKmuY9UUlIaB4Qy_MeAhMwanveBol,,,,"{""isCatalog"": false}",,,Unidad,,,
33,Cable bipolar #14 tipo cordón,760.0,0.0,Cable bipolar tipo cordón #14 100% cobre,1-81ifuQd7LI91HJIEROSodo0s8Jp_5k1,,,,"{""isCatalog"": false}",,,Unidad,,,
34,Tubo LED T8 9W Luz Fria,20.0,0.0,,1-8y_yCg2CGI0zIE_N02QG_uC2llmQKf1,,,,"{""isCatalog"": false}",,,Unidad,,,
35,Rollo cinta aislante 20Y marca 3M,15.0,0.0,,1-9SwLmLBAUIL8fT1Lv0puGoOx-1AnNCB,,,,"{""isCatalog"": false}",,,Unidad,,,
36,Tubo LED T8 18W Luz Fria,25.0,0.0,,1-aaAs-IstV4U0BjWGq0LktrFl_Ik6j4s,,,,"{""isCatalog"": false}",,,Unidad,,,
37,Cuchilas para estilete (paquete de 10 unidades),16.0,0.0,,1-BStKuRYOyqeu5iboEutYmagfJqQPFsr,,,,"{""isCatalog"": false}",,,Unidad,,,
38,Chicotillo 50 cm,85.0,0.0,,1-CaCYUOgR6WQSr6Q-a_eBeK39ImDxebM,,,,"{""isCatalog"": false}",,,Unidad,,,
39,Chapa para escritorio melamina tipo modelo 4x4 cm D2,82.0,0.0,,1-CIOsRsL9lZM0e2IpU09ccP1d9Slf8AI,,,,"{""isCatalog"": false}",,,Unidad,,,
40,Foco LED botellon 40W,55.0,0.0,,1-E44VyvSxqvTy1L0Rmooso1AXn_cwJJX,,,,"{""isCatalog"": false}",,,Unidad,,,
41,Pintura en spray,15.0,0.0,,1-FEDBC2s7Ra2cR8QrOZsUAS9DOO76O4Q,,,,"{""isCatalog"": false}",,,Unidad,,,
42,"Paneles LED rectangular s/p marco metálico inoxidable 1.20x0.30 M. de 72W Luz cálida/blanca, driver metálico",240.0,0.0,,1-Geb9LXJp-fkfHTIEcfpkxIox2ymsGgv,,,,"{""isCatalog"": false}",,,Unidad,,,
43,Cableductos de piso 25*15,40.0,0.0,,1-it9XmtGCspxid7iUTdY2YujZxwVeOj3,,,,"{""isCatalog"": false}",,,Unidad,,,
44,Buscapolo,30.0,0.0,,1-jjTW5T9BUCvYXFy9zlSLtKoHU1A1LhN,,,,"{""isCatalog"": false}",,,Unidad,,,
45,Tornillos de encarne D 3.5mm de largo,18.0,0.0,,1-l78xCc8Devx3-sKqQDjidRyhSlKdDIg,,,,"{""isCatalog"": false}",,,Unidad,,,
46,Enchufe tipo L 10A,8.0,0.0,,1-mKQOUMYq6EhrvaVSJZ39b75pv4azGOv,,,,"{""isCatalog"": false}",,,Unidad,,,
47,Placa de pared tomacorriente doble nema Mr Three,45.0,0.0,,1-nEpUqX6iW90puxuXWbJEHfjiPnLo2yp,,,,"{""isCatalog"": false}",,,Unidad,,,
48,Juego de tarrajas,0.0,0.0,,1-nmGaiFzjM1fobhOaFaQTKF6ZvxeJXVZ,,,,"{""isCatalog"": false}",,,Unidad,,,
49,Cablecanal 20x10 con adhesivo de 2Mts,12.0,0.0,,1-qMZT5AW7dJott0RfCQqRK5X9CIvbrfk,,,,"{""isCatalog"": false}",,,Unidad,,,
50,Clavijas redondas,7.0,0.0,,1-uej1yn51ra4Ah-bj-BDjEvAUv89NCga,,,,"{""isCatalog"": false}",,,Unidad,,,
51,Tubo LED 1.2m calido,16.0,0.0,,1-UQKJGX9EIkWgUyaApoC3Xrt2As7vsSP,,,,"{""isCatalog"": false}",,,Unidad,,,
52,Pasacable de 10 metros,75.0,0.0,,1-wT8pqss5dDimyL8OmXotFLZHzgQuPnM,,,,"{""isCatalog"": false}",,,Unidad,,,
53,"Reflector Led RGB de 50W, IP 66, 4500lm, 50,000h de vida, Autovolt AC85-265V",220.0,0.0,,1045N-IhzjTfeoI-Qd0Yxq1DrnO8wjwnE,,,,"{""isCatalog"": false}",,,Unidad,,,
54,Tubo LED 0.6m 9W,16.0,0.0,,104u9UBFuKn4GPdgbZ7KrEocszGDqhJCD,,,,"{""isCatalog"": false}",,,Unidad,,,
55,Panel LED 24w sobrepuesto,55.0,0.0,,104WXxeuOvf_rZFLsDk0VX7BxHlReVPvB,,,,"{""isCatalog"": false}",Iluminación,Paneles LED,Unidad,,,
56,Cable cordón doble Nro 14,200.0,0.0,,106I_38KX3HmxOcDHc5w6_vn5MduB6bXt,,,,"{""isCatalog"": false}",,,Unidad,,,
57,Tomacorriente doble marca Mr Three,28.0,0.0,,10A2eKnp22zlcoI_oeohNEfOVqNevwZNl,,,,"{""isCatalog"": false}",,,Unidad,,,
58,Placa tomacorriente nema doble,35.0,0.0,,10aCn3F-q1s7el37JyB3GWImMzhXdkgm6,,,,"{""isCatalog"": false}",,,Unidad,,,
59,Cable HDMI de 10 metros,180.0,0.0,,10ADRcYGpLftr3K1xO6NviE12T6FrBY89,,,,"{""isCatalog"": false}",,,Unidad,,,
60,Cable VGA,28.0,0.0,,10b6grcJKTJSC9l70RXw7uDO0-aWQfXZ6,,,,"{""isCatalog"": false}",,,Unidad,,,
61,Caja sobrepuesta,10.0,0.0,,10CG3-fVQJXOWGz2o0U7i93Ocxh27igxJ,,,,"{""isCatalog"": false}",,,Unidad,,,
62,"Tubo LED ahumado de 9W, luz blanca",15.0,0.0,,10D63jAk2MW8_e4J0dBhTJGjo9O73CjVa,,,,"{""isCatalog"": false}",,,Unidad,,,
63,Lija #120 (metro),23.0,0.0,,10Dmgi373o93bXvDSAFnRnEYVEQtnNEtq,,,,"{""isCatalog"": false}",,,Unidad,,,
64,Reflector de 500W,80.0,0.0,Reflector halógeno de 500W/ negro/ con halógeno Philips,10fetUU0wCLaBq8XMwlDbCMHMToz5GVwn,,,,"{""isCatalog"": false}",,,Unidad,,,
65,Sensor de movimiento 360°,165.0,0.0,,10FJkTlEDNirHtYQo-CVdHskQrStQXh23,,,,"{""isCatalog"": false}",,,Unidad,,,
66,Tomacorriente 2T 15A Star Nema,35.0,0.0,,10g2wkDZbKYxur-T8_dzjsBrjLQkGEeLx,,,,"{""isCatalog"": false}",,,Unidad,,,
67,"Pinza metálica para pelar cable de calibre 22, 20, 18, 16, 14, 12, 10 y 8 AWG, con mecanismo automático y tope para dimensionar la cantidad de cable",190.0,0.0,,10gczyIssa7zGbNpA80G1d3Od7nvpo26a,,,,"{""isCatalog"": false}",,,Unidad,,,
68,Linterna Frontal LED,125.0,0.0,,10HP9UW9hVu9rpvYGFUOebr2CNUYIEaw1,,,,"{""isCatalog"": false}",,,Unidad,,,
69,Tomacorriente doble nema Tramontina Blanco,25.0,0.0,,10HwgoD9Z4Qk8YQPbOcPx0fTT9kY-C6ra,,,,"{""isCatalog"": false}",,,Unidad,,,
70,Termico bipolar 2*63A,45.0,0.0,,10irmsIp1s8a8JN41hB_fK4AJvV_PRW8z,,,,"{""isCatalog"": false}",,,Unidad,,,
71,Placa interruptor simple,18.0,0.0,,10IV30aCdPnBnPc8f-qKfuv9Eq9X5M-YI,,,,"{""isCatalog"": false}",,,Unidad,,,
72,Caja T12 para 6 térmicos bipolares,120.0,0.0,,10jAEdjbdNjju0bk-9z7pXGoq_siojoK2,,,,"{""isCatalog"": false}",,,Unidad,,,
73,Cablecanal 20mm*10mm con adhesivo,10.0,0.0,,10KXAKiuIz6zsrA4tup2e2x7l7NxP-Eu_,,,,"{""isCatalog"": false}",,,Unidad,,,
74,Soquet tipo plato,6.0,0.0,,10m5Md53esJyDdC-vSZydQtgPaWoow_x6,,,,"{""isCatalog"": false}",,,Unidad,,,
75,Soquet para colgar de porcelana,7.0,0.0,,10mk9TWGtPj-6CpXrslMdfr53GWiD1eF9,,,,"{""isCatalog"": false}",,,Unidad,,,
76,Foco LED 20W,25.0,0.0,,10MKuz-joDXnmBWmCFlTpu3X8le-cgcHt,,,,"{""isCatalog"": false}",,,Unidad,,,
77,Porta silicona de metal,45.0,0.0,,10o12CI93jg1N4ddBJ1vyk6ZTz9qnQStZ,,,,"{""isCatalog"": false}",,,Unidad,,,
78,Cable multifilar Verde 4mm2 (rollo de 100 metros),698.0,0.0,,10oR_qonsQjTHUYxlSVq1l0fl0ZTzDTwR,,,,"{""isCatalog"": false}",,,Unidad,,,
79,Tomacorriente doble nema,35.0,0.0,,10PXqRK3ZZSfshpSgBnWu7K03kBOflChI,,,,"{""isCatalog"": false}",,,Unidad,,,
80,Alambre de amarre rollo 5kg,18.0,0.0,,10q-XCAXUh-eDxtDtiXsl7PyVBCMPYcKS,,,,"{""isCatalog"": false}",,,Unidad,,,
81,Placa tomacorriente doble de pared de Aluminio,25.0,0.0,,10rCuowJRqFI0_c5B83H0O10oVVkb8yIe,,,,"{""isCatalog"": false}",,,Unidad,,,
82,Panel LED 18W sobrepuesto,55.0,0.0,,10S-bcI4x8OEXf67Zn4horLVu3K_E1sFw,,,,"{""isCatalog"": false}",,,Unidad,,,
83,Panel LED sobrepuesto 24W,55.0,0.0,,10TenWp8mZXO4YgDdM9NHCLCETzB1w7UF,,,,"{""isCatalog"": false}",,,Unidad,,,
84,Foco empotrables,35.0,0.0,,10TG76ecNg0C7yCVyomjUBaR5cj2jacNj,,,,"{""isCatalog"": false}",,,Unidad,,,
85,Chapa de puerta metalica de manivela marca Papaiz,250.0,0.0,,10uclvYIOCqUxcxUqVB41ti1-GJ7nYoIi,,,,"{""isCatalog"": false}",,,Unidad,,,
86,"Brocha de 3""",25.0,0.0,,10UPWyHrmqYxSrkSoX0ioq3nbwo_d7feq,,,,"{""isCatalog"": false}",,,Unidad,,,
87,Prenss (TIPO F) de 60 cm metálico para carpintería KAMASA,0.0,0.0,,10V9s5wzIkfJfqFMusDSwaoCHtpNIOMZA,,,,"{""isCatalog"": false}",,,Unidad,,,
88,"Cinta Aislante de 20Yds 19mm, 3/4""",14.0,0.0,,10vyZDibQyWkrLdm5m_n4yqsTmcCwm7i3,,,,"{""isCatalog"": false}",,,Unidad,,,
89,Capuchones para conectores,2.0,0.0,,10WfodP7XVERlcE8MrwXuJGlirn1MdMFP,,,,"{""isCatalog"": false}",,,Unidad,,,
90,Alargador de corriente de 10 metros integrado marca ULTRA engomado,85.0,0.0,Al,10wVY8l8MLoAF-8LfOW0mHF1GpExpLlrx,,,,"{""isCatalog"": false}",,,Unidad,,,
91,Alargador de corriente de cable engomado de 20 MT 3 tomas,50.0,0.0,,11_uxEOBRNq2sGHRHh01x3HJkcY5itgpa,,,,"{""isCatalog"": false}",,,Unidad,,,
92,REGLETA CORTA PICOS DE 6 TOMAS CON CABLE DE 3 METROS                                    Capacidad: 2200W                                           Voltaje: 110V/220V                                     Tipo de entrada: NEMA                                ,85.0,0.0,,1127i7Kl-bTec8sBG0ZuJAM0blR53m858,,,,"{""isCatalog"": false}",,,Unidad,,,
93,Grifo de Lavaplatos Habitad,150.0,0.0,,115KbphmFIjyfbYdlljkXSGdasZlDv6dT,,,,"{""isCatalog"": false}",,,Unidad,,,
94,Terminales / conectore para dicroicos,10.0,0.0,,116qKxyYWZGcAOEqezd_8jOwt_LpR27SU,,,,"{""isCatalog"": false}",,,Unidad,,,
95,Tornillo c/Plana 1.5 (caja 1000U),198.0,0.0,,11BZ9egnL-Ud3PxOh4PkA_1VOTyP_RO7-,,,,"{""isCatalog"": false}",,,Unidad,,,
96,Reflector LED 600w,1850.0,0.0,,11DYYgYAtUUjEOhelJEbvci3yoYkczXSB,,,,"{""isCatalog"": false}",,,Unidad,,,
97,"Juego de Alicates de 1000V, 3 piezas. Alicate universal, de corte y punta",218.0,0.0,,11e4D_zK8BfMjgC3WYsKbcIjfNjynzb2Q,,,,"{""isCatalog"": false}",,,Unidad,,,
98,Foco LED redonde 22W,32.0,0.0,,11eXrsBpY9sXyZ6ZLLB_BqFua3J5U2GcE,,,,"{""isCatalog"": false}",,,Unidad,,,
99,Bolsa ramplu #7 (1000 pzas),80.0,0.0,,11h4XnsFbHwyMzQDF2m6N9lTA0WR_Z4Yk,,,,"{""isCatalog"": false}",,,Unidad,,,
100,Cable cordón N°12 (rollo de 100 metros),1800.0,0.0,,11I7wBvnmMYkSOxbaLbBBxqZ5RZl-x78d,,,,"{""isCatalog"": false}",,,Unidad,,,
101,Servicio de cambio de bateria de baño,100.0,0.0,,11LNUEQKIaPqcw6gKm_1hkKtbhzZR3YgJ,,,,"{""isCatalog"": false}",,,Unidad,,,
102,Reflector LED 100W 220V,390.0,0.0,,11M2NcnDx88cMaAD9D5BjUrv6kqE0Ox3u,,,,"{""isCatalog"": false}",,,Unidad,,,
103,Focos LED de 15W,24.0,0.0,,11MoNoRurv_EUG692_7BfLAUR44nqwLug,,,,"{""isCatalog"": false}",,,Unidad,,,
104,Gargador de bateria recargable para bateria de 9V,165.0,0.0,,11TVRn6igIZ-RMP6ZL15Jwa1sTpAn608M,,,,"{""isCatalog"": false}",,,Unidad,,,
105,Poliductos,12.0,0.0,Cableductos 20*10 de 2 metros,11U981hKkDjA5VV8VWUBQfZSBO6N6Wfzj,,,,"{""isCatalog"": false}",,,Unidad,,,
106,Enchufe de 15A tipo L,15.0,0.0,,11VClUO8FRhFyzxEfZp00IVCHY5FwL0hc,,,,"{""isCatalog"": false}",,,Unidad,,,
107,Foco vela E12 Luz cálida LED,28.0,0.0,,11VoCoxcz6O8grNbm22vVLVnBbyuJaQi2,,,,"{""isCatalog"": false}",,,Unidad,,,
108,"Cablecanal 15*10, Marca DIMAX - Industria BRASIL",10.0,0.0,,11wcqQ-SP1qDgsucA7nVdm9Y2ucAQgMsJ,,,,"{""isCatalog"": false}",,,Unidad,,,
109,"CABLE DE CU N°12, 7 HILOS C/NEGRO (ROLLO 100 METROS)",890.0,0.0,,11YDU63Z_t0IbwjhrRYboTPXt3p-Uj_7N,,,,"{""isCatalog"": false}",,,Unidad,,,
110,Chapa de Perilla,0.0,0.0,,1209AoLVka0gJTuzQNrWw5Hvm5n2cCAD6,,,,"{""isCatalog"": false}",,,Unidad,,,
111,Repuesto para halogeno de 400W Rudium,120.0,0.0,,123h0VOY24dni8qu5I5UMMn-WFa5B4wp0,,,,"{""isCatalog"": false}",,,Unidad,,,
112,Tubo para instalación eléctrica PVC 3/4 (barra de 3 metros),10.0,0.0,,12A053XGikOVpkdQrZnFp0AVQpS3zR8mA,,,,"{""isCatalog"": false}",,,Unidad,,,
113,CHAPA DOS GOLPES,655.0,0.0,,12AgdTsqkqqMksmboKvgFIQ25ISx2sJAn,,,,"{""isCatalog"": false}",,,Unidad,,,
114,Cinta aislante 20Y 3M,20.0,0.0,,12AzdfzmI_48nMG9xoU6JXJmcgMag7zUN,,,,"{""isCatalog"": false}",,,Unidad,,,
115,Placa TV,29.0,0.0,,12c6IKpC4zaYt_2Y1OPwLRYWW2hgpUYhZ,,,,"{""isCatalog"": false}",,,Unidad,,,
116,Foco rosca LED 20w,22.0,0.0,,12DnAsqfn2UNOIcullxYLedOS9TxrWJfr,,,,"{""isCatalog"": false}",,,Unidad,,,
117,Clavo para calamina (bolsa),38.0,0.0,,12g_JM9b4N_iiTn7uuhO3cy0IuZVm_B4b,,,,"{""isCatalog"": false}",,,Unidad,,,
118,Soquet,10.0,0.0,,12gdf7nHa30EihqjX7Df8VxhJmPWnsHf3,,,,"{""isCatalog"": false}",,,Unidad,,,
119,"Panel LED, 18 Watts",85.0,0.0,,12GFd9W2ScTbJssEQGZPDAo35zgF11B3u,,,,"{""isCatalog"": false}",,,Unidad,,,
120,CLAVO DE 1/2 (KILO),48.0,0.0,,12GLU9y5h8dxX6dHqo6ETfxYsL-DUOubh,,,,"{""isCatalog"": false}",,,Unidad,,,
121,Enchufe doble de pared marca Mr Three,32.0,0.0,,12Iy3izkTurX-VJUrV5JsDX7NeDoyuLVk,,,,"{""isCatalog"": false}",,,Unidad,,,
122,Chapa para puerta de Aluminio Papaiz,295.0,0.0,,12JGDuKrzRIGkUpDW1k3GyofUP01q7Klg,,,,"{""isCatalog"": false}",,,Unidad,,,
123,Panel LED 60X60 60W,195.0,0.0,,12k8H-cCwEOgsDvEnE7G01uFDZzrJU2VM,,,,"{""isCatalog"": false}",Iluminación,Paneles LED,Unidad,,,
124,Cortapico 6 tomas,65.0,0.0,,12lZeqJzSvANJWzm484zk534W8LEOXUNw,,,,"{""isCatalog"": false}",,,Unidad,,,
125,Bocina grande,240.0,0.0,,12ohBoRuIjr9PiKU-VOIKe9CHdA3VRcVG,,,,"{""isCatalog"": false}",,,Unidad,,,
126,FOCO DE 9W,12.0,0.0,,12P0QooBSIev3ScgkigbBjRD30F5NlI6c,,,,"{""isCatalog"": false}",,,Unidad,,,
127,Tubo Corrugado de 5/8 (metro),4.0,0.0,,12PEISNVPmr74fGw1Y0AD_jyzFEBlkhk2,,,,"{""isCatalog"": false}",,,Unidad,,,
128,Térmico bipolar 63Amp,60.0,0.0,,12pW2NVKDto_QFf4K32PyoEiG-2tT1FrJ,,,,"{""isCatalog"": false}",,,Unidad,,,
129,Escalera Plegable de 5 escalones,650.0,0.0,,12SeeZgezo22bC6gke4ozarBkR1ZU8Jej,,,,"{""isCatalog"": false}",,,Unidad,,,
130,Foco LED tipo Vintage,65.0,0.0,,12SQGDnIvT8-SHxC4yVzKqfjlN4UENqjP,,,,"{""isCatalog"": false}",,,Unidad,,,
131,Luminaria LED de 150W marca EVERLEO,580.0,0.0,,12tgpnWJ4cEw7A3v_p6jBkZScHIyO8sX6,,,,"{""isCatalog"": false}",,,Unidad,,,
132,Panel LED 24W empotrable cuadrado,59.0,0.0,,12WBsI6_BTWLffGl_81mU51mBaYa0ooAg,,,,"{""isCatalog"": false}",,,Unidad,,,
133,Caja rectangular empotrable para placa electrica,3.0,0.0,Caja plástica empotrable para placas electricas int/toma,12WrxaZoQFO2E7VeaIAwLjVkhNJhoQltt,,,,"{""isCatalog"": false}",,,Unidad,,,
134,"Panel LED 18W, cuadrado, luz blanca, sobrepuesto",50.0,0.0,,13-2SItubdkq3it6CGq1X50gkeGmMqHzs,,,,"{""isCatalog"": false}",,,Unidad,,,
135,Pila AA recargable con cable USB,32.0,0.0,,1320F3pWNvj_SWyNgn8A8ZPLvUBEjjQ2V,,,,"{""isCatalog"": false}",,,Unidad,,,
136,PLACA TOMACORRIENTES DE 2 PUERTOS,29.0,0.0,,1320Ia-NGwxokpaTxfqdD6Dm-ASJb3K5q,,,,"{""isCatalog"": false}",,,Unidad,,,
137,"Rollo cordón TL 2*22, AWG",195.0,0.0,,13BYxx3Ic8RbcdiOTO3Hytwt0BXwFPDdQ,,,,"{""isCatalog"": false}",,,Unidad,,,
138,Enchufe clavija plana,8.0,0.0,,13daEm-y5_IpxC4oO9SkD_3dPb2MEUuPf,,,,"{""isCatalog"": false}",Electricidad,Conectores,Unidad,,,
139,Foco LED rosca E27,12.0,0.0,,13E6T30O-EnOzJU46_mVUdMO3Mq9Hdf8M,,,,"{""isCatalog"": false}",,,Unidad,,,
140,Foco LED 18W,23.0,0.0,,13f7H8BkehBSz2IOjp12IcwYBhFWR_d4z,,,,"{""isCatalog"": false}",,,Unidad,,,
141,Foco LED de 15WATT,25.0,0.0,,13fL9NX4j3LAM_xl1cZZscLBXW5xtNm0G,,,,"{""isCatalog"": false}",,,Unidad,,,
142,Panel LED 60x60 de 60W sobrepuesto luz blanca,290.0,0.0,,13giMpfgCSd1C6ApBF4wjDGG3-uV-qM20,,,,"{""isCatalog"": false}",,,Unidad,,,
143,Panel 18W sobrepuesto 20.5 cm luz blanca,55.0,0.0,,13hdL3MnPyPtO7BKRGqS09BaERJoqvDbC,,,,"{""isCatalog"": false}",,,Unidad,,,
144,Termico 32A,45.0,0.0,,13KicAJ4NTuS0NOVXPtNWRp8bl_6YOXSU,,,,"{""isCatalog"": false}",,,Unidad,,,
145,Chapa de puerta metalica de Perilla marca Papaiz,195.0,0.0,,13Ll6dVjpEtRXF4tWqrkCFITd9XtSuagP,,,,"{""isCatalog"": false}",,,Unidad,,,
146,Reflector de 200W,450.0,0.0,,13LvU4ACZzwPbUtXaNkA4zC59PoYdafqR,,,,"{""isCatalog"": false}",,,Unidad,,,
147,Tubo LED 20W 220 - 120cm,20.0,0.0,,13MC7ebBiAk62ZvI74pv4h5YHPuhUEB_A,,,,"{""isCatalog"": false}",,,Unidad,,,
148,Tomacorriente universal doble,37.0,0.0,,13mMc4Dsx_iPHvUNr9JvIxuEUT3wigGhO,,,,"{""isCatalog"": false}",,,Unidad,,,
149,"Placa tomacorriente doble de pared de aluminio, Mrca UYUSTOOLS, Industria BRASIL",25.0,0.0,,13N9TQCX24MtPQ2uq7vjYLz4iLh3rZ3Jb,,,,"{""isCatalog"": false}",,,Unidad,,,
150,Cableducto para pared 60 x 20 mm alto 2 metros,28.0,0.0,,13NqoTfYLNBeC14dgjRcswBlJemfr6zKo,,,,"{""isCatalog"": false}",,,Unidad,,,
151,TUBO LED 9W X 220V,20.0,0.0,,13oqotKKv0NGjmYOwNo0NcC9gFQkQVIcO,,,,"{""isCatalog"": false}",,,Unidad,,,
152,Par de guante de cuero para trabajos de electricidad,65.0,0.0,,13QCHa2a2F1f_mBBh3LWd4j99LTLmrxiO,,,,"{""isCatalog"": false}",,,Unidad,,,
153,Cable telefónico de 4 hilos de 100M,150.0,0.0,,13qZzevnHlh5FoqxHFroVrDbQHIn2qAjc,,,,"{""isCatalog"": false}",,,Unidad,,,
154,Soquets con fotocelula ARGO,110.0,0.0,,13SfT8fQXoPKS50Y2jpi_VN-OsZYSNxdx,,,,"{""isCatalog"": false}",,,Unidad,,,
155,Rodillo,42.0,0.0,,13u9o2WaxnT-6UC939N-ImpniI8ZwXgFT,,,,"{""isCatalog"": false}",,,Unidad,,,
156,Cable LAN (METRO),3.0,0.0,,13UaxtTxZqWYWB7g0dzYOrh6-M2Dhshv2,,,,"{""isCatalog"": false}",,,Unidad,,,
157,Tubo LED 1.20m luz blanca,75.0,0.0,,13uGvJJYVwiE83t82RMiS6uwuGCrgjYBw,,,,"{""isCatalog"": false}",,,Unidad,,,
158,Volandas de 5/16,0.6,0.0,,13vilYKb53tt4njfQG2TE-DPIacJdkiBA,,,,"{""isCatalog"": false}",,,Unidad,,,
159,"Tubo LED 1.2Metros, 20W",20.0,0.0,,13vJFoH7b_mjgeTs2KL89p0RVE98kwDn3,,,,"{""isCatalog"": false}",,,Unidad,,,
160,Rollo Cable de 7 hilos N° 12 Marca Tigre-Plasmar,435.0,0.0,,13x7TAncAlVv_f-ERWBNKek2gBaCnmGYC,,,,"{""isCatalog"": false}",,,Unidad,,,
161,Estilete de plástico,3.0,0.0,,13xJfphG8PiRJRKyZBCsq-3oMS8Q6khfa,,,,"{""isCatalog"": false}",,,Unidad,,,
162,Clavija planas,10.0,0.0,,13ZbqUdgsHWUxHfRvg7H2_4hRfUVZkqMr,,,,"{""isCatalog"": false}",,,Unidad,,,
163,"Cable UTP CAT 6, 100% cobre, rollo de 305 metros, marca Rowland",1550.0,0.0,,13zzla0nvM5aaqMY_ISm7rsTJOhDAM9JR,,,,"{""isCatalog"": false}",,,Unidad,,,
164,"Alambre de cobre #12, de un filamento, antillama, marca Tigre",495.0,0.0,,143_kGAoJAB1SeB0jPuOaEd0UQUJSDVPJ,,,,"{""isCatalog"": false}",,,Unidad,,,
165,Clavija Macho,7.0,0.0,,143QgkrsSTIVpaB0301gwFMbJDImTGTty,,,,"{""isCatalog"": false}",,,Unidad,,,
166,Tubos corrugado de 3/4 rollos,0.0,0.0,,144TlzKr1BTnGuMNPYAlyeGhDugKF7dX0,,,,"{""isCatalog"": false}",,,Unidad,,,
167,Interruptor en placa simple,25.0,0.0,,145eHAYOQIJzEEJ1THJSXm8uMNrh-RkNv,,,,"{""isCatalog"": false}",,,Unidad,,,
168,"L para mueble 3""",7.0,0.0,,146jV6cZQ9AI_tlG-QYtK46Kzv8dwREBE,,,,"{""isCatalog"": false}",,,Unidad,,,
169,Enchufe regleta de 3 salidas con tierra tipo Nema,65.0,0.0,,148rpZs5no7jhT1_Lhu4r1YNarfslgOW9,,,,"{""isCatalog"": false}",,,Unidad,,,
170,Lampara tipo campana negro con foco LED 9W,155.0,0.0,,149RZmInQGery2zLwLRLN-mdaK08_hcAX,,,,"{""isCatalog"": false}",,,Unidad,,,
171,Tornillo N°6 (100U),45.0,0.0,,14a194s6P8uukWZxmfpG20C_UqQ6Vl1a1,,,,"{""isCatalog"": false}",,,Unidad,,,
172,Chapa metálica a manija marca Barbilla Brasil,480.0,0.0,,14bbyt4qgS68dXL16Jb0DD8AmZfRNEO7X,,,,"{""isCatalog"": false}",,,Unidad,,,
173,"Tornillo 2"" estrella (bolsa 500u)",195.0,0.0,,14BCvRzMiN8KLKdLu03o57S4bFl1Kcog8,,,,"{""isCatalog"": false}",,,Unidad,,,
174,Cable RJ11 para conexión de teléfono  Rollo 100Mts,190.0,0.0,,14Efi4w4GpBLLB1ny6tqawhSmyKNIV8Ne,,,,"{""isCatalog"": false}",,,Unidad,,,
175,Cable monopolar de 100M N°8 AWG 7 Hilos 100% cobre Tigre,1350.0,0.0,,14emyccmmsnNiXf9LTNBKSIjAVdN3RDN-,,,,"{""isCatalog"": false}",,,Unidad,,,
176,PANTALLA CUADRA DE 30X30 LUZ BLANCA,58.0,0.0,,14gXA3I2bty36F7-cydvb3ptjqBcnRmYG,,,,"{""isCatalog"": false}",,,Unidad,,,
177,Foco LED 22W luz blanca,30.0,0.0,,14H_DmfbBZVfGLjF9qaN2DUrzfITrHBF5,,,,"{""isCatalog"": false}",,,Unidad,,,
178,"CINTA ELECTRICA AISLANTE(VINIL) 3M DE 20 YARDAS   Medidas:19mmx18,3 m     Grosor: 0,17 mm Color: Negro",14.0,0.0,,14Ia2Ez1hydOXeW9BQhy5G2pY7GUvcfj1,,,,"{""isCatalog"": false}",,,Unidad,,,
179,Panel LED dicroico 7W,29.0,0.0,,14iOZRlXJ7N56nxnHOcmBMPJvbQBtbHBV,,,,"{""isCatalog"": false}",,,Unidad,,,
180,Chapa de escritorio,15.0,0.0,,14iTmpHKBj20QL11o4SlMu_xwJNZmvZfZ,,,,"{""isCatalog"": false}",,,Unidad,,,
181,"Tomacorriente sobrepuesto 4 tomas nema, 15 amp",120.0,0.0,,14J3_vabOjVytwsp0AeBZppiQBZ5ibu00,,,,"{""isCatalog"": false}",,,Unidad,,,
182,Enchufe macho,10.0,0.0,,14j9PrjjqO5YQ4xVF2JcWFrOGGGrWMj7G,,,,"{""isCatalog"": false}",,,Unidad,,,
183,"Foco LED, TIPO PANEL, COLOR BLANCO, TENSION 36W, TOPO TORTA 3 TIEMPOS",180.0,0.0,,14jEKItJGIn8pJdZPkIFMa9HuM2e9SKay,,,,"{""isCatalog"": false}",,,Unidad,,,
184,"Tubo PVC 1""",15.0,0.0,,14MeKGDdd6-09wTeMgXBwupm_eeAI5zWs,,,,"{""isCatalog"": false}",,,Unidad,,,
185,Cinta aislante grande,15.0,0.0,,14NCwkJqC8gnatuVbO32uuPFtngoawyXo,,,,"{""isCatalog"": false}",,,Unidad,,,
186,Alambre de cobre N°16 (100mtrs),220.5,0.0,,14pLJVIzxvIXoB7E4rtf57tmsisCw4BlC,,,,"{""isCatalog"": false}",,,Unidad,,,
187,Rollo cordón doble N°20,280.0,0.0,,14PpW2q9CsieFav2rxt7KbVjDllZjqSOF,,,,"{""isCatalog"": false}",,,Unidad,,,
188,Conector terminal tipo zapatito,14.0,0.0,,14qbv16CenaJdgVAbT7u4IRW2vjivdJQD,,,,"{""isCatalog"": false}",,,Unidad,,,
189,"Aplique LED para exterior, negro, 6 ojos, luz calida, 6W",150.0,0.0,,14RAHSBz665CdFZMFnyc1r4vdLP6IWLGI,,,,"{""isCatalog"": false}",,,Unidad,,,
190,Temporizador 16A,240.0,0.0,,14SFmbSjJDTqb08R_NeFPT7hpnTTR4Chz,,,,"{""isCatalog"": false}",,,Unidad,,,
191,Clavija tipo Schuko,16.0,0.0,,14sfoDvKLfXHCILYFnA1iL9dpenNBDsWN,,,,"{""isCatalog"": false}",,,Unidad,,,
192,Cableducto de pared 15x30,20.0,0.0,,14sLEUz1U_KGnZIuiuLSg_RYDeN5QjOXA,,,,"{""isCatalog"": false}",,,Unidad,,,
193,Transformador para pantalla LED (24W),25.0,0.0,Transformador de pantalla LED 24W,14SpDX-pMsbAe0UQidyE6VcpWQEIUGsQJ,,,,"{""isCatalog"": false}",,,Unidad,,,
194,Cable multifilar Blanco 4mm2 (rollo de 100 metros),698.0,0.0,,14SqucEZPtKOwPGtOr4c__MUdF3elkQAd,,,,"{""isCatalog"": false}",,,Unidad,,,
195,Chapa blindada marca CASSINI de tres golpes,140.0,0.0,,14Src3mz7G6ArMhslQ8qFLokRxRF38N9L,,,,"{""isCatalog"": false}",,,Unidad,,,
196,Adaptador universal,15.0,0.0,,14TRpWbas2z9SItPgVOkItf_7ULy_xmBD,,,,"{""isCatalog"": false}",,,Unidad,,,
197,"Cable eléctrico N°12 de 7 hilos, cobre puro, rollo de 100 metros",480.0,0.0,,14WOF27Z4fb0V1SiilX5Ll_XXz9cSgAW4,,,,"{""isCatalog"": false}",,,Unidad,,,
198,Clavija marca Ultra,6.0,0.0,,14X6siqNlzb52YvMqPFlSfW7gYgv0GHmu,,,,"{""isCatalog"": false}",,,Unidad,,,
199,Clavija para extensor,8.0,0.0,,1503XzkqNbxeSHGk-FN12OQ5PmxVP6t6Q,,,,"{""isCatalog"": false}",,,Unidad,,,
200,Aplique cromado para pared,110.0,0.0,,150NvGqEKyPnaNEHX3t61p_Y6rZfzq9zu,,,,"{""isCatalog"": false}",,,Unidad,,,
201,Cable tipo alambre 7 hilos N°12,490.0,0.0,,150rJrWEuhV3fgbOxJHekGTErht5ANeoj,,,,"{""isCatalog"": false}",,,Unidad,,,
202,Clavija plana 16Amp,10.0,0.0,,150rmDWRyhNhpI-fjcPRTix-6lxb8NZID,,,,"{""isCatalog"": false}",,,Unidad,,,
203,Focos LED de 7W para empotrar,30.0,0.0,,153_Fqsyld53ZEktZf09BP2yVVgBS09uk,,,,"{""isCatalog"": false}",,,Unidad,,,
204,Regleta de 4 tomas reforzado,85.0,0.0,,153OeaGdkU2Y-dp9S92Bgg64uxP9x9v6F,,,,"{""isCatalog"": false}",,,Unidad,,,
205,Grapas lara cable (caja),15.0,0.0,,1556HBKwfGPjA3dYXTpazR7PX_oRWHrZr,,,,"{""isCatalog"": false}",,,Unidad,,,
206,"Pantalla 20*20cm, sobrepuesto, marca G-Land",41.0,0.0,,156bpE3JRNrCbwW4I0xQZPityRmdxISKS,,,,"{""isCatalog"": false}",,,Unidad,,,
207,Interruptor simple SICA,25.0,0.0,,15APQm0VFTu1-A6PxKjnOprGljpPBe7wQ,,,,"{""isCatalog"": false}",,,Unidad,,,
208,Masilla acrílica (Lt),45.0,0.0,,15b6EFKKSoYWGb2FgR93UswNNAZhUxlzE,,,,"{""isCatalog"": false}",,,Unidad,,,
209,Reflector LED de 100W 220V Marca Booniga (PRC),195.0,0.0,,15bQksQZGoUh_wTyrhzeVwPp-pikdfFDA,,,,"{""isCatalog"": false}",,,Unidad,,,
210,Cable multifilar Negro 4mm2 (rollo de 100 metros),698.0,0.0,,15cvc9XnBmmx6XPDQI48hYuv_dHZxsZxi,,,,"{""isCatalog"": false}",,,Unidad,,,
211,"Tomacorriente tipo nema doble de 10Amp, 250V",15.0,0.0,,15DnzE0u2WRrbokmUJ298rH2FcRbASBju,,,,"{""isCatalog"": false}",,,Unidad,,,
212,Tubo led de 12W Luz Blanca,18.0,0.0,,15GhBhA46JFi3T4MHbrJSodtWYPHdwp-j,,,,"{""isCatalog"": false}",,,Unidad,,,
213,Cable de energía N°10 alambre TIGRE,1620.0,0.0,,15hL6rtae-evQgK3UygzVQa3zZpNAA8rH,,,,"{""isCatalog"": false}",,,Unidad,,,
214,Kilo microesferas de vidrio,60.0,0.0,,15I1s77xofNGZnmHiEVoiMKmXOHGeu1mI,,,,"{""isCatalog"": false}",,,Unidad,,,
215,Reflector LED 200W,450.0,0.0,Reflector LED 200W luz blanco 6500K 220V,15iAWKpflBsKaD7iVKFmpyS5CvNy6Y3-l,,,,"{""isCatalog"": false}",,,Unidad,,,
216,TUBO LED DE 20W X 220V,20.0,0.0,,15ib_rTVJRPHNIBmb4gUiW9NBvTSk8PVo,,,,"{""isCatalog"": false}",,,Unidad,,,
217,Picaporte 10cm,20.0,0.0,,15inN9eFcemNjNSWt7G_mZN8JktdVyTjL,,,,"{""isCatalog"": false}",,,Unidad,,,
218,CABLECANAL DE 15X10,9.0,0.0,,15jhoyo4NbywssZLIhsFYu0ZOwfPsE2xR,,,,"{""isCatalog"": false}",,,Unidad,,,
219,Cableducto 20*10mm,8.0,0.0,,15JnroUdkrPIN-uMFLdNce_O9VSpfmnF7,,,,"{""isCatalog"": false}",,,Unidad,,,
220,Cable cordón bipolar 2x14 Tigre (rollo 100 metros),1720.0,0.0,,15KhDSGo3CF-hKKnxl5I3RqaWDYwiJeT9,,,,"{""isCatalog"": false}",,,Unidad,,,
221,"Jaladores de 4""",30.0,0.0,,15KVN-Y93UKahzcT-dYwS6niarWX4lRCd,,,,"{""isCatalog"": false}",,,Unidad,,,
222,Foco Dicroico LED 5W GU10,28.0,0.0,,15LD7Btos-GAM03BQN5quwG1Qg1b_ALIn,,,,"{""isCatalog"": false}",,,Unidad,,,
223,Electrodo 6013 de 3.25mms,35.0,0.0,,15NiICVkQDBvJOZpxCsz4s8pJFYBm70Tm,,,,"{""isCatalog"": false}",,,Unidad,,,
224,Enchufes de ISA tipo L,12.0,0.0,,15nZCJLMwEZA6N7B_Ek3wRnSFFMnqzPTh,,,,"{""isCatalog"": false}",,,Unidad,,,
225,Soquet de colgar negro,5.0,0.0,,15OInhF41XDesNglTrICfxN9o7N5mAKDL,,,,"{""isCatalog"": false}",,,Unidad,,,
226,TÉRMICO DOBLE DE 25 AMPERIOS - 415V 50/60 HZ 6000,45.0,0.0,,15p8MAyjmjItHudKBaMJLhUFK4lD9anl4,,,,"{""isCatalog"": false}",,,Unidad,,,
227,Panel LED 60*60cm  sobrepuesto,220.0,0.0,,15pn89LrwL9QOn2-XUnViqA7aMs2T30QA,,,,"{""isCatalog"": false}",,,Unidad,,,
228,Luminarias públicas solar- recargable 150W,445.0,0.0,,15QScAXL_z8vcHxJh59CWiLKWR7G081Pz,,,,"{""isCatalog"": false}",,,Unidad,,,
229,Máquina Industrial Recta JUKI DDL-8700,5600.0,0.0,,15RFPt4NvAIAw0AP9ndEpJ-9sKRzD88TZ,,,,"{""isCatalog"": false}",,,Unidad,,,
230,Precinto plástico 100mx2.5 (bolsa 100u),16.0,0.0,,15STCwxB_K-2PkXYo9B6ChiSVY9cqakh-,,,,"{""isCatalog"": false}",,,Unidad,,,
231,Cablecanal 20*10,8.0,0.0,,15tlrHYoYdxxWxjjYYIWOzU8WD7fRQPwk,,,,"{""isCatalog"": false}",,,Unidad,,,
232,"Pantalla metalica empotrable 2*40 con rejilla (reactancia-ELT ESPAÑA),",150.0,0.0,,15uYqqEPONgRE9a9QaX1nVkCse1RdPNgk,,,,"{""isCatalog"": false}",,,Unidad,,,
233,Pantalla LED pequeño 30cm,35.0,0.0,,15VCE046jsRAJmQAg06fWZ0ugmPzTmVNH,,,,"{""isCatalog"": false}",,,Unidad,,,
234,Foco LED E14 luz blanca,25.0,0.0,,15vVJXVWiehM9oBA4S_ze53gO11xYJhIw,,,,"{""isCatalog"": false}",,,Unidad,,,
235,Cable #6 (7 hilos) rollo de 100 metros,3400.0,0.0,,15x9YmdFwjQb4IO-HO6-_jvwiFcsYl9sU,,,,"{""isCatalog"": false}",,,Unidad,,,
236,Tubo fluorescente 20W,25.0,0.0,,15xS5eXG2A8FThpZq0nCBFc8KCjjScTah,,,,"{""isCatalog"": false}",,,Unidad,,,
237,Conector RJ45,250.0,0.0,,15XXw5gw8DEC1AMvpklsmhQ8gVUp7qrih,,Novaled,,"{""tienda #840"":{""General"":0},""Novaled #818"":{""General"":0}}",,,Caja,,ART_1782933880_71c74ed8.jpg,2026-07-01
238,Cautin 300W Marca UYUS,360.0,0.0,,15Y_nevQQHUNlMlUu3nWjN9Weu-mjFuzA,,,,"{""isCatalog"": false}",,,Unidad,,,
239,"Estabilizador 1000VA, 220v, 4 entradas nema universal, indicador visual luz LED de estado, 2 conectores USB",215.0,0.0,,15YLyXg2AqoQ57hc4AmQy1KNmoKmKv9ti,,,,"{""isCatalog"": false}",,,Unidad,,,
240,Barniz a color,48.0,0.0,,15Z-XGNnqZTHPCQ97pujbqcoBfqgsMXo_,,,,"{""isCatalog"": false}",,,Unidad,,,
241,Toma Schuko doble soprepuesto,40.0,0.0,,15Zi2xPkcR0_vR7WKPkSsEpcbaTel229x,,,,"{""isCatalog"": false}",,,Unidad,,,
242,Rollo de cable #12 de 7 hilos,480.0,0.0,,15Zqk9nvUI7KTzTuigP8lFV7tGWqcCnpl,,,,"{""isCatalog"": false}",,,Unidad,,,
243,Guirnalda de 10 metros (con 20 soquets),260.0,0.0,,15zY-UNJFRHN17-rCJh1sTbuGEayeds8R,,,,"{""isCatalog"": false}",,,Unidad,,,
244,Cable bipolar N°10,480.0,0.0,,16-m2mzMkFsCv3oiUIGTP-9eemuKRUztq,,,,"{""isCatalog"": false}",,,Unidad,,,
245,TALADRO INALÁMBRICO DE 20V BATERIA 2 A 2.0AH CON PERCUTOR (INCCO),1125.0,0.0,,160_rQI4QjoSSQ4mPbgagLCIUFfeRAteJ,,,,"{""isCatalog"": false}",,,Unidad,,,
246,Cable alambre N°1x12 Tigre (rollo 100 metros),740.0,0.0,,160KWhgpfVdaH10rQDpCeEp182DGGJ-9A,,,,"{""isCatalog"": false}",,,Unidad,,,
247,Reflector LED de 300W de ojos IP66,480.0,0.0,,161QmoH-9cMrifvb6ycSqJu1MP8V9Hf1i,,,,"{""isCatalog"": false}",,,Unidad,,,
248,Pintura de 18 litros,150.0,0.0,,163S6SaYAcV4bXOM4yCgXPlTPcoFEP6Ps,,,,"{""isCatalog"": false}",,,Unidad,,,
249,Baterías de baño,70.0,0.0,,164dPCD5U1IDsvJJepDEjClq7_E8c6JO_,,,,"{""isCatalog"": false}",,,Unidad,,,
250,"Perno 1/4 x 2"" (150 unidades)",230.0,0.0,,166-u1K17ZcVOmd6Oijm31WTNgyxuLbHa,,,,"{""isCatalog"": false}",,,Unidad,,,
251,Foco LED 5W luz cálida,10.0,0.0,,166YBtdqYb347RzDdFukBea9lhrtgdr5V,,,,"{""isCatalog"": false}",,,Unidad,,,
252,Tubo LED 20W vidrio transparente 6500K,25.0,0.0,,167T8XDs2nAqfHJm3cBZIEQbUYUlUVj4V,,,,"{""isCatalog"": false}",,,Unidad,,,
253,"Pantalla; dimensión 30x30 cm; material aluminio: recubrimiento acrílico; tratamiento fosfatizado; uso artefacto, tipo plafón: numero 2 tubos. Industria Brasilera",48.0,0.0,,168HSqMbKPa6U5X6ig3FedevnnVUFycKk,,,,"{""isCatalog"": false}",,,Unidad,,,
254,Cable UTP CAT6 aleación de cobre (metro),6.0,0.0,,16C6jxaTbD-tfv3CdRQ2V1KmfRL2sJKAv,,,,"{""isCatalog"": false}",,,Unidad,,,
255,Termocontraible 25mm,25.0,0.0,,16cBvKAqGLmtWgsY9GYVHCDAiD5QSdKpL,,,,"{""isCatalog"": false}",,,Unidad,,,
256,Soquet de porcelana,6.0,0.0,Soquet de porcelana,16DX367FF3lzKkLUeYgbTsQcAgj0XVH75,,,,"{""isCatalog"": false}",,,Unidad,,,
257,Cableducto de piso 15x50mm x 2 mts,68.0,0.0,,16eIC0wk8E5tw41V6jSOIVXLGc3wG-6T8,,,,"{""isCatalog"": false}",,,Unidad,,,
258,Alambre CU AWG 1*2.5 (N°14),310.0,0.0,,16FwADMKIl4_5PuO8KMw_PAwBTDtyupkB,,,,"{""isCatalog"": false}",,,Unidad,,,
259,Cableducto de piso con adhesivo 50*15mm,35.0,0.0,,16G3H_GPqtKWwK7RpLFhYu2RDYPLr6PqB,,,,"{""isCatalog"": false}",,,Unidad,,,
260,Tensadores,9.0,0.0,,16GWLTyxzpXZ0tPhs2Inyd-e69wTnc7Ik,,,,"{""isCatalog"": false}",,,Unidad,,,
261,Reglector frontal,0.0,0.0,,16iq_wvUbOPlKMWLIvGL21ihSo2pLTt67,,,,"{""isCatalog"": false}",,,Unidad,,,
262,"Tubos LED, 20W, Tamaño 1.2M, Luz blanca",20.0,0.0,,16IrSPzUpKfRXWF9CVbXgkdQT5_nx0StV,,,,"{""isCatalog"": false}",,,Unidad,,,
263,Manilla desmagnetizadora antiestática,90.0,0.0,,16NEGwUGyaaAVO7dMUT-CHyqahUNFvepn,,,,"{""isCatalog"": false}",,,Unidad,,,
264,Rollo Cable 7*12,490.0,0.0,,16oQeycKmg9O_oUSYL3BtbpL2iEBnjOrL,,,,"{""isCatalog"": false}",,,Unidad,,,
265,Lija 250 (metro),58.0,0.0,,16qgfckAhNxnkbAlifc5A2cpc_k7xrdh9,,,,"{""isCatalog"": false}",,,Unidad,,,
266,Cemento cola de 20Kg,35.0,0.0,,16RFfcg8uqx-dF-0DDSaLj_H2Fet5mO2s,,,,"{""isCatalog"": false}",,,Unidad,,,
267,Broca #6,17.0,0.0,,16TSVxMNY56oZngOP9UpQMIv_4ZRBiDH8,,,,"{""isCatalog"": false}",,,Unidad,,,
268,Grapa con clavo 8mm marca Arpasini,18.0,0.0,,16W7jTbsOjHoYWYI7l8dAfQiTkSN7yNi1,,,,"{""isCatalog"": false}",,,Unidad,,,
269,"Panel LED circular sobrepuesto de 24W, luz blanca",55.0,0.0,,16wWkKMHbdw7aq8oy2qSimqEvecnqYzfv,,,,"{""isCatalog"": false}",,,Unidad,,,
270,Enchufe eléctrico de 4 tomas,20.0,0.0,Enchufe eléctrico de 4 tomacorrientes,16XtgENbxKj7oUFgpaxONEpx11VS-SKJ9,,,,"{""isCatalog"": false}",,,Unidad,,,
271,Cinta doble contacto 5Y,20.0,0.0,,17-mfSsBBrBZupJ_EWisoTGJBkDj_ybJ4,,,,"{""isCatalog"": false}",,,Unidad,,,
272,Cable eléctrico (#12) 7 hilos,445.0,0.0,Cable eléctrico (#12) 7 hilos 100 metros,172YZ5MJ8PstZk3RA5Bgzwuxit6xSBgLG,,,,"{""isCatalog"": false}",,,Unidad,,,
273,Rollos de cinta aislante,14.0,0.0,,173sb2gjSou1ve_64UjKrPl8RPY0tDsK7,,,,"{""isCatalog"": false}",,,Unidad,,,
274,Tapa de baño plástico semi acolchado,170.0,0.0,,175HBC9cj1eQ18K7IFPOFhkPaW5VlnZuy,,,,"{""isCatalog"": false}",,,Unidad,,,
275,Cibta aislante 3M 20Y,15.0,0.0,,177pcu87L3JXA0tA6UVP4cKCAzOkot1cX,,,,"{""isCatalog"": false}",,,Unidad,,,
276,Broca N°10 pars concreto,20.0,0.0,,1790gwkfNqD_-LEagsuaM2wRIePTceLu9,,,,"{""isCatalog"": false}",,,Unidad,,,
277,Socalo,6.0,0.0,,179AsTdf5ruW0iJKwPrIJlN5itF_r0kFH,,,,"{""isCatalog"": false}",,,Unidad,,,
278,CLAVIJA PARA PLANA   Material PVC o Plastico y Cobre   Amperaje : 15 A Voltaje : 220V Tamaño : Estandar,7.0,0.0,,17a428OAn45xLQsgw9C6qpgbrcCoWMMyF,,,,"{""isCatalog"": false}",,,Unidad,,,
279,Cinta doble contacto 20metros,82.0,0.0,,17b6bG0chfOYp5eYXqE04lz9e7XMlQxUs,,,,"{""isCatalog"": false}",,,Unidad,,,
280,Cable con conector plug,10.0,0.0,,17dhhuLxpzJXdVh9HC3i3qjllgu22kIHs,,,,"{""isCatalog"": false}",,,Unidad,,,
281,"Caja sobrepuesta 15X15X7, IP65",50.0,0.0,,17Dt3cgqjrE_yBC91bQPBkkgSLW2D__xN,,,,"{""isCatalog"": false}",,,Unidad,,,
282,Caja para placa sobrepuesto,10.0,0.0,,17F-3oPJFWg32hN2ksDrXKIwZk-ktCaBi,,,,"{""isCatalog"": false}",,,Unidad,,,
283,Caja sobrepuesta 20x20 para exterior con protección IP,65.0,0.0,,17Fb9k8-4hcuOgCRC1GDQv_e9W3Unyezl,,,,"{""isCatalog"": false}",,,Unidad,,,
284,Reflector LED con panel solar 300W,580.0,0.0,,17HHmBFULP9E1nuCJDPK1y0bTVps2aFNc,,,,"{""isCatalog"": false}",,,Unidad,,,
285,Rack completo 1 via medida 15x5,65.0,0.0,,17hXY7wJ6a8IpWKp9SxKtncIQycKreK7a,,,,"{""isCatalog"": false}",,,Unidad,,,
286,Cable de alta tensión,8.0,0.0,"N°8 dúplex
Con alma de acero
Marca",17jC9obYaEpBL0vVBj-6iI9IXtwcrzEyV,,,,"{""isCatalog"": false}",,,Unidad,,,
287,Lampara LED 18W,25.0,0.0,,17jF6wUIFyitAgwMrdBgWwN_KsxUXFIU4,,,,"{""isCatalog"": false}",,,Unidad,,,
288,Panel LED 48W luz blanca para empotrar,165.0,0.0,,17JTYiDaHtX-1KNMoqiEq9HDrEo8U4GRh,,,,"{""isCatalog"": false}",,,Unidad,,,
289,Rodillo de lana de cordero de 23cm,0.0,0.0,,17kyaAo1c-74xqHknS6OCMLw4ChR4j_K-,,,,"{""isCatalog"": false}",,,Unidad,,,
290,Interruptores simples,17.0,0.0,,17MV3Ybpkn-QUXsMpU5p9HsTv2u7TXw1o,,,,"{""isCatalog"": false}",,,Unidad,,,
291,Rollo de cable alambre #14 (TIGRE),0.0,0.0,,17n9QLL9FOXG_zanRb7vUIn0SEUXu2EWO,,,,"{""isCatalog"": false}",,,Unidad,,,
292,Caja T8 para 4 térmicos bipolares,85.0,0.0,,17NjhHLLNVN1Fzk7iYVFkpjffcX3fuJrE,,,,"{""isCatalog"": false}",,,Unidad,,,
293,Soda cáustica (kilo),47.0,0.0,,17OSG1oOQw_TBjycOBHAt_2XMXCJJ_37B,,,,"{""isCatalog"": false}",,,Unidad,,,
294,"Timbre inalambrico con pulsador, con volumen regulable y distintos tonos",135.0,0.0,,17PouWmUUNTWrbbzu2AD4HfHEM2oy6Hmi,,,,"{""isCatalog"": false}",,,Unidad,,,
295,Panel LED 36W sobrepuesto,160.0,0.0,,17pU_pndreVRl36DOze_sTMt4l0VBFyec,,,,"{""isCatalog"": false}",,,Unidad,,,
296,Cinta aislante Truper,20.0,0.0,,17PXzKrR0W68QVqgeOeyzPc1z1qQo7aMp,,,,"{""isCatalog"": false}",,,Unidad,,,
297,Enchufe doble en placa,45.0,0.0,,17SLRYEeIsLYvhQK2thUAilMsGU-qduwO,,,,"{""isCatalog"": false}",,,Unidad,,,
298,Panel LED 18W para empotrar luz calidad,40.0,0.0,,17supKeSE8mb5wqPTcRC2-Yu0psonjWck,,,,"{""isCatalog"": false}",,,Unidad,,,
299,Placa interruptor doble 10A,45.0,0.0,,17wBnvt1MVQg4qib0RniZ-WDf0gpoAk0l,,,,"{""isCatalog"": false}",,,Unidad,,,
300,Sensor de movimiento 180°,115.0,0.0,,17wmXYQn43w01e4Ys1qiCYWnErHQTJFkC,,,,"{""isCatalog"": false}",,,Unidad,,,
301,INTERRUPTOR T/PLACA DOBLE DE 10AMP,40.0,0.0,,17WZV_j_z69G2LTbng1OZ-kFAq62JFPm8,,,,"{""isCatalog"": false}",,,Unidad,,,
302,Clavija Shucko 16Amp,15.0,0.0,,17x8zJajSgepfexKHqR_5DI98HE-yQgSE,,,,"{""isCatalog"": false}",,,Unidad,,,
303,Cortapico de 6 tomas,70.0,0.0,,17ZCm4FkX_CtbS_xnxV2aHvEKG053cyOh,,,,"{""isCatalog"": false}",,,Unidad,,,
304,Ramplu #6,0.12,0.0,,17ZmvKzsn7eoVoZ-ogL5X3AuC_NFEsGdD,,,,"{""isCatalog"": false}",,,Unidad,,,
305,Rollo cable 7x10 Tigre,890.0,0.0,,18_DDd5euA7gN1O5SMq_kc-F98edrzDBJ,,,,"{""isCatalog"": false}",,,Unidad,,,
306,Spot LED 10W luz cálida,35.0,0.0,,18_HKRE0Y-_Wex6TFoQWgo-tPu9ewSvuK,,,,"{""isCatalog"": false}",,,Unidad,,,
307,FOTOCELULAS UNIVERSALES,75.0,0.0,,18-qnsQsPXgd5vdHZzkh5XbK5VC7Xt81N,,,,"{""isCatalog"": false}",,,Unidad,,,
308,Spot completo con foco dicroico LED 7W de tres tiempos,30.0,0.0,,182vYkgdgk6_b1L78iMUBWqAZVT7BI-7x,,,,"{""isCatalog"": false}",,,Unidad,,,
309,Escalera plegable de 4 peldaños,860.0,0.0,,183Lg4yINup3ipmDzwFf2JmQ7Bf_WH6oR,,,,"{""isCatalog"": false}",,,Unidad,,,
310,Cortapico tomacorriente de 6 puertos,40.0,0.0,,186JKDxdUgnvPXzUkq-VhNdQW7cUvve2Z,,,,"{""isCatalog"": false}",,,Unidad,,,
311,Térmico bipolar marca SICA,45.0,0.0,,186v18an-DApN1WUaQqhsaCqBflnv3M_Z,,,,"{""isCatalog"": false}",,,Unidad,,,
312,Barra de perfil de aluminio para empotrar 20*10mm (3 metros),68.0,0.0,,18A7JSEphokBU5_0LwIzcAn0Ff5k_KVwF,,,,"{""isCatalog"": false}",,,Unidad,,,
313,Batería recargable 18650,25.0,0.0,,18ASSEbU1d1rpmQmcShjUEeZTDR7wLUhI,,,,"{""isCatalog"": false}",,,Unidad,,,
314,Camara de 2mp Bala metálica (HikVision),250.0,0.0,,18bMD32HVCPuQ4oS3kPB8ELW-DmyRZCQc,,,,"{""isCatalog"": false}",,,Unidad,,,
315,DISTANCIOMETRO LACER DE 80 METROS CON CARGADOR (MAKITA),2950.0,0.0,,18DJHXTJSEeCconKBf4DrqRoqkkI8dfcL,,,,"{""isCatalog"": false}",,,Unidad,,,
316,Reactancia para tubo fluorescente de 40W,23.0,0.0,,18DRtMNg2OawQLpKhqbdxvJuhhVGB2YHo,,,,"{""isCatalog"": false}",,,Unidad,,,
317,Cable de cobre No. 12 de 7 hilos (rollo de 100 metros),1200.0,0.0,,18dzQUD8lodHYcltYruJb2mRq7P7_495s,,,,"{""isCatalog"": false}",,,Unidad,,,
318,"CABLE MULTIFILAR DE COBRE 1,5MM",380.0,0.0,,18Eb8fK1Lpcw3OzTsjuCR7Bpv1v1eeeNw,,,,"{""isCatalog"": false}",,,Unidad,,,
319,Corta pico UYUSTOOLS,75.0,0.0,,18fgDG2AnaC1bzKQHMTqYv7HAnx1xBRIs,,,,"{""isCatalog"": false}",,,Unidad,,,
320,"Aplique LED de pared de 6 ojos, carcasa negra, 6W, p/ interperie IP65,",145.0,0.0,,18fqpULdA1YZuvRmn5Y4mBYAqboSlBJMM,,,,"{""isCatalog"": false}",,,Unidad,,,
321,Conversor de DVI a HDMI,60.0,0.0,,18gtI6ifMSHvdSuPkKVHDs4ADlwypeQxl,,,,"{""isCatalog"": false}",,,Unidad,,,
322,Cableducto 20*10,10.0,0.0,Cableducto plastico 20*10,18JGBPiAtHVLncQWyHJCf0dSkXbjzoN4l,,,,"{""isCatalog"": false}",,,Unidad,,,
323,Foco LED E14 luz cálida de filamento,25.0,0.0,,18K1JBuloOneawvgrIDELy1r4fomj-lWS,,,,"{""isCatalog"": false}",,,Unidad,,,
324,Termico Bipolar 15Amp,55.0,0.0,,18k8bbAnr2XS8O2CEeJUBL-Can_bWVufp,,,,"{""isCatalog"": false}",,,Unidad,,,
325,Toma doble en placa,28.0,0.0,,18Kh9kIiimVOAtDtdXuN5fm2hIs9KWZmS,,,,"{""isCatalog"": false}",,,Unidad,,,
326,Cable HDMI 5 metros,106.0,0.0,,18kQ-wbXswU_fPAEPAY6_Mt_p_16dKPbx,,Novaled,,"{""isCatalog"":false,""general"":8}",,,Unidad,,,2026-07-06
327,Reflector LED 50W luz cálida,250.0,0.0,,18MZAZ6eXYDiGN4LPzx-qJRv3X0leoohm,,,,"{""isCatalog"": false}",,,Unidad,,,
328,Luminaria eléctrica tipo Farol para poste de 100W 220V,1550.0,0.0,,18nB4Xgyp3sT9ZRA_N4XVC_OVhD6AbAtb,,,,"{""isCatalog"": false}",,,Unidad,,,
329,Panel LED cuadrado 24W,75.0,0.0,,18oXi0JrN9SIfeqnAA5z8TQxlR-BcqdOc,,,,"{""isCatalog"": false}",,,Unidad,,,
330,Patchcord de 0.5 metros CAT6,18.0,0.0,,18pOo-G-z1x8Qp85DY2m2cPc2D7B4u9T0,,,,"{""isCatalog"": false}",,,Unidad,,,
331,Dicroico LED 5W,17.0,0.0,,18QDV-YjFj01giYUCXtK1GHb3NVSL_vot,,,,"{""isCatalog"": false}",,,Unidad,,,
332,Interruptor simple empotrar SICA,35.0,0.0,,18QieldJWZqOhvjbm42Ky8w1Ia2I_-kas,,,,"{""isCatalog"": false}",,,Unidad,,,
333,Cable bajo goma 2x1.5 mm2 (rollo de 100 metros),1350.0,0.0,,18QN74g0h7fyZ8BGiaOgd0be6CFTa42te,,,,"{""isCatalog"": false}",,,Unidad,,,
334,Chapa para puerta tipo perilla. Material Bronce. Marca Yale,120.0,0.0,,18rB_MuZO-yOzdJHvcyPODBn8KOGJB1d9,,,,"{""isCatalog"": false}",,,Unidad,,,
335,Placa toma dos puertos nema material plástico y metal 16A,45.0,0.0,,18SOiI-Twf5EqMULbgrswkFg9S-4ODQ0y,,,,"{""isCatalog"": false}",,,Unidad,,,
336,"Cortapico 6 tomacorrientes, 2200W, 220V",70.0,0.0,,18SqUp8-rDuT6uqLz76VOj_NqwHSPxgmi,,,,"{""isCatalog"": false}",,,Unidad,,,
337,Ramplu N°8(100U),35.0,0.0,,18SyldCC5GxFx5Z75BFklaCXTAQNGTmTX,,,,"{""isCatalog"": false}",,,Unidad,,,
338,SOQUET DE PORCELANA E27,0.0,0.0,,18tYHiMPC_Uqp3awkH-295loArKx25Bt0,,,,"{""isCatalog"": false}",,,Unidad,,,
339,"Brocha de 6""",30.0,0.0,,18uuzL0-d8fmyvA9XRkDtEjcyZQUQiQFv,,,,"{""isCatalog"": false}",,,Unidad,,,
340,Tubo LED T5 integrado 60cm,55.0,0.0,,18WZn5KmnS6Mm2eLmtZzxEd5T70cXJjOi,,,,"{""isCatalog"": false}",,,Unidad,,,
341,Regleta Shucko de 4 entradas,65.0,0.0,,18Y8dUEdMyFY2UyG6D6_3wOzRYWimqwnK,,,,"{""isCatalog"": false}",,,Unidad,,,
342,Socalo de PL para 26W,15.0,0.0,,18YFR2Iqp0pN8D15d3oovx7E7uUC6AGPX,,,,"{""isCatalog"": false}",,,Unidad,,,
343,Pintura en aerosol color negro 400ml,25.0,0.0,,18yivz8HX0pb1PiV0jVPGOCeTXH_yuYyR,,,,"{""isCatalog"": false}",,,Unidad,,,
344,Spot LED de riel 30W,95.0,0.0,,18YjEoy2Qj84Ve4G_FiL8z1YiT5j6vBd2,,,,"{""isCatalog"": false}",,,Unidad,,,
345,Foco LED luz blanca de 15W 220V,20.0,0.0,,19-sVpCv0zGCrqAkm5CE8y5buej4-RGLO,,,,"{""isCatalog"": false}",,,Unidad,,,
346,Tomacorriente en regleta de 5 tomas,28.0,0.0,,19-xSXlU8Pb7KWErRW4lgs1wQtDwphO0z,,,,"{""isCatalog"": false}",,,Unidad,,,
347,Foco botellón de 28W,35.0,0.0,,193QoDH6rw7lXJcmi_Xry2npQQM65sPBL,,,,"{""isCatalog"": false}",,,Unidad,,,
348,Broca pra metal #10,35.0,0.0,,197BCkxktUXoe7bZusUvSWhy3oljnZ-kF,,,,"{""isCatalog"": false}",,,Unidad,,,
349,Interruptor termomagnetico/térmico bipolar de 32,65.0,0.0,,19B27mg3ohGN_30h2AeH9rbRuns2ZZ2hJ,,,,"{""isCatalog"": false}",,,Unidad,,,
350,Cable #7X10 de 7 hilos marca Tigre (rollo de 100 metros),765.0,0.0,,19ccKrDua_lhI4fDrJZLcLRzNG97bwp66,,,,"{""isCatalog"": false}",,,Unidad,,,
351,Foco Panel LED redondo 24W,65.0,0.0,,19f1Jzk26080_ZCBUP31ghG4Gc1WHa_Ti,,,,"{""isCatalog"": false}",,,Unidad,,,
352,Canoa Doble para tubos LED de 120Cm de largo,25.0,0.0,,19fPmKGvbsWRWO0wGU5hPavqmX0917AAs,,,,"{""isCatalog"": false}",,,Unidad,,,
353,"Conector varilla a tierra de 5/8""",12.0,0.0,,19FsYGMSwIQiK-Da2Nzr3Hb6l5-nF3vnU,,,,"{""isCatalog"": false}",,,Unidad,,,
354,Linterna de minería Chalimex mediana,495.0,0.0,,19fUCf-sInwtn0dfZjZ-L3jiVLM-XuDIX,,,,"{""isCatalog"": false}",,,Unidad,,,
355,CABLE CORDON N°12,1150.0,0.0,,19fwk-UIxNmVDa6u2FsV_p69-CmDmUWYj,,,,"{""isCatalog"": false}",,,Unidad,,,
356,Panel LED empotrable 24W luz cálida,60.0,0.0,,19HJc-kQj1_RQfQF25kzH7qVHRRd4ZPx2,,,,"{""isCatalog"": false}",,,Unidad,,,
357,CAJA RECTANGULAR SOBREPUESTA,10.0,0.0,,19hr7IeWRFvPT6t_4xE0ULa1XMKevzQDn,,,,"{""isCatalog"": false}",,,Unidad,,,
358,Bateria para inodoro,80.0,0.0,,19Ibezp-gCxAy4Nio6r3b4uhPqAeU5nc-,,,,"{""isCatalog"": false}",,,Unidad,,,
359,Cable UTP CAT6 100% cobre (305mt),1480.0,0.0,,19JbQskIP_r0cce9Wb9tQyqYPaijz3hKJ,,,,"{""isCatalog"": false}",,,Unidad,,,
360,Lija para pared 120 (Mt),12.0,0.0,,19JEju2gNk-WWOPPewqxjmudg10Rr2U72,,,,"{""isCatalog"": false}",,,Unidad,,,
361,Cablecanal con adhesivo 30 X 40,45.0,0.0,,19k4uOfVw5Hd7oHbIhnfwPRHpDf8bXXXt,,,,"{""isCatalog"": false}",,,Unidad,,,
362,Caja 15x15,35.0,0.0,,19NisvX3yTfOLDJFDU5AKR4Vmiqe1yOsL,,,,"{""isCatalog"": false}",,,Unidad,,,
363,Ignitor de 70 a 400W,55.0,0.0,,19Njxbuv45ZhCdxjEPmtSZTsRMNy8WJ8G,,,,"{""isCatalog"": false}",,,Unidad,,,
364,Tubo LED 120cm (caja de 30 pzas),750.0,0.0,,19R95kQbPz2_ClReI6lqjPYxvefwDzv8Z,,,,"{""isCatalog"": false}",,,Unidad,,,
365,Conectores RJ45 Cat 6 (CAJA 100U),380.0,0.0,,19rbjo3TxD6kTaJ9lLUXlggBW66oqugbD,,,,"{""isCatalog"": false}",,,Unidad,,,
366,Cambio de Pantallas LED,95.0,0.0,Cambio de Pantallas LED,19s_Jpm4Vr5RuY44_LX9jFWfIy8vxdeg0,,,,"{""isCatalog"": false}",,,Unidad,,,
367,Cibta Aislante 20Y 3M,15.0,0.0,,19TjpgKbVoOclbQphCqwVu5OS4Bi1T6Vc,,,,"{""isCatalog"": false}",,,Unidad,,,
368,Canoas Pantallas para foco tubo mediano,20.0,0.0,,19tYjBcBOq4MNx0lBgEHS3T9dL8j3smB9,,,,"{""isCatalog"": false}",,,Unidad,,,
369,Foco dicroico LED calido,22.0,0.0,,19Upqo5-f-kDnp-pmnFOPTRodNCTtXcC3,,,,"{""isCatalog"": false}",,,Unidad,,,
370,Panel LED 18W redondo empotrable,55.0,0.0,,19UZOQV3JqGbFovbp7tJtsUqV7oz_IQtC,,,,"{""isCatalog"": false}",,,Unidad,,,
371,Cable 14AWG 7 hilos color blanco (rollo 100mts),0.0,0.0,,19v6jyKzarn6M_ZsuoEehndQflISIafD9,,,,"{""isCatalog"": false}",,,Unidad,,,
372,Interruptor simple Mr Three,22.0,0.0,,19Vg1TuhvRR02xwMaLt1Qo3y4_mai5sMc,,,,"{""isCatalog"": false}",,,Unidad,,,
373,Foco LED 30W luz blanca,45.0,0.0,,19vpLR9UCC9DwU7cofsFEIE9bxCKNo3U6,,,,"{""isCatalog"": false}",,,Unidad,,,
374,Silicona estructural,120.0,0.0,,1A_GtpsxLB0nrt4XRxRbbAZ89N4Bfs-Ks,,,,"{""isCatalog"": false}",,,Unidad,,,
375,Canoa simple para tubo LED,45.0,0.0,,1a0KUwVGUuaWtKgY_-ufQd-APmvztj6zH,,,,"{""isCatalog"": false}",,,Unidad,,,
376,Cable de 7 hilos N° 14 (rollo de 100 metros),820.0,0.0,,1A0q-Kll75t23hV86AiB30JCXlUCFT4dZ,,,,"{""isCatalog"": false}",,,Unidad,,,
377,Chapa para escritorio plateado,25.0,0.0,,1A1h-glTHH6SyktyyUDGoyU1nIaLrkloC,,,,"{""isCatalog"": false}",,,Unidad,,,
378,Cableducto con adhesivo 20*10mm,10.0,0.0,,1A21HmHF7vdm5C7SBjcpH1sGW99XIUw22,,,,"{""isCatalog"": false}",,,Unidad,,,
379,Cable bipolar cordón blanco N °10 de cobre (rollo de 100 metros),1350.0,0.0,,1a3TP8VXNn5qEamw9TAOGXAX5mEXxx1va,,,,"{""isCatalog"": false}",,,Unidad,,,
380,Pantallas Led 60w (30x120cm),250.0,0.0,,1A5A7kBU1Hh3Rn1eK9B3N2MbsZVChvZAX,,,,"{""isCatalog"": false}",,,Unidad,,,
381,Hojas de sierra mecánica,18.0,0.0,,1a5mfFAdhcvFUaFPu5J-Rkg6Cp413veyp,,,,"{""isCatalog"": false}",,,Unidad,,,
382,Chapa rombo,20.0,0.0,,1a6gyX9jnKzjjWEzwEkVhhu1ISubi5VUC,,,,"{""isCatalog"": false}",,,Unidad,,,
383,Conector Plug DC,5.0,0.0,,1a71gPhJIXzS3ebhNh9Y3YIoodwqICeTA,,,,"{""isCatalog"": false}",,,Unidad,,,
384,Driver de LED 24W 220V,30.0,0.0,,1A8Fu4L-UDzNBVeynoLPUs-qZt0M1KO3R,,,,"{""isCatalog"": false}",,,Unidad,,,
385,Cable de tierra N°14 AWG TIGRE,460.0,0.0,,1a9uwWxSd6ruDcRSy0eSJlLSM_ksfMqEP,,,,"{""isCatalog"": false}",,,Unidad,,,
386,Panel LED de 24W tipo torta para sobreponer,75.0,0.0,,1aAX8VInNPWs4fQWk-9_VmvL7bj1b0pO-,,,,"{""isCatalog"": false}",,,Unidad,,,
387,Chicotillo,38.0,0.0,,1ABnKHtWrZexshzhJegEvyFt4IkEZCOhn,,,,"{""isCatalog"": false}",,,Unidad,,,
388,Paneles LED 60x60 48W,185.0,0.0,,1AbO9UXVaYZvf2hp-jQJ2eNBJD16d7qRy,,,,"{""isCatalog"": false}",,,Unidad,,,
389,Antitermitas Madeplast,230.0,0.0,,1aBUMoXEVWiCY5yt_q7yjDAPUzNpliL00,,,,"{""isCatalog"": false}",,,Unidad,,,
390,Cable N°10 de 7 hilos Tigre,690.0,0.0,,1acXTt7jSugl0niZaEyx9B3pK2GuVpEqQ,,,,"{""isCatalog"": false}",,,Unidad,,,
391,Cableducto de pared 15*10mm (barra de 2 metro),8.0,0.0,,1adjxO6zPYc8hr2ofyF7amf5CR8J8JSq8,,,,"{""isCatalog"": false}",,,Unidad,,,
392,Tubo LED con sensor de movimiento 20W 120cm,65.0,0.0,Tubo LED con sensor de movimiento+base de 20W de 120cm,1ADzGkLSDXv7Fn_sgJjSJzazQi0kGriou,,,,"{""isCatalog"": false}",,,Unidad,,,
393,Batería de baño completo COFLEX,250.0,0.0,,1aeN1QdaKYI24p_FwIjDm87bJSfuS88OV,,,,"{""isCatalog"": false}",,,Unidad,,,
394,Pantalla con rejilla 4*20 para tubo LED suelta,140.0,0.0,,1af5PfWBAc0RoiKYs_6VNot6kAFJI7MTl,,,,"{""isCatalog"": false}",,,Unidad,,,
395,"Cable canal blanco 30*12mm 1 división en medio, 2 metros",38.0,0.0,,1afsah5gRitEhA8WkDDsdtVokBT_0F3g2,,,,"{""isCatalog"": false}",,,Unidad,,,
396,Térmico bipolar 2x40A,65.0,0.0,,1afUXjtvTzbWCRwa-o2GOkVDv5oA7M82s,,,,"{""isCatalog"": false}",,,Unidad,,,
397,Tomacorriente doble con tierra,0.0,0.0,,1AG0m6Q-PTm0V12Megn-dMa4tOVOiR8xU,,,,"{""isCatalog"": false}",,,Unidad,,,
398,Foco LED 10W E27,15.0,0.0,,1AGm-nSs_Ft6o61CTJQ9Hcl7ajanRoLhA,,,,"{""isCatalog"": false}",,,Unidad,,,
399,Chapa de puerta,145.0,0.0,,1agmsu-a95W_pwZ3j5-WX7VNv-kbETLY2,,,,"{""isCatalog"": false}",,,Unidad,,,
400,Cableducto 40*16,28.0,0.0,,1AH16C-zI2R8H2VhXybt8nEihY9Vfmp2j,,,,"{""isCatalog"": false}",,,Unidad,,,
401,Panel empotrable 18W luz cálida,50.0,0.0,,1aHrOptKMyy-gfVhpkK7bacg6ZR8CZGE1,,,,"{""isCatalog"": false}",,,Unidad,,,
402,"Reflector LED de 200W, luz blanca 6500K, AC180-265V, IP65, BOONIGA",530.0,0.0,,1AhSOJ0sOpxAF-Evk_Wq7AbaKrb9LjqlV,,,,"{""isCatalog"": false}",,,Unidad,,,
403,"Cinta maskin 2"" de ancho",22.0,0.0,,1Aj90NTmLmwh4e7X6EVqmon4ra0ZjDXuu,,,,"{""isCatalog"": false}",,,Unidad,,,
404,Regleta de 4 tomacorrientes,90.0,0.0,,1Ajjvl97W5gFfBVxuYKjaoMy5Ni92SB-l,,,,"{""isCatalog"": false}",,,Unidad,,,
405,Driver 18-24W,25.0,0.0,,1AJsCPv4OcPU9XGxMF3hIhaAAnRBadBH-,,,,"{""isCatalog"": false}",,,Unidad,,,
406,Pila alcalina AA,12.0,0.0,,1ajuMpHFjoGM3kAsB3g-PJjwnh3IfB_bd,,,,"{""isCatalog"": false}",,,Unidad,,,
407,Foco incandescente LED de 6W,35.0,0.0,,1Ajz1T7v2oE1MfZC-kdVL0Q6VffKzCZaC,,,,"{""isCatalog"": false}",,,Unidad,,,
408,Remaches de 3.5 X 19 MM (caja de 1000 unidades),120.0,0.0,,1ak5pPHSCz0bD9kapK1ani2jFAFy2qwmH,,,,"{""isCatalog"": false}",,,Unidad,,,
409,Estabilizador de corriente de 1200VA,490.0,0.0,,1AkrhW6t5iGgCX4Aa6m82kOVmuWdH08CE,,,,"{""isCatalog"": false}",,,Unidad,,,
410,Tomacorriente tipo nema doble 250V,45.0,0.0,,1aKxfxn3omzQOH9RBpu9P0uqYuYk6CNnj,,,,"{""isCatalog"": false}",,,Unidad,,,
411,Cable bipolar N°16 TIGRE (rollo de 100 metros),0.0,0.0,,1AkYTGv-3dQw_UtSCrigjetrE1PKaA_qQ,,,,"{""isCatalog"": false}",,,Unidad,,,
412,Panel LED circular para empotrar 18W,40.0,0.0,,1aLFVQ1o89TNCTeTYeaUWQ4pWfpUETk3-,,,,"{""isCatalog"": false}",,,Unidad,,,
413,Flexometro 5 metros,15.0,0.0,,1AlRQFiCX7Cy03rCH09azauCRzi7LKTI-,,,,"{""isCatalog"": false}",Herramientas,Medición,Unidad,,,
414,Chapa ñara estante de madera frontal,35.0,0.0,,1AMoszDR-NRviKM9pbUy9dsmBCj8T0suP,,,,"{""isCatalog"": false}",,,Unidad,,,
415,PLAFON LED DE 24 WTTS X 220 VOLT L/B SOBRE PUESTO,85.0,0.0,,1AN598bPoWBvu4W_i2BqzCJrRPYvPa8vN,,,,"{""isCatalog"": false}",,,Unidad,,,
416,Cableducto 15X10mm,8.0,0.0,,1An9KyniOhcDt-CO2X3CrJvHkINzPEOta,,,,"{""isCatalog"": false}",,,Unidad,,,
417,Enchufe hembra,12.0,0.0,,1ao2JsaINIDbfcs2bFZuam2XIgTX6HXG_,,,,"{""isCatalog"": false}",,,Unidad,,,
418,Chinche de primera (caja de 1000 unidades),95.0,0.0,,1aOHWUqyZ_pFRSoQN8To9-qscBM09qH2U,,,,"{""isCatalog"": false}",,,Unidad,,,
419,Lija de madera N°80 NORTON (metro),0.0,0.0,,1APJxEK3dWDMxujytpcOAKMr6Bd2NTGnd,,,,"{""isCatalog"": false}",,,Unidad,,,
420,Cordón N°10 (rollo de 100 metros),3378.0,0.0,,1AqbVp7WdEe0WrZ2aJCV-mFPGQzlSA68p,,,,"{""isCatalog"": false}",,,Unidad,,,
421,Cable de cobre AWG No. 6 de 7 hilos,56.0,0.0,,1AQlx5A9e38wT-J0oH18C3g4U3kaDBc6R,,,,"{""isCatalog"": false}",,,Unidad,,,
422,Cable de red UTP CAT6 marca Rowland,12.0,0.0,,1AsaBnb1tnrFqgz04XDii3IdtV3EByjIK,,,,"{""isCatalog"": false}",,,Unidad,,,
423,Termomagnetico,45.0,0.0,"Bipolar de 63A
Material PVC
Marca Sica, Camsco o similar",1atCoSKOWp6orCK0g5bBwHWWvVmO2fWbQ,,,,"{""isCatalog"": false}",,,Unidad,,,
424,Cinta Aislante de 20 Yardas Mat. PVC,14.0,0.0,,1atMUjmzSrxbz57VNCZQk-oV9rTyjwxdq,,,,"{""isCatalog"": false}",,,Unidad,,,
425,Cable de cobre bajo goma 2*4mm (rollo de 100m),1500.0,0.0,,1AtsYaXAWC3s2sbjrF28dBFqiDUJ3e28k,,,,"{""isCatalog"": false}",,,Unidad,,,
426,Reflector LED 50 w,140.0,0.0,,1au1gxmeUIrnzFW7bpZ3ckTn6xOqcJvmX,,,,"{""isCatalog"": false}",,,Unidad,,,
427,Tubo LED 24W T8 120cm blanco transparente,35.0,0.0,,1AuH0zm4-oxWQkW-BKn4VKmy9noO-7-pY,,,,"{""isCatalog"": false}",,,Unidad,,,
428,"Panel LED sobrepuesto 60*60, 60W, luz blanca",160.0,0.0,,1AVp0pOUHCU6UKokVGYAwKlLjlurTR0z3,,,,"{""isCatalog"": false}",,,Unidad,,,
429,Chicotillo de 60cm 1/2,70.0,0.0,,1AVSsDIfxoZGc0X1ig-TtQbjDgpriKCFY,,,,"{""isCatalog"": false}",,,Unidad,,,
430,Regleta tomacorriente 3 salidas nema 25A,45.0,0.0,,1aWs0L3qnCyz5TdwBCS5bsxHB4YeSbdWk,,,,"{""isCatalog"": false}",,,Unidad,,,
431,Caja rectangular,2.0,0.0,,1AwvL_eCjXkxXnbL3ZIjdkXb45m5-NUrI,,,,"{""isCatalog"": false}",,,Unidad,,,
432,Cable alambre N°1x10 Tigre (rollo 100 metros),1213.0,0.0,,1AXo9S6Caw-z9sQ7WRD4uojHVjetdE1W5,,,,"{""isCatalog"": false}",,,Unidad,,,
433,Enchufe doble ARGO negro,45.0,0.0,,1aXZT7s7or7x5n7UtUZ6RvXlsVws5E7Pn,,,,"{""isCatalog"": false}",,,Unidad,,,
434,Grifo; Diámetro 1/2 pulgada. Material Cromado. Tratamiento Cromado. Uso Lavaplatos.,90.0,0.0,,1AzLZW0bKVJSFeQLMEhCyal-tR7oB6reD,,,,"{""isCatalog"": false}",,,Unidad,,,
435,"Juego de Alicates de 3 piezas ( fuerza, de corte u de pico de loro)",200.0,0.0,,1B_ADxBd8W8XjUoCS93dbsC1jDMliBvwq,,,,"{""isCatalog"": false}",,,Unidad,,,
436,Juego de herramientas para jardinería 3 pzas,140.0,0.0,,1B0Y7fqbuxdQS6le3XcxNsg0JAujx3pC2,,,,"{""isCatalog"": false}",,,Unidad,,,
437,Cable UTP categoría 6 cobre puro (caja 305mts),2180.0,0.0,,1B20Us3_mBxK_EuPI7vIAgVVwJsso2rHX,,,,"{""isCatalog"": false}",,,Unidad,,,
438,Conector RJ45 CAT 6,3.0,0.0,,1B3Lv6VP85k-87GvkIeiQTpj2lr_xNLfp,,,,"{""isCatalog"": false}",,,Unidad,,,
439,Conmutador simple,0.0,0.0,,1b53MFtCIF5FLgQUqldTlrJ2KDjI7p42s,,,,"{""isCatalog"": false}",,,Unidad,,,
440,Clavo de calamina con goma,32.0,0.0,,1b6dpTucabc3SI0r2EcVzttskb9uVfKJ5,,,,"{""isCatalog"": false}",,,Unidad,,,
441,Jabalina 2.4mtrs,125.0,0.0,,1B71Xbs01TmOgKjjv2suosKFGY86CqU-S,,,,"{""isCatalog"": false}",,,Unidad,,,
442,Adaptador para clavija universal,16.0,0.0,,1b74bUBkAG4kULcW21qjZ64NrQ-Uxfqi1,,,,"{""isCatalog"": false}",,,Unidad,,,
443,Temporizador analógico 16Amp CAMSCO,490.0,0.0,,1B8lFmF8jQ6i0hIAJvKsE7jUXQoeN7nqW,,,,"{""isCatalog"": false}",,,Unidad,,,
444,Tomacorriente de 3 salidas,50.0,0.0,"-de 3 salidas
-redondo y plano
-plastico y cobre
-voltaje: 220-240V
-amperaje: 25A",1baD9iYP9nxqfOCXzfpn5D_OFQAAnyuZC,,,,"{""isCatalog"": false}",,,Unidad,,,
445,Tubo LED luz amarilla 20W,20.0,0.0,,1BaGrfTk_KseL3jK7Zifr1F0PlCPFYV7U,,,,"{""isCatalog"": false}",,,Unidad,,,
446,Silicona Pool,135.0,0.0,,1bBdyDXcdlfmvVj_QQnExM87EFG_1waQp,,,,"{""isCatalog"": false}",,,Unidad,,,
447,Rollo cable N°12 de 7 hilos (diferentes colores),950.0,0.0,,1BBm4WJUwMwb5RnhQHlxV-CPzAekkP_Xx,,,,"{""isCatalog"": false}",,,Unidad,,,
448,Ducha lorenzetti 5500W,95.0,0.0,,1BCL0V2FIO40hYOwXQ95vnWhhTgeT2XFR,,,,"{""isCatalog"": false}",,,Unidad,,,
449,Regleta simple 2 puerto modular,25.0,0.0,,1BCNxdJNATSu3mqRLmMH6QCh4CRsZzo7A,,,,"{""isCatalog"": false}",,,Unidad,,,
450,Chapa de 2 golpes,270.0,0.0,,1bEa95rbjtTp6BqVRd_JvRIibksWdkNbg,,,,"{""isCatalog"": false}",,,Unidad,,,
451,Reflector LED de 100W,220.0,0.0,,1Beg6xgB8cGcA5OY2ooRi62IsHn81QBF8,,,,"{""isCatalog"": false}",,,Unidad,,,
452,Extensible tipo carrete 50m,0.0,0.0,,1bEIvEM24dWOczKFfMEGcmVmb5T7Cpazs,,,,"{""isCatalog"": false}",,,Unidad,,,
453,CABLE UTP CAT 6,4.0,0.0,,1BENHgXnjk2o4FSRbs6Dbx8uvon9ZD7W1,,,,"{""isCatalog"": false}",,,Unidad,,,
454,"Cablecanal 20*10mm, 2 metros",10.0,0.0,,1bfLQKBtDX8Aookzn_IcQ8QZJBB6Nqdbs,,,,"{""isCatalog"": false}",,,Unidad,,,
455,Tubo LED luz blanca de 120cm,20.0,0.0,,1BFYqb7GoOZU2DaMt-9RGnrX5hKTLpoGu,,,,"{""isCatalog"": false}",,,Unidad,,,
456,Tapas acolchadas para inodoros ASTRA,0.0,0.0,,1BGJOmA0PH0YRh7t2qaTiSNq8TjkPxIhK,,,,"{""isCatalog"": false}",,,Unidad,,,
457,Gata hidráulica de 5 toneladas,250.0,0.0,,1BI_IPHZAko0kvxh1ycieQ8WsT4x8EPLn,,,,"{""isCatalog"": false}",,,Unidad,,,
458,Timbre Inalámbrico,65.0,0.0,,1bIjJyD-8ubdIFwUR2PJxI2U7Mo6yK4fl,,,,"{""isCatalog"": false}",,,Unidad,,,
459,Cable bajo goma de 2*1.5 de diámetro (c/rollo 100 metros),930.0,0.0,,1BIXmGyKdnyioZ5E1N4NA2qts9tErQoDS,,,,"{""isCatalog"": false}",,,Unidad,,,
460,Ramplu 6 (500 U),110.0,0.0,,1bLeuA9jFACBREeoykEGiyx04kDOcxAnK,,,,"{""isCatalog"": false}",,,Unidad,,,
461,"Destapacaño 7,5",150.0,0.0,,1BLeYNkCtbcdbvFGj2Y0oFiB9HxgsZqTX,,,,"{""isCatalog"": false}",,,Unidad,,,
462,Reflector LED de 50W,150.0,0.0,,1BlK20uBxGaXvcdzBpvT1cEAbVs_EXjQQ,,,,"{""isCatalog"": false}",,,Unidad,,,
463,Panel LED sobrepuesto 120*60cm,350.0,0.0,,1BLnI725xKu19cXhrsA7KADUI2gpYLIBP,,,,"{""isCatalog"": false}",,,Unidad,,,
464,Cable bipolar N°2x14 de cobre,1320.0,0.0,,1bLWP12ibnxTjOV93d-bQekskF1AVAfC6,,,,"{""isCatalog"": false}",,,Unidad,,,
465,Cable eléctrico de cobre N°12 rollo de 100 metros,510.0,0.0,,1BmOvGVHXJBqLdc5SqAMLsQQ9dNfsjBGa,,,,"{""isCatalog"": false}",,,Unidad,,,
466,"Panel LED redondo de 24W, luz blanca, para sobreponer",60.0,0.0,,1BMpj4oDhjG5X09oObVNmE3PNx1nyGzdA,,,,"{""isCatalog"": false}",,,Unidad,,,
467,Driver 48W,55.0,0.0,,1BmTMZ_ptt5JLYGrCQCMFS_YvXIg2lj2h,,,,"{""isCatalog"": false}",,,Unidad,,,
468,Cable para energía eléctrica N°12 AWG TIGRE,785.0,0.0,,1BN7a2AyZeVhxTGY--tQEHlaOzu4Jn54F,,,,"{""isCatalog"": false}",,,Unidad,,,
469,Tubos LED 1.2m transparente,16.0,0.0,,1bnw38iJGruDOURwTkTmnQdBAWtp_lIqd,,,,"{""isCatalog"": false}",,,Unidad,,,
470,Cinta aislante 3M,12.0,0.0,,1BoCeo-1zOD1LOkZoXzcPx4UdHk79n8LD,,,,"{""isCatalog"": false}",,,Unidad,,,
471,Reflector LED de 50W IP67,150.0,0.0,,1bpb2S22I3Zmri3ohryx6anlk0vwMLAm9,,,,"{""isCatalog"": false}",,,Unidad,,,
472,Foco LED tipo bala 26W,27.0,0.0,,1bpe_YVYvsWh6pI8dGHZ-LOTyY053LqgP,,,,"{""isCatalog"": false}",,,Unidad,,,
473,Membrana asfáltica,165.0,0.0,,1BpRMeEtFYw-a-LBBDU-Vrn7uImV718yi,,,,"{""isCatalog"": false}",,,Unidad,,,
474,Cortador de tubos de PVC,88.0,0.0,,1bqFjoWY3EuG_t8e2GO1M8cRAtWsFIjzQ,,,,"{""isCatalog"": false}",,,Unidad,,,
475,Panel LED 60x60 para sobreponer,280.0,0.0,,1bQt_iRRS6pI5rY-_2ZhWujEkdtVlNJU2,,,,"{""isCatalog"": false}",,,Unidad,,,
476,Clavija Vision Redondo 16A,6.0,0.0,,1bQU4F-UGAOB2lcXLvECnWQEX0dzchQhr,,,,"{""isCatalog"": false}",,,Unidad,,,
477,Foco LED 10W,12.0,0.0,,1bRRflejYskYMI5VNgaM9fXhNk2dXV5G-,,,,"{""isCatalog"": false}",,,Unidad,,,
478,Interruptor termomagnetico 2*50A,50.0,0.0,,1bSygjwsHBL1_EXaDVQJYQXezKoplAFiN,,,,"{""isCatalog"": false}",,,Unidad,,,
479,Chicotillo; Medida 1/2 x 1/2 x 50 cm; Conector H-M. Material Metálico. Tipo flexible.,30.0,0.0,,1BUq1QxhFhgbh8ot2BeW67RRR8J-gAS-A,,,,"{""isCatalog"": false}",,,Unidad,,,
480,Placas tomacorrientes de 3 tomas marca MR Three,35.0,0.0,,1bUwpY5v3-oZEeGyBpqVcG8eADWHpoH6M,,,,"{""isCatalog"": false}",,,Unidad,,,
481,Tubo fluorescente de 20W,20.0,0.0,,1buzBIFXXW6NsabZhDywG96X6iTN053hn,,,,"{""isCatalog"": false}",,,Unidad,,,
482,Panel LED circular sin borde 18W,50.0,0.0,,1BV7cJJ7OwxUXVGwz633BUScuppwpMM_H,,,,"{""isCatalog"": false}",,,Unidad,,,
483,Tubo LED de 10W (60cm),16.0,0.0,,1bvd8RLCmVe1q799DeLygd8ggeQOHwTlQ,,,,"{""isCatalog"": false}",,,Unidad,,,
484,Cable eléctrico (#14) 7 hilos,295.0,0.0,Cable eléctrico (#14) 7 hilos,1BwvQ3o68KGgX8muA8CiORce36G6-_f2g,,,,"{""isCatalog"": false}",Electricidad,Cables,Unidad,,,
485,Panel LED 60*60cm empotrable,195.0,0.0,,1BXihlTkTV0PMWIOvbFUd9SHIYnX8M1nv,,,,"{""isCatalog"": false}",,,Unidad,,,
486,Cable HDMI 10 metros,142.0,0.0,,1byHbbkplYnAzHiQs4IS6CxZwudORHqZQ,,Novaled,,"{""isCatalog"":false,""general"":2}",,,Unidad,,,2026-07-06
487,Cortapico Forza (90cm de  cable),40.0,0.0,,1bzgy5cZlzRewbtkbnHtuNRPql_fMew1x,,,,"{""isCatalog"": false}",,,Unidad,,,
488,Reactancia pra PL 26W ELT o su equivalente,30.0,0.0,,1bZLtaKuKc1KwNp_bXOnR8XK9xcBOzTId,,,,"{""isCatalog"": false}",,,Unidad,,,
489,Sockets para foco colgante,6.0,0.0,"Material PVC
Marca Peruana",1c_3m8EUj249b6idB8_eNI1V4vt2ewd23,,,,"{""isCatalog"": false}",,,Unidad,,,
490,Cable 7 hilos #10 (rollo de 100 mts) TIGRE,1080.0,0.0,,1C_a0m-rLb6M3gvLGgsriT0OPjm3ShrEg,,,,"{""isCatalog"": false}",,,Unidad,,,
491,Chapa lateral,35.0,0.0,,1c-keg330MtEASebZxII5_hR1rB_ZOQ5M,,,,"{""isCatalog"": false}",,,Unidad,,,
492,Panel LED 60*60 48W p/empotrar Luz Blanca,180.0,0.0,,1c-OjlIbLkFt0FA07t-O7cCUdsYZZY80I,,,,"{""isCatalog"": false}",,,Unidad,,,
493,Rollo alambre #12 cobre puro,1160.0,0.0,,1C0YthQzQLheA9mUhClnm9HJD_AnRuUJq,,,,"{""isCatalog"": false}",,,Unidad,,,
494,"Maskin 2"" pulgadas",19.0,0.0,,1c17fbQjrO62wBmwE5dYHj7lXeoQHVKmM,,,,"{""isCatalog"": false}",,,Unidad,,,
495,Cable 12 metro,3.0,0.0,,1c2qdPiYaBJk9UDNPW38jucJEo7NHiToG,,,,"{""isCatalog"": false}",,,Unidad,,,
496,Guirnalda de 10 metros (de 20 soquets),240.0,0.0,,1c4MuN0gpVJt81lOhND7NmeFGvHXV3LWW,,,,"{""isCatalog"": false}",,,Unidad,,,
497,"Focos LED: Ahorradores de 25 Watts, Luz blanca, Bombilla, Marca Fideli",27.0,0.0,,1c5Auauyj26pSeTuT23-bvONvldIfI_Hw,,,,,,,Unidad,,,
498,Foco de 22W,28.0,0.0,,1c5mncri7H2jb89zkI7Q5Cnwgk2LOmdYq,,,,"{""isCatalog"": false}",,,Unidad,,,
499,Spot para riel LED 20W Negro Luz Calida,85.0,0.0,,1C6uJLPrSRNVpKGM0IVFocCMTFZgJikUf,,,,"{""isCatalog"": false}",,,Unidad,,,
500,Tomacorriente sobrepuesto doble nema 20Amp,45.0,0.0,,1C7XZKEG4-nQcYdwLHVetVgHJZB1fqRZq,,,,"{""isCatalog"": false}",,,Unidad,,,
501,Tomacorriente mixto (Shucko y tomacorriente) de 16A,75.0,0.0,,1C8FV4T9Tu3SZ_AxLUpwoiK07rjSzN2Yt,,,,"{""isCatalog"": false}",,,Unidad,,,
502,Chapa Cantol Super Blindada 700,490.0,0.0,,1CAS0A3IqdDO423tk8d8LnK37BD-wA_JS,,,,"{""isCatalog"": false}",,,Unidad,,,
503,Riel porta teclado metal c/llantitas de 50cm,65.0,0.0,,1CaSMRwUr8bQdM2C-ILwz1e6xxnemtlJV,,,,"{""isCatalog"": false}",,,Unidad,,,
504,"Reflector LED con sensor de movimiento, protección IP66 para interperie/exterior",220.0,0.0,,1cbmsi5FSZq7XTMpAuyfNO8t71NE0ILLa,,,,"{""isCatalog"": false}",,,Unidad,,,
505,Cableducto simple 20*10,8.0,0.0,,1cBtIglvqX6t2NkwvUw30AGDRfvVt1I3P,,,,"{""isCatalog"": false}",,,Unidad,,,
506,"Regleta 6  salidas nema universal, 2200W",39.0,0.0,,1CbVlW717K7pO0XyVKhpzVuH-u76u6iQD,,,,"{""isCatalog"": false}",,,Unidad,,,
507,Cinta Aislante de 20 Yardas,20.0,0.0,,1cEYQGwgsBniRbLS0yLeTAmWbtT75bJDC,,,,"{""isCatalog"": false}",Material Eléctrico,Accesorios,Unidad,,,
508,Cableducto 15*25,25.0,0.0,,1cfo5URxkEetKAz_rLk9lrmBivA0wVJmH,,,,"{""isCatalog"": false}",,,Unidad,,,
509,CLAVIJA TIPO NEMA DE 15A,15.0,0.0,,1cGabeuF-ZLsaueDkriO4ZfRYJrOzCIpv,,,,"{""isCatalog"": false}",,,Unidad,,,
510,"Disco de copa de 4""",32.0,0.0,,1cgJI8QwYTsKwSmwmWv18GvY22XekYVgL,,,,"{""isCatalog"": false}",,,Unidad,,,
511,Fotocélula electrónica MG,80.0,0.0,,1CgX9o6jr6WDef1U80kuaXSaP68Dny9_7,,,,"{""isCatalog"": false}",,,Unidad,,,
512,Canoa para tubo LED de 120cm,20.0,0.0,,1CHE11BMIQwo9b3xsZWyrxawVs8filugW,,,,"{""isCatalog"": false}",,,Unidad,,,
513,"Foco LED, TIPO PANEL, COLOR BLANCO, TENSION 220V 24W, REDONDO",80.0,0.0,,1cHVbFGtBe5TrGaR1X00CIk5eDv7jD0xd,,,,"{""isCatalog"": false}",,,Unidad,,,
514,Cinta aislante blanco grande,20.0,0.0,,1CHwpxlyElRObeDx5ET4sNDddvVwyPtb0,,,,"{""isCatalog"": false}",,,Unidad,,,
515,Panel LED 30x30 sobreponer,115.0,0.0,,1cI06KZu698Hu_8CEEqUoLlBWfBnmMMFc,,,,"{""isCatalog"": false}",,,Unidad,,,
516,Cable bipolar N°14 Tigre (rollo de 100 metros),1200.0,0.0,,1Ci8KoYfKJnKsQi4zb25aV-rMef4fCfkr,,,,"{""isCatalog"": false}",,,Unidad,,,
517,Enchufe de 3 salidas con toma tierra Nema,65.0,0.0,,1CIDsn5Biv600DcrXxY3xee21zWIzvomm,,,,"{""isCatalog"": false}",,,Unidad,,,
518,Llantitas de plástico para sillones,75.0,0.0,,1CIJdhMW5dZ461lEWNzdzEtMU6HjAy16x,,,,"{""isCatalog"": false}",,,Unidad,,,
519,Grifo de lavaplatos con cuello de cisne de acero inoxidable,135.0,0.0,,1cIxVceP_LnuQ4RAk8P5uscKm-vCXs1gW,,,,"{""isCatalog"": false}",,,Unidad,,,
520,Cable 10 cordón marca Tigre,1550.0,0.0,,1cJfzSxyhMUgPz9_G65OysZ6J3cViDhNC,,,,"{""isCatalog"": false}",,,Unidad,,,
521,"Barniz, Tarro de 3.5 littros",380.0,0.0,,1CkkVQs2kz5LWidZUYwFKrHDb_TAnNA-t,,,,"{""isCatalog"": false}",,,Unidad,,,
522,Cable cordón N°12 (rollo 100 metros),1650.0,0.0,,1ClkNsNA7w7AHsj-KAXdi8SyrSMQn8LL7,,,,"{""isCatalog"": false}",,,Unidad,,,
523,Tapa Ciega Redonda,2.0,0.0,Tapa ciega redonda plástica,1CmC3PSUotGrgimgdOIWWmMko6IZMQ-Um,,,,"{""isCatalog"": false}",,,Unidad,,,
524,Tasa/inodoro con tanque alto,360.0,0.0,Tasa/inodoro con tanque alto. Industria Nacional.,1CmLkkZN1IFzDR_BdEiHK-MYjy0g2FJLs,,,,"{""isCatalog"": false}",,,Unidad,,,
525,Interruptor termomagnetico/térmico bipolar de 63,65.0,0.0,,1cMncJ13JqsH2Sk4K5lAQ-OeBGOpHptO4,,,,"{""isCatalog"": false}",,,Unidad,,,
526,Perfil de Aluminio (barra de 3 metros),68.0,0.0,,1CNn1DWRr9uJIKTXoSxmBb-yhqQUfUDFU,,,,"{""isCatalog"": false}",,,Unidad,,,
527,Batería de baño completa,295.0,0.0,,1cnWr-A0w-8ifGYpW1wm7_0s8KGiOimsD,,,,"{""isCatalog"": false}",,,Unidad,,,
528,FOCOS AHORRADORES DE 12W,15.0,0.0,,1cO430VxiuUGhnA5gmLz8a4UvCT9cIiZ_,,,,"{""isCatalog"": false}",,,Unidad,,,
529,Tubo LED 120cm luz blanca,25.0,0.0,,1Co4LGOZcf9S6koYRkCXca9wPE9r9gYkj,,Novaled,,"{""isCatalog"":false,""general"":50}",,,Unidad,,,2026-07-24
530,Grifo de lavamanos,90.0,0.0,,1CpAWDR3IJ29qPXZ9-bkNRbwjVm8HJZaV,,,,"{""isCatalog"": false}",,,Unidad,,,
531,Placa tomacorriente doble blanco,35.0,0.0,,1Cqao_Jr3zeSzWjkdIXUhtWbMfctlEsmv,,,,"{""isCatalog"": false}",,,Unidad,,,
532,"Volandas 1/4 x 2"" (150 unidades)",65.0,0.0,,1cRAOLJ0WYsz7YWUFoP1HoxQ1UmWuoiWL,,,,"{""isCatalog"": false}",,,Unidad,,,
533,Disco de corte N° 5 para madera,25.0,0.0,,1CRYKJHwBGDWjxWambr4RZ42xiRCUJYNP,,,,"{""isCatalog"": false}",,,Unidad,,,
534,Cinta LED secuencial SMART 5 metros,200.0,0.0,,1CsmXPO_Mu5xojsI7NOwlq8YEX1V-IVJI,,,,"{""isCatalog"": false}",,,Unidad,,,
535,Silicona en aerosol de brillo para autos 360ml,40.0,0.0,,1Ctax7FqQKYVfamF5zvnOL_duCbu3JEor,,,,"{""isCatalog"": false}",,,Unidad,,,
536,Luminaria pública LED 50W,450.0,0.0,,1cTG_q_OiJlehNMKo-GZrnJkeTrIinsU2,,,,"{""isCatalog"": false}",,,Unidad,,,
537,Tomacorriente doble para pared,38.0,0.0,,1CtGGzU-W6IRi7qyDS997R9k_3ckoBDjw,,,,"{""isCatalog"": false}",,,Unidad,,,
538,Cordon bipolar blanco #2X16 (rollo de 100 metros) marca Tigre,590.0,0.0,,1cTPK4pSOADx1NqqeXnbgv7JLpPZm9ahE,,,,"{""isCatalog"": false}",,,Unidad,,,
539,Placa shucko,35.0,0.0,,1CUfzvA3J77O6H6-PQLlGGNUdCDsWeqzb,,,,"{""isCatalog"": false}",,,Unidad,,,
540,TERMICO TRIPOLAR: 3 x 32 AMPERIOS,620.0,0.0,,1cVJIknczxritKd8ykH-gPASI6yDOmQQB,,,,"{""isCatalog"": false}",,,Unidad,,,
541,Masa Plástica con catalizador brasilero (tarro),79.0,0.0,,1cvy8AoRg2otpb3OFScS1AX4LdlEhnCZ2,,,,"{""isCatalog"": false}",,,Unidad,,,
542,Clavija eléctrica,15.0,0.0,,1cWe1vfLSfwBQY0g0VhjJf1YKS96yIBif,,,,"{""isCatalog"": false}",,,Unidad,,,
543,Panel sobreponer de 18W Lentelux Brasilero de 26W,40.0,0.0,,1CZHOaOt1c6T_oWRaGigSlx5RyC3T5dHy,,,,"{""isCatalog"": false}",,,Unidad,,,
544,Cable N°14 de 7 hilos,380.0,0.0,,1CzlpGYc4LXZxyvrw_Y1tUq9jvZwDZs8l,,,,"{""isCatalog"": false}",,,Unidad,,,
545,Cable cordón Nro 14 de cobre (rollo de 100 metros),1740.0,0.0,,1czyzG2nKWAMSsrwgkMaX96I4fozs3l2O,,,,"{""isCatalog"": false}",,,Unidad,,,
546,Tubo LED blanco 120cm,25.0,0.0,,1d_0V8AqSPlJN3Cko2a37DP2AcxM99nmg,,,,"{""isCatalog"": false}",,,Unidad,,,
547,Cortapico 6 tomas FORZA,65.0,0.0,,1d-4BXrhbarnDezdIzfYDo3E_DqHF1usi,,,,"{""isCatalog"": false}",,,Unidad,,,
548,Cableducto 15*10,7.0,0.0,,1D2c3wZGm6SoyqImltU9c8kLF_e4BpdbY,,,,"{""isCatalog"": false}",,,Unidad,,,
549,Cable 7*12 tigre,795.0,0.0,,1d2Pl1N7Ir3M28R0Y9I7Y0Khxv3cTSuJ3,,,,"{""isCatalog"": false}",,,Unidad,,,
550,Extensor universal de corriente de 5 metros 220V ULTRA,3.0,0.0,,1d2S8zRX7iNG2Naw5vz-EqrJ1gANzj3Nj,,,,"{""isCatalog"": false}",,,Unidad,,,
551,Clavija Shucko 16Amp marca Songrui,22.0,0.0,,1d3opxkUmfFSolUPf9BmpUsAxCO-YzD8j,,,,"{""isCatalog"": false}",,,Unidad,,,
552,Cable de cobre 7 hilos N° 12 Marca Tigre,585.0,0.0,,1d8jyVbuuHK7Oyq5j05qPfaRBb3a1tXPx,,,,"{""isCatalog"": false}",,,Unidad,,,
553,Tubo LED de 20W de 1.2m,20.0,0.0,,1dAqwz5eHSkFgFervppsj4LsNVKgnHBAf,,,,"{""isCatalog"": false}",,,Unidad,,,
554,Pabtalla cuadra 60x60,180.0,0.0,,1DBJmSddPtody9JvbE_d-xWoPWzHvTcEE,,,,"{""isCatalog"": false}",,,Unidad,,,
555,Caja térmica bipolar,35.0,0.0,,1dD9Q5LLfTd8K_qHKaEhJOZUspjLRs67w,,,,"{""isCatalog"": false}",,,Unidad,,,
556,Lámpara PL 26W,30.0,0.0,,1dDeNoyG2lMVGtTjL0jSw_ps_DhNbWU7b,,,,"{""isCatalog"": false}",,,Unidad,,,
557,Electrodo 3.25 (kilo),80.0,0.0,,1dDoJHO8x21PO7RytlI06H1QBF99GbPNH,,,,"{""isCatalog"": false}",,,Unidad,,,
558,Tomacorriente Nema en L de 15 Amp,30.0,0.0,,1DE4aFarhAhujqfmbwyVYIoMLg6tkKFK8,,,,"{""isCatalog"": false}",,,Unidad,,,
559,Tomacorriente triple 25Amp,45.0,0.0,,1DEVssWKsXENuaGGXgXD9swJqTYVauNix,,,,"{""isCatalog"": false}",,,Unidad,,,
560,Tubo LED amarillo/cálido 120cm,29.0,0.0,,1DF-Yznt8HpxiwEwgTvuK9FP1bYr2yqSc,,,,"{""isCatalog"": false}",,,Unidad,,,
561,Rollo cable N°14 de 7 hilos (diferentes colores),850.0,0.0,,1df7he-jophBTA-_MFPeVkGJf07j8Khbq,,,,"{""isCatalog"": false}",,,Unidad,,,
562,Tomacorriente doble Nema Mr Three,40.0,0.0,,1DFRTUVqdMkCp-wTX-o5_JiZJ6Oo3Q8_3,,,,"{""isCatalog"": false}",,,Unidad,,,
563,"Linterna LED recargable, tipo minero 90Lm",245.0,0.0,,1dGEyPJGaXNB4fp2f9YUnohLhdUVBMJw_,,,,"{""isCatalog"": false}",,,Unidad,,,
564,"Cinta aislante de 20Y, 3M",20.0,0.0,,1DHBcM9HXQ0fx5AEvMeyZwIBO1I03zutp,,,,"{""isCatalog"": false}",,,Unidad,,,
565,Térmico bipolar 40A,45.0,0.0,,1dIAHRGOfoIMCcsZspeXzR09GIn1__wLN,,,,"{""isCatalog"": false}",,,Unidad,,,
566,Toma nema doble sobrepuesto,40.0,0.0,,1DmhbhqNatRsQNxEQ8Doay_z0x6B_FsXn,,,,"{""isCatalog"": false}",,,Unidad,,,
567,Tubo Verman 5/8,6.0,0.0,,1dokbB7g2KVDI2TYN0cDSAs8bnNjfQ9jc,,,,"{""isCatalog"": false}",,,Unidad,,,
568,Spot LED direccional para riel carcasa blanca Luz Cálida 30W,115.0,0.0,,1dpdNIRzXvvgvHGMAjWTW14-P6MaPVG3l,,,,"{""isCatalog"": false}",,,Unidad,,,
569,"Tijera corta lata 10""",1.0,0.0,,1dpP4cqclHZGRRvyRu8LAcxLs4Ly-MR7z,,,,"{""isCatalog"": false}",,,Unidad,,,
570,Soquet Baquelita,4.5,0.0,,1dpwULyBU3FS0X51g7ReIsofL5-4OXU-H,,,,"{""isCatalog"": false}",,,Unidad,,,
571,Foco LED 10W luz blanca,15.0,0.0,,1dQKevGjTTm3_i4MC1DVnSokOHmvSvaOI,,,,"{""isCatalog"": false}",,,Unidad,,,
572,Engrapadora para madera neumática TRUPER,780.0,0.0,,1DR7b_uvg4RiHfGlcEAkWBx8deYTmnrOS,,,,"{""isCatalog"": false}",,,Unidad,,,
573,Clavijas marca Tramontina,12.0,0.0,,1dRtIYTDDN3U8lIiBuGtL5iBbpoZLgNzY,,,,"{""isCatalog"": false}",,,Unidad,,,
574,Cable eléctrico de 7 hilos  N°12 (Rollo de 100M),986.0,0.0,,1Drva-q4mt4noUVih7ACnUZmPEPe7U5bJ,,,,"{""isCatalog"": false}",,,Unidad,,,
575,Cable cordón bipolar # 16TIGRE (rollo de 100 metros),870.0,0.0,,1DtGU-1K9SDx7vW3ISkkI-V7DyR_2Gzyh,,,,"{""isCatalog"": false}",,,Unidad,,,
576,Reflector LED luz blanca 400W 220V,1660.0,0.0,,1DTlCjZ8W20COAlzMQHMVy6ZpzLnRXPYI,,,,"{""isCatalog"": false}",,,Unidad,,,
577,Reflector LED 150W IP66 28*34CM,350.0,0.0,,1dtMlhS5UdZNLvy9sEZ4r9sVT4djXRc_h,,,,"{""isCatalog"": false}",,,Unidad,,,
578,Spot LED de riel 20W,80.0,0.0,,1DTrWUGDAkrVc8L4HWbR1P7_GQb2xmNph,,,,"{""isCatalog"": false}",,,Unidad,,,
579,Tomacorriente doble de primera con base metálica,35.0,0.0,,1Ducd3ChvH8fnRFJMD2ziJcV1PFY2JdFs,,,,"{""isCatalog"": false}",,,Unidad,,,
580,Spliter para cable RG6 de una a dos salidas,25.0,0.0,,1dUuJGToljP1u0Y73FHTo56XvM7hVCEkA,,,,"{""isCatalog"": false}",,,Unidad,,,
581,Regleta de tres tomas,18.0,0.0,,1DwEm4X4EqXZg3kUFDFkdcgr7JPFz3c4F,,,,"{""isCatalog"": false}",,,Unidad,,,
582,Tubo LED 20 W,25.0,0.0,,1dwpeqmAqjxjWDDI17WXuUvtYj3OnbgNB,,,,"{""isCatalog"": false}",,,Unidad,,,
583,GRIFO TERMINALES DE PARED FV,115.0,0.0,,1DWT2sZipNaXGaqly_t9dvD5RwzekFzWK,,,,"{""isCatalog"": false}",,,Unidad,,,
584,Regleta de energia 4 entradas,25.0,0.0,,1DXePOFQKPx0K6ymos3kXUhsSAuGHTTFX,,,,"{""isCatalog"": false}",,,Unidad,,,
585,Reflector LED 50W CUBULL,180.0,0.0,,1dxSZeZggiV_lNt7qigZdM1oUgQkz6uH-,,,,"{""isCatalog"": false}",,,Unidad,,,
586,Barra de cableducto 25*16,18.0,0.0,,1dXViLgI0-bKRn8nU-FFnxmBkABSw8Gw2,,,,"{""isCatalog"": false}",,,Unidad,,,
587,Interruptor simple,25.0,0.0,,1Dy-aMtWJyZo3PiYrteBVlxxlyFxZy1kb,,,,"{""isCatalog"": false}",,,Unidad,,,
588,Cableducto 20mm*10mm PVC con adhesivo de 2 mts,18.0,0.0,,1dY04B8cfonvo-lYsJJYIVr8X4MKXJUNQ,,,,"{""isCatalog"": false}",,,Unidad,,,
589,Reflectores 30W luz cálida,110.0,0.0,,1DyCkESmahfYdTjBf_TuxGr-uHS9Pg3f1,,,,"{""isCatalog"": false}",,,Unidad,,,
590,Módulo Jack RJ45 categoría 6,22.0,0.0,,1DyeKIs5qyy-IiuG8ziDChi654XDf6jzJ,,,,"{""isCatalog"": false}",,,Unidad,,,
591,Cepillo #4 (hoja),85.0,0.0,,1DYpXyA3v4K3Fh2S3AZK01D79X8ZjIJZt,,,,"{""isCatalog"": false}",,,Unidad,,,
592,Cable N°12 de 7 hilos,470.0,0.0,,1DYUvQ9RJOKDSagYkDTyiu9Ez3lhTJ82K,,,,"{""isCatalog"": false}",,,Unidad,,,
593,Tomacorriente doble con caja protector,75.0,0.0,,1dZk4uLx0O50d3VvZozpqlyhwaPEMaWgl,,,,"{""isCatalog"": false}",,,Unidad,,,
594,"Panel LED redondo para empotrar, luz cálida, de 12W",34.0,0.0,,1DZoMnbFLK2rjwyUfmtQoP5q94BqOs5bH,,,,"{""isCatalog"": false}",,,Unidad,,,
595,Broca 5mm,18.0,0.0,,1dZueBAfQmzfUlYt-rIK1ltkUm7tsw40t,,,,"{""isCatalog"": false}",,,Unidad,,,
596,Regleta tipo plano redondo de 3 tomas,16.0,0.0,,1DZVk5Py6MPst7B6iD_K4OqyItf9XZLVV,,,,"{""isCatalog"": false}",,,Unidad,,,
597,Tubo LED integrado 120cm,65.0,0.0,,1E0zM36grlPD8GYF_d5xNTFOXnUohIY4y,,,,"{""isCatalog"": false}",,,Unidad,,,
598,CLAVIJA TIPO SHUCO15-20A,18.0,0.0,,1E1OqXyFOkPGRUaO3ZaR8LxqswJzCSudz,,,,"{""isCatalog"": false}",,,Unidad,,,
599,Reflector LED luz blanca 300W 220V,1100.0,0.0,,1e2cvU9tyhHoykPGs_i5GN8FqV2oPF8wS,,,,"{""isCatalog"": false}",,,Unidad,,,
600,Fuente de pantalla LED de 60W,65.0,0.0,,1E2HzOBsRzJpGaj3EjzaCHw2uvYX1R5cd,,,,"{""isCatalog"": false}",,,Unidad,,,
601,Adaptadores IDE-SATA,110.0,0.0,,1E3FCHhQ6J0P2HDwIOBQljyNqHKPZ_hpT,,,,"{""isCatalog"": false}",,,Unidad,,,
602,"Cable flexible 1x4mm2, 750V, puro cobre",4.5,0.0,,1E3mvN7Yi3ym6eoULqgrdVhV30SIG9oMs,,,,"{""isCatalog"": false}",,,Unidad,,,
603,Panel LED cuadrado sobrepuesto 60x60cm Mr Three,250.0,0.0,,1E3Th0Yr7sd-OJLpOqvPjQfQ6-Eo-lHPl,,,,"{""isCatalog"": false}",,,Unidad,,,
604,Interruptor simple sobrepuesto 10Amp,20.0,0.0,,1E5dxHjOshH_XGyi97EhWeYnDoBjNJ0-k,,,,"{""isCatalog"": false}",,,Unidad,,,
605,Soquets,8.0,0.0,,1E5e42WPpe0VIMrGb7Lshsnha12VcRzop,,,,"{""isCatalog"": false}",,,Unidad,,,
606,Cable cordon No. 2*12 tigre (metro),17.0,0.0,,1E64wipfbiT7vl4Rx_cLJ_do9_oXRDYye,,,,"{""isCatalog"": false}",,,Unidad,,,
607,Termomagnetico Bipolar de 20A,45.0,0.0,,1E7uaGqUDRYQUvWMdbdprBD0TxDqLUiwc,,,,"{""isCatalog"": false}",,,Unidad,,,
608,"Cable de cobre 7 hilos #12  marca Tigre, Blanco (Rollo 100 metros)",850.0,0.0,,1E7ZHS1V7AR9QIWDKIyiGO3F9nXU_zofL,,,,"{""isCatalog"": false}",,,Unidad,,,
609,LUMINARIA DE CUATRO FOCOS (TIPO ARAÑA),600.0,0.0,,1e8_Ib9q5PiK0__0rv9QW8zULK0eLmjaq,,,,"{""isCatalog"": false}",,,Unidad,,,
610,Luminaria pública con fotocelula de 150W luz blanca,950.0,0.0,,1E8ha_a1rngohXXUQADptNt94DhmKPre8,,,,"{""isCatalog"": false}",,,Unidad,,,
611,Breaker Trifásico 100A,0.0,0.0,,1e8zFkDjsdITpP0H2Y_UxW9RC_1AhGF_8,,,,"{""isCatalog"": false}",,,Unidad,,,
612,Cable de impresora USB,25.0,0.0,,1e9JcTP64jCotDjaLMLESEG-km94s4TVf,,,,"{""isCatalog"": false}",,,Unidad,,,
613,"Tornillo encarne 1 1/2"" (caja 1000U)",260.0,0.0,,1e9vkMOFQW6Agv9gINOsNKZeBBxwgVVBn,,,,"{""isCatalog"": false}",,,Unidad,,,
614,Extractor de aire 20*20,480.0,0.0,,1E9yj40N4RsoMJUm-a2YNZWQG2Wh7vImi,,,,"{""isCatalog"": false}",,,Unidad,,,
615,Grifo FV tipo simple,80.0,0.0,,1ea228Lj2vcxGS7i6PvvRT7cEg7wEK9LZ,,,,"{""isCatalog"": false}",,,Unidad,,,
616,CABLE CORDON N°10,1650.0,0.0,,1ECfy9dqVUkVptnwPDmK6btL3IjPhPaxH,,,,"{""isCatalog"": false}",,,Unidad,,,
617,Canoas Pantallas para foco tubo Grande,28.0,0.0,,1ed3JZrKYA45IGrF6JvAKaP7iwkO-vEF7,,,,"{""isCatalog"": false}",,,Unidad,,,
618,Cablecanal 39x19 blanco con adhesivo de 2Mts,25.0,0.0,,1ed5ewuOq89sXHAgHfhBXWIXOjlyo4mYq,,,,"{""isCatalog"": false}",,,Unidad,,,
619,Terminales tipo punta para cable 4mm2,2.5,0.0,,1ED9mrVO5uHpl4UMpJRXpjsSrDw1PlXXl,,,,"{""isCatalog"": false}",,,Unidad,,,
620,Almir,1.0,0.0,"asdasd
Watts: 55
Medidas: Ancho: 1 cm, Alto:  cm, Grosor:  cm, Diametro:  cm
Categoría: ALMIR / VILLCA",1EdmzSx-_8_MLHEhYUkO-CEJ6ibiHl8gq,1P3cjo88AJ9GpoIEA-mX5v8Dn_vZ6FclU,asd,,"{""Novaled #818"": {""General"": 5}, ""Novaled"": {""General"": 5}, ""isCatalog"": false}",ALMIR,VILLCA,Unidad,,ART_1781559256_d2c1530d.jpg,
621,Tubos LED de 120 cm de largo (caja de 30 piezas) 220V,750.0,0.0,,1EDqNW7SLTtKuihb7iwETJhl1SX9b4ffz,,,,"{""isCatalog"": false}",,,Unidad,,,
622,Estabilizador de corriente,280.0,0.0,,1eDXETBWS-aQgMFfYKsnZEoNxJQjNtXPN,,,,"{""isCatalog"": false}",,,Unidad,,,
623,Cortapico FORZA,70.0,0.0,,1EEeKMSnJJwEQJguwhe96J4jhnY3P2qQ6,,,,"{""isCatalog"": false}",,,Unidad,,,
624,Caja PVC sobrepuesta universal,15.0,0.0,,1Egt3PJmAn5TnrobGUmqA1_Zl1aX6T-SZ,,,,"{""isCatalog"": false}",,,Unidad,,,
625,LAMPARA TIPO SPOT ORIENTABLE COMPLETO DE 20W COLOR BLANCO,140.0,0.0,,1egUiSJIXrLMp8RMq90NqP99DcuxZJXfP,,,,"{""isCatalog"": false}",,,Unidad,,,
626,Panel LED 60x60 cm para empotrar luz blanca BRASILUM,270.0,0.0,,1eIyfefv63EUH-JAj4CtdD15W_J22k7Ne,,,,"{""isCatalog"": false}",,,Unidad,,,
627,TIMBRE INALAMBRICO SIMPLE,0.0,0.0,,1EJ66WuZ7DaMAAxiGKbyePRFzPpA2N6HS,,,,"{""isCatalog"": false}",,,Unidad,,,
628,Interruptor simple 10Amp Mr Tree,25.0,0.0,,1EjuzxIHYonRasCF232LR3mLauNyHmThC,,,,"{""isCatalog"": false}",,,Unidad,,,
629,"Tornillo de encarne 1"" (400pzas)",90.0,0.0,,1EKJ__YRrXn0A9VhknGLvDxQ2AGZei2mG,,,,"{""isCatalog"": false}",,,Unidad,,,
630,Reflector LED semi industrial de 400W con ojos,650.0,0.0,,1eM7Q0F0v3nn3_yeF0Xff7mkgcZsu4Yal,,,,"{""isCatalog"": false}",,,Unidad,,,
631,Perfil de aluminio esquinero,70.0,0.0,,1EmNazTwmfzfIX1KeUxt3SRM-GnrjpSkm,,,,"{""isCatalog"": false}",,,Unidad,,,
632,"Perfil de Aluminio para cinta LED, barra de 3 metro, 20*10MM EMPOTRABLE",68.0,0.0,,1EMtBFRQvE4g9xTQkXBk7ZaJOx2pjaYOe,,,,"{""isCatalog"": false}",,,Unidad,,,
633,Cable Aislado #10,1080.0,0.0,,1emtF4-S0WNQstugJdZlsQQO1Xkm0BWub,,,,"{""isCatalog"": false}",,,Unidad,,,
634,Regñeta industrial de 3 tomas 25Amp,75.0,0.0,,1eMZzhYjAt8J38uTtVIGmDN4LLbcPvXua,,,,"{""isCatalog"": false}",,,Unidad,,,
635,Pintura acrílica,590.0,0.0,,1eNmAnmRdqqnPKEYVnnPAGb9kv9soY7Eq,,,,"{""isCatalog"": false}",,,Unidad,,,
636,Caja sobrepuesta rectangular,12.0,0.0,,1Enss8lpqaaYKn7LKvaNfLyzqzYKywrtc,,,,"{""isCatalog"": false}",,,Unidad,,,
637,Termocontraible 6 mm,10.0,0.0,,1EOEpcEL9_bfaNY7KBvlrFQNWGLiSMmSl,,,,"{""isCatalog"": false}",,,Unidad,,,
638,Luminaria pública 150W con brazo metálico,750.0,0.0,,1EoicoFj6v9Dbc1XhPVK4vMZT3ZI45g_E,,,,,,,Unidad,,,
639,Multiherramienta giratoria DREMEL,2200.0,0.0,,1eoTXoZxMqBxfr9UQzLMlIlOwqm4NKOVf,,,,"{""isCatalog"": false}",,,Unidad,,,
640,Cinta Termocontraible (metro),12.0,0.0,,1EOU7VbH4gS1f463Lp0fLBun4-fwUmZ6p,,,,"{""isCatalog"": false}",,,Unidad,,,
641,Barra de cableducto 25x25,25.0,0.0,,1EPbB0mFrwupt0LrIz5xc82jmGawxq5gD,,,,"{""isCatalog"": false}",,,Unidad,,,
642,Juego lima de 4 unidades,1.0,0.0,,1EPOot_5LCEB0SPLkkf2ZicQmrvP2rX5z,,,,"{""isCatalog"": false}",,,Unidad,,,
643,Foco LED 10W - 100W,15.0,0.0,,1EqYIxM7wOMiWSBf1BWdihc_JZdA9AXS_,,,,"{""isCatalog"": false}",,,Unidad,,,
644,Reflectores LED 50W luz cálida,150.0,0.0,,1ErjV4qHucDOQeMP-sUTzDf9JM6n7exjS,,,,"{""isCatalog"": false}",,,Unidad,,,
645,Broca de fierro 5.5,18.0,0.0,,1ESc6iy9XzneUlUTNdQMw0SaQ_AcbVB_r,,,,"{""isCatalog"": false}",,,Unidad,,,
646,Cinta neon 12V (metro),17.0,0.0,,1et7hFFmD28jsIOC2bkCDl__igp32Ozkn,,,,"{""isCatalog"": false}",,,Unidad,,,
647,Clavija plana engomada marca Ultra (Peru),6.0,0.0,,1eTKQV-LuzXuZfwBumDBzHBCmE36933_V,,,,"{""isCatalog"": false}",,,Unidad,,,
648,pruba,55.0,38.0,,1eUhv8kq-EE-sZ-3ZQ7pVekJC_6NDO4r-,,,,"{""tienda 818"": {""uduus"": 0}, ""tienda 840"": {""General"": 0}, ""Novaled #818"": {""General"": 0}, ""Novaled"": {""General"": 0}, ""isCatalog"": false}",,,Unidad,,,
649,"Spot LED montable para riel, luz blanca de 30W",95.0,0.0,,1EUTOCJNwCkcaSi1tuBt0LzsU53eROTF0,,,,"{""isCatalog"": false}",,,Unidad,,,
650,Pantalla incorporada de doble fila Luz blanca,90.0,0.0,,1EvHY5O2xJuRXhf4mLeElKTu0b3fyRNIQ,,,,"{""isCatalog"": false}",,,Unidad,,,
651,Pantallas 60*60 de sobreponer,26.0,0.0,,1EvQko1Bfe4CSPoAKfhwquAGKmacwscRN,,,,"{""isCatalog"": false}",,,Unidad,,,
652,Picaporte cromado pequeño,18.0,0.0,,1Ex7Q3Nph88ki3gboDclhd15J6TJzlq7y,,,,"{""isCatalog"": false}",,,Unidad,,,
653,Pila CR2430,9.0,0.0,,1ExHF3zB9crjQDclOwoniVOFxkOb0FwmY,,,,"{""isCatalog"": false}",,,Unidad,,,
654,Cajetines de sobreponer,10.0,0.0,,1Exv_uwmmAE7MCUZ3uUFAYXqA0m3f8o4S,,,,"{""isCatalog"": false}",,,Unidad,,,
655,Tomacorriente doble sobrepuesto de 20A Nema Universal,45.0,0.0,,1eYEl3gkvrDbYqilatA85Ac3Toyz6x1jV,,,,"{""isCatalog"": false}",,,Unidad,,,
656,Codos 5/8,1.0,0.0,,1EyNY0zKeVk2VCiSDUP33yuIolMMumLV3,,,,"{""isCatalog"": false}",,,Unidad,,,
657,Foco LED botellon de 18W,30.0,0.0,,1eysNf5gBqazThYUHrF97H2qm6anLJg06,,,,"{""isCatalog"": false}",,,Unidad,,,
658,Clavija Vision Plano 16A,6.0,0.0,,1EZbT7G9eaNfD3PcksqfJxIQAu0sQ2T-r,,,,"{""isCatalog"": false}",,,Unidad,,,
659,Tomacorriente de 4 entradas,25.0,0.0,,1f1IFeChncyH7LNTdN1Pp6hDM9bRVhlSC,,,,"{""isCatalog"": false}",,,Unidad,,,
660,Alambre de cobre #12 (rollo de 100M) Marca Tigre,410.0,0.0,,1F2lNK_CxbjmHpUcMZ8e682pR-cEOMGTN,,,,"{""isCatalog"": false}",,,Unidad,,,
661,Cable de telefono de 4 hilos (rollo 100 metros),200.0,0.0,,1F2OwO3bzHExmVE2KpJfy9mH5qfkecEaF,,,,"{""isCatalog"": false}",,,Unidad,,,
662,Transformador de 8KW,12450.0,0.0,,1F4B2CiTsinP_9uMmJjfGXbT9WzDbWEq6,,,,"{""isCatalog"": false}",,,Unidad,,,
663,Pintura para techo Recuplast (balde 18L),1050.0,0.0,,1f4ej1x200X_H2Yzcdv_Cu2OHnP_6xz60,,,,"{""isCatalog"": false}",,,Unidad,,,
664,Soquet con sensor de movimiento MG,120.0,0.0,,1F5mVQpwgenYadT0swQIhd8a-x-Y7hazq,,,,"{""isCatalog"": false}",,,Unidad,,,
665,Panel de 24W cuadrados,60.0,0.0,,1F6gurgwCskH-Civ2AHmh3KmLhgKK7ixt,,,,"{""isCatalog"": false}",,,Unidad,,,
666,Roseta de superficie cat6 para conector RJ45 (Siemon),35.0,0.0,,1F70J2cYA8Ww5beRtpF0woTSCLZ0Fvrzi,,,,"{""isCatalog"": false}",,,Unidad,,,
667,Cortapico 6 salidas Forza,75.0,0.0,,1faUmcEJN5E-P4cm92p_F6ebP5XG-O14d,,,,"{""isCatalog"": false}",,,Unidad,,,
668,Tubo LED largo 120cm,25.0,0.0,,1Fb4pceLkIyJORpbUsDfImxbiFve1Gqg3,,,,"{""isCatalog"": false}",,,Unidad,,,
669,"Capuchón para RJ45, color a elección",2.0,0.0,,1Fb89lR-0dP3993MVxABQCKT2LSsZ1V3i,,,,"{""isCatalog"": false}",,,Unidad,,,
670,Foco Transparente LED 24W luz blanca,150.0,0.0,,1fbmX87M9P4TjUg8EV2GVy1tmCLK8Zz77,,,,"{""isCatalog"": false}",,,Unidad,,,
671,Guirnalda 10 mts,220.0,0.0,,1fBtrEZf7ER9i-uO-SgEvUokKRBd_a11M,,,,"{""isCatalog"": false}",,,Unidad,,,
672,Cordón N°12 (rollo de 100 metros),2430.0,0.0,,1fcR4KOZjiyMf9TWgpCx3gNbMSrzR54P5,,,,"{""isCatalog"": false}",,,Unidad,,,
673,Foco Dicroico LED MR16 en pin 8W,28.0,0.0,,1fCytO873TaLPqaEkjBcvkEVGE6_KXRRC,,,,"{""isCatalog"": false}",,,Unidad,,,
674,Rollo cable 7*14 (rollo 100 metros),385.0,0.0,,1fd11xONLFIV99dwK5KTokrR_9MyGDT3x,,,,"{""isCatalog"": false}",,,Unidad,,,
675,Broca de fierro de 1/2,65.0,0.0,,1FexCw1ivItrbUV4xr0B3GmH565p3fcx2,,,,"{""isCatalog"": false}",,,Unidad,,,
676,Caja octagonal,0.0,0.0,,1ffGPLVNnwAiG5CfTDUhNQBtCQQhYgfGT,,,,"{""isCatalog"": false}",,,Unidad,,,
677,Cable eléctrico N°10 7 hilos,0.0,0.0,,1FH1tXnJnWtRsmkTDuIJOJ0n9kurk93TU,,,,"{""isCatalog"": false}",,,Unidad,,,
678,Panel LED Negro 15W sobrepuesto,75.0,0.0,,1fhhKs6QMheirPAyvTyWXYyrdiC7w-Plo,,,,"{""isCatalog"": false}",,,Unidad,,,
679,Alargador de 20 metros engomado negro,180.0,0.0,,1Fi76PQWaGMmsU6-iIysKiEKGG_jWu_f3,,,,"{""isCatalog"": false}",,,Unidad,,,
680,Cable UTP CAT 6 cobre puro (caja 305mts),1850.0,0.0,,1fIFKshW7su86ORG0rweznR0Dt4ucGjSO,,,,"{""isCatalog"": false}",,,Unidad,,,
681,Cable monopolar tipo alambre #10,720.0,0.0,,1fIp8SIZZTmkO_85fIyRPOy4oyQg-BZyh,,,,"{""isCatalog"": false}",,,Unidad,,,
682,Panel circular de luz LED 24w,55.0,0.0,,1fJAzW6zCwSnMXWxL5Mtbict5Pxzn2yJD,,,,"{""isCatalog"": false}",,,Unidad,,,
683,Cable Tigre No. 14,650.0,0.0,,1FKrxJYKUXT3W45o-O-GT9IMFQbYF7u3N,,,,"{""isCatalog"": false}",,,Unidad,,,
684,Ducha ENERBRAS,250.0,0.0,,1fLVUWqLV0stRDaGd8f46oZWd0XTl_Wo5,,,,"{""isCatalog"": false}",,,Unidad,,,
685,Cableducto 19*39,26.0,0.0,,1FMTGK6L6wTgwG9QSUx06UX-wy4t-jhIp,,,,"{""isCatalog"": false}",,,Unidad,,,
686,Cable Multifilar N°18,160.0,0.0,Cable multifilar 1mm,1FNQ-QemrTbr3xX9fSE587Ss-7KPiP4CK,,,,"{""isCatalog"": false}",,,Unidad,,,
687,Pintura anticorrosiva color blanco (galón 3.5L),480.0,0.0,,1FNs00uV0loG2vOZYVQ3y8wBu8Jsnk6Es,,,,"{""isCatalog"": false}",,,Unidad,,,
688,Cable UTP Cat 6 para exteriores,720.0,0.0,Cable UTP CAT 6 para exteriores,1fNVrHwpRucuHoUlhaz_ut74TPzbYNc9y,,,,"{""isCatalog"": false}",,,Unidad,,,
689,Cable bipolar tipo cordón de 100M N°14 AWG 100% COBRE TIGRE,800.0,0.0,,1foNOlKpllo3iyfkM8v4R5PN-6541E8h9,,,,"{""isCatalog"": false}",,,Unidad,,,
690,Pasta termica MX4 (de primera),170.0,0.0,,1FoyYb7g7U98_zGVH6sr8lfZE4J3EMX_e,,,,"{""isCatalog"": false}",,,Unidad,,,
691,Regleta de 4 tomas,24.0,0.0,,1FpWenUw5uJS-rREeRu77HQTVJlR0f5m2,,,,"{""isCatalog"": false}",,,Unidad,,,
692,"Clavo 1"" (kilo)",35.0,0.0,,1fQUyK0U815TxTqaj0eWpunzRZEvPeMY5,,,,"{""isCatalog"": false}",,,Unidad,,,
693,Estabilizador 2200VA Nema,0.0,0.0,,1FRLB0tNPeW1LNgx2JpJos94pjMMHdUTw,,,,"{""isCatalog"": false}",,,Unidad,,,
694,Cortapico de 6 tomas Nema,45.0,0.0,,1fRV5UqLobzlah4cN21gEmwexizYICqEj,,,,"{""isCatalog"": false}",,,Unidad,,,
695,Rollo cable 7*10,720.0,0.0,,1FsBoVf0fj6aM8deWjntMCYRdOTuarnNV,,,,"{""isCatalog"": false}",,,Unidad,,,
696,BOLSA RAMPLU #6 IV PLAST (BOLSA DE 1000u),60.0,0.0,,1FScRfkO4Qve6Ws4KTa2MIAhaOW3OPtnL,,,,"{""isCatalog"": false}",,,Unidad,,,
697,Cable de poder para PC,19.0,0.0,,1FSNqPys-eC-IihRF-sRdv9qO4614NIj7,,,,"{""isCatalog"": false}",,,Unidad,,,
698,Cortapico de 3 metros,82.0,0.0,,1FsnYf0J8viGAlx7liA8E6to-mbZT1Bk0,,,,"{""isCatalog"": false}",,,Unidad,,,
699,ALAMBRE ELECTRICO N°10 (ROLLO 100 METROS),1240.0,0.0,,1ft_NamiJGv0UB2cEOiRdRAwObLmPV5em,,,,"{""isCatalog"": false}",,,Unidad,,,
700,Alambre de amarre (1Kg),35.0,0.0,,1ftoq95gmMNfOh0VSc4PBslphuAoq0hy7,,,,"{""isCatalog"": false}",,,Unidad,,,
701,Termico monopolar 40A marca Camsco,35.0,0.0,,1fuFo0NClCpex7snMqxiNy2r4BOaB_Fvc,,,,"{""isCatalog"": false}",,,Unidad,,,
702,Ventanas doble placa Osmar,12.0,0.0,,1fUn9NnlsRWRrwPMXrorzWs9RV5UrrtWq,,,,"{""isCatalog"": false}",,,Unidad,,,
703,Chapa eléctrica con transformador,690.0,0.0,,1FuvYOca6FCgsgraouSviyWcMMwEYucc2,,,,"{""isCatalog"": false}",,,Unidad,,,
704,Termico Bipolar de 60A,50.0,0.0,,1FVqvR5xb6ak8O8GlZUZhGuzK6kXcgBFh,,,,"{""isCatalog"": false}",,,Unidad,,,
705,Foco panel LED 24W sobrepuesto,85.0,0.0,,1fVwm7WKxvO2Nq9RFGqEcwljnYifYBZTg,,,,"{""isCatalog"": false}",,,Unidad,,,
706,Bateria de presión para tanque de inodoro ASTRA,0.0,0.0,,1FVY3l_tejAhX7gS2oliv1jnyxw7uxwpU,,,,"{""isCatalog"": false}",,,Unidad,,,
707,Lampara LED 9W,14.0,0.0,,1fVyRZy7pghzwBHJ_-pIJxAnprYkoDzon,,,,"{""isCatalog"": false}",,,Unidad,,,
708,Regleta de 3 tomas 16Amp,25.0,0.0,,1fweOQhmHO3O2TmOAhK9QmQILUPkq4ag4,,,,"{""isCatalog"": false}",,,Unidad,,,
709,Soquet de foco E27 de porcelana,6.0,0.0,,1FXb7QBVQTKjgNutbxWKSajXVt1LwlPcw,,,,"{""isCatalog"": false}",,,Unidad,,,
710,Panel LED 60x60 sobrepuesto,310.0,0.0,,1fXkBOAyvj_Rz8TmEjJ4AJEV28OLosaOO,,,,"{""isCatalog"": false}",,,Unidad,,,
711,"Caja de Cinta doble contacto de esponja 25Y largo , 12 mm de ancho (72pzas)",4680.0,0.0,,1fy_qG0yvvXv4e4nkREJ8_5OKuIbzVnGf,,,,"{""isCatalog"": false}",,,Unidad,,,
712,Canoa para un tubo LED de 60cm,20.0,0.0,,1FzMz-eonTqn5FqTOGrvJb0q50h20ZA6I,,,,"{""isCatalog"": false}",,,Unidad,,,
713,Tubo LED 120cm 30W,28.0,0.0,,1fzr2pQYRsR7qvTH8qpGbc1FrF-L9tnmJ,,,,"{""isCatalog"": false}",,,Unidad,,,
714,"Sierra circular para madera de 60 dientes de 9""",70.0,0.0,,1fzsLyNq34ZfHXjEJ7SpbrhI2CQQGvpzo,,,,"{""isCatalog"": false}",,,Unidad,,,
715,FOCOS DICROICOS LED DE 8 W.,20.0,0.0,,1G_2X9tmEG4FPiJIjeqlBQGb9V3V3JvBX,,,,"{""isCatalog"": false}",,,Unidad,,,
716,Contactor,160.0,0.0,,1G_cwKtlnvmUOX3DFsCbAqAAuKde6noAz,,,,"{""isCatalog"": false}",Electricidad,Contactores,Unidad,,,
717,"Tubo LED de 18W, 120cm, luz blanca",20.0,0.0,,1G_PRqY3thHsuXO7lOeI44h9NdDZR1dN9,,,,"{""isCatalog"": false}",,,Unidad,,,
718,CABLE ENCHAQUETADO 4*8 (metro),156.8,0.0,,1g_vhKVHW20EbZ1GlpvyfdanehYOH0qY4,,,,"{""isCatalog"": false}",,,Unidad,,,
719,Tubo LED 1.20m luz calida,27.0,0.0,,1G-x2dVFd1kcru6AaWOq0Ui8zODVJUIvR,,,,"{""isCatalog"": false}",,,Unidad,,,
720,Cable cordón bipolar 2x14 (rollo 100 metros),1200.0,0.0,,1g1YG-yCiSqIEvuy3ja65dAup2tS8h2gv,,,,"{""isCatalog"": false}",,,Unidad,,,
721,Interruptor doble en placa,45.0,0.0,,1G2B25tV2FKXZMLJV7a7LUf3QIpBCMKML,,,,"{""isCatalog"": false}",,,Unidad,,,
722,Tomacorriente en regleta de 4 salidas 15 Amp,35.0,0.0,,1g4cg_Dsh8jT5xdm5wz3_SEEg0-r9M9fH,,,,"{""isCatalog"": false}",,,Unidad,,,
723,Panel LED redondo 24W,75.0,0.0,,1G4DtjJfiHlTUn9j3lJEZlTdA4ibGcrLF,,,,"{""isCatalog"": false}",,,Unidad,,,
724,Tonacorriente sobrepuesto,20.0,0.0,,1g4e3_agw-FcYY7K59Itx8jLF3-KWF9Yq,,,,"{""isCatalog"": false}",,,Unidad,,,
725,Grifo eléctrico metálico Lorenzetti,1400.0,0.0,,1G4qBZSS7wvROrJjoW2WDm6a5oiIaySMi,,,,"{""isCatalog"": false}",,,Unidad,,,
726,Terminal #10 (docena),25.0,0.0,,1G5c0RUeVOItIGNj2fOv8ZVm6XiKQTVyl,,,,"{""isCatalog"": false}",,,Unidad,,,
727,Conector LED (para cada tramo),18.0,0.0,,1g6et4GSPYiXGadQ0BjCqWEipdgu2twoL,,,,"{""isCatalog"": false}",,,Unidad,,,
728,Tomacorriente doble nema sobrepuesto,35.0,0.0,,1g7bxvnacuE7aZ2lmnW2qTdTxhcsP5hFd,,,,"{""isCatalog"": false}",,,Unidad,,,
729,Tubo LED 10W 60cm,18.0,0.0,,1g7CsManU8tjqsRh2dc2whB76xiTW0tM6,,,,"{""isCatalog"": false}",,,Unidad,,,
730,"Canoa simple para tubo LED 1,2m",20.0,0.0,,1g8BfvXs1aFThvd42UyDUoPJxDBezQd0B,,,,"{""isCatalog"": false}",,,Unidad,,,
731,Batería de Baño de palanca Lateral  Astra,240.0,0.0,,1g8T9g9VnAu8ABtAej8_DRqy4QD0wUXsA,,,,"{""isCatalog"": false}",,,Unidad,,,
732,Riel porta teclado metal corredizo de 50cm,65.0,0.0,,1G95OKs3nROVC15bVuJarVqICQs1QWTMc,,,,"{""isCatalog"": false}",,,Unidad,,,
733,Cinta Aislante,14.0,0.0,"De 20 Yardas 
Marca 3M",1g9ZabTNHRSCbH-1r6eXGyhS0EFtvlgTU,,,,"{""isCatalog"": false}",Electricidad,Accesorios,Unidad,,,
734,"Cinta maskin 2""",15.0,0.0,,1gapiV4lA3YgD7fgS4mMfP7UWRGf2LrLT,,,,"{""isCatalog"": false}",,,Unidad,,,
735,Cinta aislante grande 20Y,20.0,0.0,,1GardOsDrVlrX_KZyklurUaTmedDvJk4A,,,,"{""isCatalog"": false}",,,Unidad,,,
736,Temporizador digital 16Amp CAMSCO,380.0,0.0,,1gb7ohwCZQ3mwFl0mjBr60mv2DEN_7uGB,,,,"{""isCatalog"": false}",,,Unidad,,,
737,Tomacorriente doble Mr Three,35.0,0.0,,1GBV5AaWu-34Duo6IHmO54pWq2wYk7zha,,,,"{""isCatalog"": false}",,,Unidad,,,
738,Cavija plana,10.0,0.0,,1Gc8fGRc01qidF8LL_ldiUCQVNwZokPYm,,,,"{""isCatalog"": false}",,,Unidad,,,
739,Cableducto 25x25mm x 2mts,25.0,0.0,,1GchChn1mj3hIOaUeBC5M6VN9u2N53kqI,,,,"{""isCatalog"": false}",,,Unidad,,,
740,Broca #10 rompemuro,61.0,0.0,,1GCuac9LXrEw54ARxZEFIKnsy62V4r-BD,,,,"{""isCatalog"": false}",,,Unidad,,,
741,Cable de cobre N°8 (rollo de 100 metros) color Negro,1350.0,0.0,,1GDwyeahY64D5J5HDwkoyY8eWUt-cIRMj,,,,"{""isCatalog"": false}",,,Unidad,,,
742,Reflector LED de 400W  plano,450.0,0.0,,1gE5CQ_hTG4xIyobygLFTZ9ZYFd1mM-_o,,,,"{""isCatalog"": false}",,,Unidad,,,
743,Placa Interruptor doble,45.0,0.0,,1gEgCS6ojnFgvl_BXXfEmgiKWMJ9RLDM5,,,,"{""isCatalog"": false}",,,Unidad,,,
744,Placa interruptor simple Osmar,18.0,0.0,Placa interruptor simple marca Osmar,1gFih9ogPV9_aO6kDl9Ae1clwnvOOdMRw,,,,"{""isCatalog"": false}",,,Unidad,,,
745,Cable UTP CAT 6 PURO COBRE (METRO),6.5,0.0,,1gFjoLpL_gMvppcKnZ1oFJXmivZ0qR9T3,,,,,,,Unidad,,,
746,CABLEDUCTO DE PARED 20X10,9.0,0.0,,1gfrcNcZOUjsJDuL1DwDP6NQJSwhtrpqh,,,,"{""isCatalog"": false}",,,Unidad,,,
747,Cable cordón bipolar N°14 material aislante cobre diámetro 2*14 (rollo de 100 metros),1350.0,0.0,,1gFXxn6Uxa3o5ibCMjB7aYzD0lDbt-0m3,,,,"{""isCatalog"": false}",,,Unidad,,,
748,Tubo LED 18W 120cm,20.0,0.0,Tubo LED 18W 120cm T8,1gHegDhTlM5HCCqZsIbCmPLklnKKPAsVb,,,,"{""isCatalog"": false}",,,Unidad,,,
749,Estaño en pasta,1.0,0.0,,1GHL1v37TonQ-FErIJgE287GpJDQbQTdZ,,,,"{""isCatalog"": false}",,,Unidad,,,
750,Cinta Aislante 20Y Negra,20.0,0.0,,1gInPA2-yh-bnskMHTpxtV7A1V-hQ_v2e,,,,"{""isCatalog"": false}",,,Unidad,,,
751,Interruptor conmutador simple,45.0,0.0,,1gj6FZOdyh8FazdZJ1or6KfQFX5MhCZoN,,,,"{""isCatalog"": false}",,,Unidad,,,
752,Placa doble interruptor/tomacorriente,34.0,0.0,,1GjX-Diwggy1rMXj2TAQf_8_q1vKZBvB2,,,,"{""isCatalog"": false}",,,Unidad,,,
753,Foco LED 36w,40.0,0.0,,1GKBrRRA06qB_gDTDaXVpLg1MiqMO16ig,,,,"{""isCatalog"": false}",,,Unidad,,,
754,Cortapico marca forza,45.0,0.0,,1GKNXMoONXttl1GtBPukvdh3Dg0IwZ9Ir,,,,"{""isCatalog"": false}",,,Unidad,,,
755,Regla metálica 30cm,1.0,0.0,,1GkQSBgnZfAP8ZqgO5OIUesgbbDovqbkp,,,,"{""isCatalog"": false}",,,Unidad,,,
756,Spot para riel 30W,90.0,0.0,,1gMqRsCTDU7yTRAfGK-KdiL4syPmJzODq,,,,"{""isCatalog"": false}",,,Unidad,,,
757,Reflector LED grande,950.0,0.0,Marca Led X o similar,1Gmwg5IdZ3xqWszCm3GTjbkUFkI2-Py2E,,,,"{""isCatalog"": false}",,,Unidad,,,
758,Cableducto de piso,45.0,0.0,,1GmZK7Iz9_Xaa3T2aiM56HBe_bbawCIvc,,,,"{""isCatalog"": false}",,,Unidad,,,
759,Grifo de urinario,210.0,0.0,,1gn2Vw_v5t611Lz8XJuvAH5OH75FB6523,,,,"{""isCatalog"": false}",,,Unidad,,,
760,Distanciometro digital de 80 metros WOKIN,1450.0,0.0,,1GnWcTn1T8MLmJiIVUjsGHA0vbN3kjXvG,,,,"{""isCatalog"": false}",,,Unidad,,,
761,Driver 24W,35.0,0.0,,1gOITtKphXST8rLdb-hA_rEmUHLbNwrWT,,,,"{""isCatalog"": false}",,,Unidad,,,
762,Riel 2 metros negro,75.0,0.0,,1gOxjiQPxFrRUbWCbEnkXTmu8KgtZ5UW0,,,,"{""isCatalog"": false}",,,Unidad,,,
763,Cableducto de pared 20*10,20.0,0.0,,1gPckXcRGhZtC6pVMTn0nZG-IKa9hqPDn,,,,"{""isCatalog"": false}",,,Unidad,,,
764,Tubo LED 1.2m 18W,19.0,0.0,,1gPtoJWSM7a7AGRgF6mr16NsvgvbDnefb,,,,"{""isCatalog"": false}",,,Unidad,,,
765,"Cable eléctrico engomado bipolar de cobre 2x2.5mm, rollo de 100 metros",1050.0,0.0,,1GQbJu7kr49nNot3nr4ReGTbNRXTV3LXw,,,,"{""isCatalog"": false}",,,Unidad,,,
766,Cable de cobre bajo goma 2*1.5mm (rollo de 100m),650.0,0.0,,1GTbcz6Mpvc0FjYSdZrwCTxl4YsqAFmrR,,,,"{""isCatalog"": false}",,,Unidad,,,
767,Clavijas macho o enchufes,7.0,0.0,"-voltaje:250V
-amperaje: 15A",1gTo6BGNlqq7EWbhz2mQLUguf865sSQmC,,,,"{""isCatalog"": false}",,,Unidad,,,
768,Cable 7 hilos #6 (rollo de 100 mts) TIGRE,2950.0,0.0,,1GTplLSlU07jG69VbDM4cwFkxesP_riaT,,,,"{""isCatalog"": false}",,,Unidad,,,
769,Tomacorriente doble,48.0,0.0,,1GtuUO3CJ23LZuSTWeNeEZy1CkLHoSvtb,,,,"{""isCatalog"": false}",Material Eléctrico,Tomacorrientes,Unidad,,,
770,Pegamento PVC (Lt),65.0,0.0,,1GtV6S73BiHDJ_XULjSUh_aFHXdFMP9m8,,,,"{""isCatalog"": false}",,,Unidad,,,
771,"Cable electrico de cobre, 7 hilos, No 12, marca TIGRE (rollo de 100 metros)",495.0,0.0,,1gTV6VlakoM181B5Ih9_RRUkphMma65Y_,,,,"{""isCatalog"": false}",,,Unidad,,,
772,Foco tipo LED de 38 Watts,45.0,0.0,,1GuFgF3wzkAYmkyqYe5pDWveNouKNblrV,,,,"{""isCatalog"": false}",,,Unidad,,,
773,Cinta doble contacto 25yardas de espuma 12mm,95.0,0.0,,1Gv1M6C3ovikXev5PdCmuO1IrqTDR-Cq5,,Novaled,,"{""isCatalog"":false,""general"":1}",,,Unidad,,,2026-07-01
774,Tom tomacorriente regleta de 4 tomas,120.0,0.0,,1Gv2XDeOG823Z3bQr7rv0MZ_1fCwZyJJ0,,,,"{""isCatalog"": false}",,,Unidad,,,
775,Tornillo de encarne N°5 (100U),25.0,0.0,,1gvIFPIZ4xurg9pYLLWzm7GaFACd-Iqzk,,,,"{""isCatalog"": false}",,,Unidad,,,
776,Temporizador analógico CAMSCO,280.0,0.0,,1GvSw_DtzWaXUIPikzwLIoromvhj7Vijb,,,,"{""isCatalog"": false}",,,Unidad,,,
777,Spot completo con foco dicroico de 5W,35.0,0.0,,1GwPNecdxuY5Dzw3aDB5U2oP0IlzpUI7N,,,,"{""isCatalog"": false}",,,Unidad,,,
778,Bastones luminosos con pilas (incluidas),65.0,0.0,,1gWT1VG7C_M0A9GZ0JN2C7AqAGdMgRKaz,,,,"{""isCatalog"": false}",,,Unidad,,,
779,Enchufe 20A,20.0,0.0,Enchufe/clavija de 20A  Ind. Brasileña,1gxDooZiEVhL-F45oP4nINTQGopIuqont,,,,"{""isCatalog"": false}",,,Unidad,,,
780,Rollo cable alambre N°14 (100 metros) marca Tigre,330.0,0.0,,1gY32QgQ4WQWg9s1a-ofeVIn-QbpZ8ByI,,,,"{""isCatalog"": false}",,,Unidad,,,
781,CONECTORES RJ45 CATEGORÍA 6,210.0,0.0,,1GyjTot4_05eCLJeRftY89RVvdts4NEhP,,,,"{""isCatalog"": false}",,,Unidad,,,
782,Focos LED 22W redondos,31.0,0.0,Focos LED de 22W marca R-LED,1h_1ok4dJWK13o9_2QySoUavtGI3RfV76,,,,"{""isCatalog"": false}",,,Unidad,,,
783,"Cordón bipolar #16, cobre puro, marca Tigre",460.0,0.0,,1h-BLT4ySIURvERE6zbEdHLgnniNVYPlL,,,,"{""isCatalog"": false}",,,Unidad,,,
784,CAJA TERMICO T-2,17.0,0.0,,1H-Rk5z97qv2P0S4d7L1MvQpTyUofxynv,,,,"{""isCatalog"": false}",,,Unidad,,,
785,Cable de cobre #6 de 7 hilos (metro),57.0,0.0,,1h-XTRWciGZo7XpHgH-qvqy5HNmLXp9jR,,,,"{""isCatalog"": false}",,,Unidad,,,
786,Cortapicos de 6 salidas,75.0,0.0,,1H-YUr6xihlo3IDKXapwUnX6WuNm9eytV,,,,"{""isCatalog"": false}",,,Unidad,,,
787,Bateria de 9V,12.0,0.0,,1h0LX9qRmtx0r6Xa_m0Rvo0Xx_LdfVb04,,,,"{""isCatalog"": false}",,,Unidad,,,
788,Par de socalos aereos para instalación de tubos,8.0,0.0,,1h1iCff5kbp1IqxdQawvgOiEwfMg5M_ay,,,,"{""isCatalog"": false}",,,Unidad,,,
789,Rollo de 100mts de cable para exterior engomado 2*1.5mm,695.0,0.0,,1H3tjNUiH_8N-focc5c_wDjooh8iznWW-,,,,"{""isCatalog"": false}",,,Unidad,,,
790,Broca de fierro de 1,10.0,0.0,,1H6rsT1aPRDznfzoYH5neKg2Rjp9iy60J,,,,"{""isCatalog"": false}",,,Unidad,,,
791,Cable HDMI 5MTS,120.0,0.0,,1h80T4QFTSYarBHnM6jkQdilgrLIMH11v,,,,"{""isCatalog"": false}",,,Unidad,,,
792,ALARGADOR DE 5 METROS DE 15 AMP EXTENCIÓN UNIVERSAL TRANSPARENTE,45.0,0.0,,1H9b7hum4pHQloUu7gUZks9nQolJe1x0V,,,,"{""isCatalog"": false}",,,Unidad,,,
793,Cableducto 25*25,16.0,0.0,,1h9h82RmiGXgOkshxKeRxDNRSjJe14q77,,,,"{""isCatalog"": false}",,,Unidad,,,
794,Adaptador enchufe triple con entrada universal y aterramiento y terminación plana,20.0,0.0,,1H9hVW_9qPzWTDEZAKHLvD1ocZyLTocnB,,,,"{""isCatalog"": false}",,,Unidad,,,
795,Tomacorriente doble en placa,45.0,0.0,,1hB-qS1E-KpEy5ldQPaqlR9Rzq5WMvV0E,,,,"{""isCatalog"": false}",,,Unidad,,,
796,Zócalo fijo para tubo fluorescente (par),15.0,0.0,,1HBmKjYXJUrDArx8wh8HXtielcEe_KnX0,,,,"{""isCatalog"": false}",,,Unidad,,,
797,Rollo cordón No 2x14,750.0,0.0,,1HckTsY46h-AREC8UBrMhOBcpjfcwHP7o,,,,"{""isCatalog"": false}",,,Unidad,,,
798,Estilete reforzado con 5 hojas incorporados TRUPER,0.0,0.0,,1HcPx7fWo__HTCEQ3rm_u-pS7lm_0EaNS,,,,"{""isCatalog"": false}",,,Unidad,,,
799,Cable engomado 2*1.5mm,1380.0,0.0,,1hcq5385oV0vTPx3VMmJr6W46LwVLeXHK,,,,"{""isCatalog"": false}",,,Unidad,,,
800,Kit de brocas de concreto,1.0,0.0,,1HCQ9-sPhHtuNjjG4XoEgDLWQGFJwAQ1B,,,,"{""isCatalog"": false}",,,Unidad,,,
801,Placa de Internet simple UYUSTOOLS,60.0,0.0,,1HDCSxrQheU2HsfEdXs7WxVKMeaHdpHBQ,,,,"{""isCatalog"": false}",,,Unidad,,,
802,Reflectores grandes de 50W,115.0,0.0,,1hEir0HdQUqhRLnCE9Yari-DdY2Ikrks1,,,,"{""isCatalog"": false}",,,Unidad,,,
803,Cinta LED (metro),18.0,0.0,,1HExioTnMEWF4ogSJmCVx39zgdTui1Y8C,,,,"{""isCatalog"": false}",,,Unidad,,,
804,Termico Bipolar de 63Amp,50.0,0.0,,1hG4eO1TBg-knICOqyL0m1PhKtPMxynR2,,,,"{""isCatalog"": false}",,,Unidad,,,
805,"Soquet tipo sombrero colonial (tipo plato,)",7.0,0.0,,1hG5WZuXcyhptn-iVMatqI2_HQ0nrrYFH,,,,"{""isCatalog"": false}",,,Unidad,,,
806,Foco recargable,165.0,0.0,,1HGTLzIs_2UZkGiUz-vmBYiOIpQ5eHIdO,,,,"{""isCatalog"": false}",,,Unidad,,,
807,Foco PL 26W,28.0,0.0,,1hgV1URsbjODBLuKNp-vPzeJud4TPcnYB,,,,"{""isCatalog"": false}",,,Unidad,,,
808,Caja termica para un térmico bipolar,20.0,0.0,,1HH2i2xUJSKfL4mi0Z15aa0Uj1Li9dq06,,,,"{""isCatalog"": false}",,,Unidad,,,
809,Cable 7x14 blanco (rollo 100mts),0.0,0.0,,1HHGJndUGFeWspsjVeT6U6yaxuCKUttfD,,,,"{""isCatalog"": false}",,,Unidad,,,
810,Soquet de colgar de porcelana,8.0,0.0,,1HHlVbMyPAQepU-IOgf4qA73s6ovR2-GL,,,,"{""isCatalog"": false}",,,Unidad,,,
811,"Disco de Corte de 7""",30.0,0.0,,1HI_suYkSRFfgsyQC2KMnaLu6Nq_52P5I,,,,"{""isCatalog"": false}",,,Unidad,,,
812,Brazo de luminaria metálico,60.0,0.0,,1hios0ulEE2H9fV_EJGQZwy_Xe4EPE-Sk,,,,"{""isCatalog"": false}",,,Unidad,,,
813,Tarugos de madera #8 (caja 1000U),250.0,0.0,,1HjIhOomD_KN6hx5pefJ47iEaoK9KYREO,,,,"{""isCatalog"": false}",,,Unidad,,,
814,Placa tomacorriente simple,17.0,0.0,Placa electrica tomacorriente simple,1hjxmuUBe6eZaxXxSxDXOGoo8JKhCpjF1,,,,"{""isCatalog"": false}",,,Unidad,,,
815,"Reflector LED de 100W luz blanca, 220V , para exterior",210.0,0.0,,1HK-kRQM7ftNMqlwVgLyOwAAW4Ota26GD,,,,"{""isCatalog"": false}",,,Unidad,,,
816,Tubo LED blanco 220cm,28.0,0.0,,1HK4cqzHuhzAxF97cJW9AhuIKOI-o_p4z,,,,"{""isCatalog"": false}",,,Unidad,,,
817,ALCAYATA,2.5,0.0,,1HK92I_Y1TfoQ4yC_KYekWynBJBx4p1_D,,,,"{""isCatalog"": false}",,,Unidad,,,
818,Caja rectangular para tomacorrientes sobrepuesta,10.0,0.0,Caja rectangular sobrepuesta para placa electrica,1HKkOUJIynylrf2zpcohYfReI0ihJfau5,,,,"{""isCatalog"": false}",,,Unidad,,,
819,Conector RJ11 (caja 10U),160.0,0.0,,1hlNm6PJOp0xhnDH1Dy6vhPOGtHoEhNLU,,,,"{""isCatalog"": false}",,,Unidad,,,
820,"Par Botas punta de Acero Bata, y/o workfade",0.0,0.0,,1hmcJVDXkHYnWxu6wdhneNV23P2KffC--,,,,"{""isCatalog"": false}",,,Unidad,,,
821,Electrodo 2.5 (kilo),65.0,0.0,,1hmP0AMF15d_3Xf9JKiWekwIcRBQob2rm,,,,"{""isCatalog"": false}",,,Unidad,,,
822,Electrodo 6013 (kilo),48.0,0.0,,1Hn4FAn8SoOcbmeaeqQ1MT55W3KL8gJwK,,,,"{""isCatalog"": false}",,,Unidad,,,
823,Cable conducto de piso 13*48,45.0,0.0,Cable conducto de piso plastico 13*48,1HNtbOMmFZDu6CuBj2OFdCeSAhiA9Pkqw,,,,"{""isCatalog"": false}",,,Unidad,,,
824,Placas triples,35.0,0.0,,1hoXVI4DcVpl7CSFoGBkVWQ1N7m2qWgAa,,,,"{""isCatalog"": false}",,,Unidad,,,
825,Tomacorriente tipo Shucko,0.0,0.0,,1HP0adNxmoF8WBa1QtlThj6EUiw2Aijkr,,,,"{""isCatalog"": false}",,,Unidad,,,
826,Tubo LED 120cm 20W Marca Mr Three,30.0,0.0,,1hP4b5Zyomlb-SZAFAh44yQWUXkPdTsIt,,,,"{""isCatalog"": false}",,,Unidad,,,
827,Cinta aislante 18MT 19mm Truper,20.0,0.0,,1HP8fcG6U58HzZwv-iUqcgOAxc0bK4p5T,,,,"{""isCatalog"": false}",,,Unidad,,,
828,Panel LED circular de 36W sobrepuesto luz cálida de 23cm de diámetro,90.0,0.0,,1Hq8Xnfje64970Ygy8eX1U1HNllRjDlHp,,,,"{""isCatalog"": false}",,,Unidad,,,
829,Conector de 3 tiempos para cinta,23.0,0.0,,1hqGOIgL16hq5moqjDDkltC5ouRv8vCYP,,,,"{""isCatalog"": false}",,,Unidad,,,
830,Extractor ventilador de aire 40 X 40,250.0,0.0,,1hQimloPTT1LOkXGZsr-mqZNjfw6pnw8f,,,,"{""isCatalog"": false}",,,Unidad,,,
831,Tornillo y Ramplu #6 (docena),6.0,0.0,,1HQm0LMG6kQzUo0DTpu65P_8S4v9kRZ5p,,,,"{""isCatalog"": false}",,,Unidad,,,
832,ALAMBRE DE AMARRE  DE UN KILO,25.0,0.0,,1hR_UwgegisbiqaomEUxgyQGUDa1Iq4r1,,,,"{""isCatalog"": false}",,,Unidad,,,
833,Cable N° 12 - 7 Hilos (Puro Cobre),480.0,0.0,,1Hr81dtU9DGkCQV164bIlzkSnVF-nyXJZ,,,,"{""isCatalog"": false}",,,Unidad,,,
834,CINTA AISLANTE DE 20Y,20.0,0.0,,1HRk138Bsdu8DTe2a4qmsvy9_wEpHuuoH,,,,"{""isCatalog"": false}",,,Unidad,,,
835,Abrazadera metálica de 5/8,2.5,0.0,,1HSeX1n80ww3Di6mXH_HijDCkf24Hf3Uy,,,,"{""isCatalog"": false}",,,Unidad,,,
836,Placa mixta (toma con interruptor),45.0,0.0,,1htBv54os5hBuwV8NhzYv_eIShowXK2ov,,,,"{""isCatalog"": false}",,,Unidad,,,
837,Empalmador de cable,12.0,0.0,,1hTKSO5Mgaqjuy7AHegCj0kgb8Mp6pdVB,,,,"{""isCatalog"": false}",,,Unidad,,,
838,Cable UTP CAT5E,650.0,0.0,,1htv04iF32zrves4Ya4rDOolvfLs7Mjsq,,,,"{""isCatalog"": false}",,,Unidad,,,
839,Foco LED de 12W,13.0,0.0,,1hUQNcek1pTW7Ybv0MDRrBAWeZaiP8ZNA,,,,"{""isCatalog"": false}",,,Unidad,,,
840,Arrancador de 40W 220V Marca Philips (Holland),5.0,0.0,,1huREV40iu5Mk42qSkAmXUF1atcS3ebEJ,,,,"{""isCatalog"": false}",,,Unidad,,,
841,Tubo fluorescente de 40W 220V T12 Marca Philips,22.0,0.0,,1HVegIySfL4_WBvbKOtAyqes80oD-9zdZ,,,,"{""isCatalog"": false}",,,Unidad,,,
842,Reflector LED portatil con panel solar mediano,170.0,0.0,,1HvxyrGjP227ZOjAuuoEbykSghE4DHvAN,,,,"{""isCatalog"": false}",,,Unidad,,,
843,Cable UTP CAT 6 ALEACIÓN CON ALUMINIO (METRO),3.5,0.0,,1HWh_gD_kJ1o2Hzo_QjIsaop3a9pdT_eo,,,,"{""isCatalog"": false}",,,Unidad,,,
844,ENCHUFE SOBREPUESTO DE 4 TOMAS 25A,120.0,0.0,,1hWmYTUh2nT-cCVcZNS_V8Vn_ff7UCjHq,,,,"{""isCatalog"": false}",,,Unidad,,,
845,Reflector LED de 200W,270.0,0.0,,1hWOGOHmUpw_dh05Lx6znA1nd9PeeKYMk,,,,"{""isCatalog"": false}",,,Unidad,,,
846,Térmico monofásico 15-16A,45.0,0.0,,1HWpo3tMeRSgzBXIzP6011ykskl_CB8yQ,,,,"{""isCatalog"": false}",,,Unidad,,,
847,Panel LED 48W luz blanca para empotrar (Estandar),150.0,0.0,,1HwXNOSAjsmGUkL44Vu8nwOddODC2nPo2,,,,"{""isCatalog"": false}",,,Unidad,,,
848,CABLE DE COBRE N°12,470.0,0.0,,1HX22Pu03HcBjlnQVkzfA_XDi0bnp5Mps,,,,"{""isCatalog"": false}",,,Unidad,,,
849,Panel LED cuadrado de sobreponer de 12 WATT,50.0,0.0,,1HXBfSnQq08nrQ5zRsoeYJS6-89Yl2qg5,,,,"{""isCatalog"": false}",,,Unidad,,,
850,Silicona blanca en tubo,25.0,0.0,,1HxNqFiLh2OLztF9ho267B_kVEvoDPXwp,,,,"{""isCatalog"": false}",,,Unidad,,,
851,Lámpara lineal LED 60W,130.0,0.0,,1hYm3dg1LJF8IAwLRjQnPznybswVkZWmY,,,,"{""isCatalog"": false}",,,Unidad,,,
852,Cable eléctrico 7 hilos #12,490.0,0.0,Cable electrico 7 hilos #12 Marca Tigre,1HZlT6d5ggF7pCNZOUMT5b7njrfYABxLA,,,,"{""isCatalog"": false}",,,Unidad,,,
853,Lija de tela N°100,12.0,0.0,,1HZNFVKTn1MkXyZiNOi1Wnb1xCoK_E9yG,,,,"{""isCatalog"": false}",,,Unidad,,,
854,Ceramica esmaltada de 20*30,75.0,0.0,,1i_Rufy79p1G6HJdDgg7odNjknAf9zp_7,,,,"{""isCatalog"": false}",,,Unidad,,,
855,Foco botellón de 48W luz blanca,40.0,0.0,,1i-iq2lPBCUMlUbqChCgXHo1i0UYUn8ef,,,,"{""isCatalog"": false}",,,Unidad,,,
856,"Panel LED de 24W, (28*28cm aprox)",55.0,0.0,,1i-P5TBONcMtNGrZfvAGhF8osn7BSSovR,,,,"{""isCatalog"": false}",,,Unidad,,,
857,Toma corriente shucko en L de 15 Amp,20.0,0.0,,1I0ZA38ZDB81EmYAvqrm0HEYWWXX33yDN,,,,"{""isCatalog"": false}",,,Unidad,,,
858,Pintura al aceite mate c/negro 5.3 (galón),180.0,0.0,,1I1EYfHYhU-1goz-PLUF5MrvcoanR-01Q,,,,"{""isCatalog"": false}",,,Unidad,,,
859,Destornillador de 41 cambios,120.0,0.0,,1i1nhBQ5m6rNrMquxesPipBOtHitvbPBr,,,,"{""isCatalog"": false}",,,Unidad,,,
860,Cinta aislante (paquete 10U),110.0,0.0,,1I1XGANPOjPJJh5b_TKbC_HzloEImw9gV,,,,"{""isCatalog"": false}",,,Unidad,,,
861,Broca #6 concreto,22.0,0.0,,1i3J7pqSadSqbRFhEMF3FfMx8MYcstz4D,,,,"{""isCatalog"": false}",,,Unidad,,,
862,Tomacorriente doble OSMAR,48.0,0.0,,1i3uREEOMCqcNCM3r-lDIWlhz6wkmcsVr,,,,"{""isCatalog"": false}",,,Unidad,,,
863,Breaker Harok 100A,700.0,0.0,,1i41XVn98vBW-ARgWgS6fP7ERj8dSPfo_,,,,"{""isCatalog"": false}",,,Unidad,,,
864,"Tubo LED transparente, luz cálida de 18W, 120cm",15.0,0.0,,1i4QuyvHpq9ir7gb1PmSqs0GoWiws9IrN,,,,"{""isCatalog"": false}",,,Unidad,,,
865,Fco LED luz blanca 20W,32.0,0.0,,1I5aOnsUcyT06R9Cq4bI_VnEVp6odMmBv,,,,"{""isCatalog"": false}",,,Unidad,,,
866,Foco LED de 15W luz blanca,20.0,0.0,,1i5GDKrjOWGNZpjCQ68U9hi86B2kUciW_,,,,"{""isCatalog"": false}",,,Unidad,,,
867,"Enchufe placa doble, Mr Three",38.0,0.0,,1I5iS4x_AAmcS7NMjaBoC8AQm9i5XnkAK,,,,"{""isCatalog"": false}",,,Unidad,,,
868,Cortapico de 6 tomas FORZA,90.0,0.0,,1I5kshL4PRXpjwJImyVgTfxdFdY73lzZ2,,,,"{""isCatalog"": false}",,,Unidad,,,
869,Reactancia de 20W Philips/ELT,35.0,0.0,,1I5ueL9r7KLRbmryCgDzNHdiMzdhGPxUE,,,,"{""isCatalog"": false}",,,Unidad,,,
870,Chapa tipo perilla,60.0,0.0,,1i6sqlvN5QXBOvyA-4JCiLtwYd6cnMnXe,,,,"{""isCatalog"": false}",,,Unidad,,,
871,Tubo LED de 9-12W,24.0,0.0,,1i7etoKRs5eBFjXUsn8mCzBrHzz5gCQkM,,,,"{""isCatalog"": false}",,,Unidad,,,
872,Extensor de corriente,55.0,0.0,,1I7HybDcN3YeH2RxlRSqehyRW4niIX7ID,,,,"{""isCatalog"": false}",,,Unidad,,,
873,Cableducto con adhesivo 20x10,12.0,0.0,,1I7sShGpGvBb4ZDvdBN-wk8p4RWaHj0l9,,,,"{""isCatalog"": false}",,,Unidad,,,
874,"Foco LED 15W, tipo bombilla, luz blanca",18.0,0.0,,1i8J-51weBNDJNc5ctrnqKPPHY23R2WD2,,,,"{""isCatalog"": false}",,,Unidad,,,
875,Grifo de Lavamanos Habitad,155.0,0.0,,1i8Ywj7f7HDa3L9ksiRqsaFHjEmrKbsmc,,,,"{""isCatalog"": false}",,,Unidad,,,
876,"Foco Dicroico LED GU10, luz cálida, potencia 8W",20.0,0.0,,1i9mKSymBdfgAmtqiYj5Hkm2-g0hZ-LOO,,,,"{""isCatalog"": false}",,,Unidad,,,
877,Nylon de polietileno de baja densidad color negro (Metro),15.0,0.0,,1Ia1oixjOkLKw6zV3w5OWg8ZCA5bAua5S,,,,"{""isCatalog"": false}",,,Unidad,,,
878,Cinta vulcanizante (metro),15.0,0.0,,1ibHLY8HMS8bxx5ShRavWv7uVXu-Dt9ql,,,,"{""isCatalog"": false}",,,Unidad,,,
879,LUNINARIA LED 150W,700.0,0.0,,1ibXU_OwjFtD2HXf1YbOvE5PeS_fCdHP6,,,,"{""isCatalog"": false}",,,Unidad,,,
880,CINTA AISLANTE DE 20Y PVC,14.0,0.0,,1IcplLNdn3cg696i5KkrBU8Ub9Ex7YJ9K,,,,"{""isCatalog"": false}",,,Unidad,,,
881,Cinta LED 3 tiempos,22.0,0.0,,1IDt4G0GbXOL35EmHE75-SS37s8RZkKRT,,,,"{""isCatalog"": false}",,,Unidad,,,
882,Bateria recargable AAA,120.0,0.0,,1Ie5Bdr1kLdy2GVAw0dlLXUY7OmeSWM8w,,,,"{""isCatalog"": false}",Electricidad,Baterías,Unidad,,,
883,Panel LED 18W sobrepuesto luz cálida,65.0,0.0,,1IEIUoq6St2B6WBcGDqRy6KAR3qtoehD-,,,,"{""isCatalog"": false}",,,Unidad,,,
884,Cable N° 14 - 7 hilos (Puro Cobre),320.0,0.0,,1Ig1MxtGgqdJCu5laZXXPfQ81OEVrekde,,,,"{""isCatalog"": false}",,,Unidad,,,
885,Termomagnetico bipolar de 63A,45.0,0.0,,1iH_KOL2btNFSgv5V_KMCH-5VaHEb51aU,,,,"{""isCatalog"": false}",,,Unidad,,,
886,Foco led 22W tipo bombilla,34.0,0.0,,1ih2imN3KTPJ96MBLuSURofj17H-2zpJH,,,,"{""isCatalog"": false}",,,Unidad,,,
887,"Escuadra Falsa de 8"" mango plástico",45.0,0.0,,1ihHjGePGeT1trb7NOLdDdnbl_qVC4ciy,,,,"{""isCatalog"": false}",,,Unidad,,,
888,Alicate de presión Pico de Loro,132.0,0.0,,1ihr-Jfu3-WBWYAitRReetb5HUEJ4QTMv,,,,"{""isCatalog"": false}",,,Unidad,,,
889,Cable doble N°10 Coplas,1200.0,0.0,,1iiaJ13sT-iDLVGVRpf7d77qLXpmsb9BN,,,,"{""isCatalog"": false}",,,Unidad,,,
890,Terminales tipo hojal,3.5,0.0,,1iIOPGmd4bKI3Utv9_Yni8eiTmU2WY2DA,,,,"{""isCatalog"": false}",,,Unidad,,,
891,Volandas de 5mm (340 unidades),90.0,0.0,,1IioWRnmNkiMEPfzncGm4Ye93rT_ubBvs,,,,"{""isCatalog"": false}",,,Unidad,,,
892,Extensión eléctrica vulcanizado de 5mts 3 tomas amarillo,48.0,0.0,,1iJ63dvtsWp5tWV_JXXxltFgZBH8qLy4C,,,,"{""isCatalog"": false}",,,Unidad,,,
893,Conector RJ45 CAT 6 (caja 100U),210.0,0.0,,1IjBLNXNI0Tq-JfZ4YV7PdSpmc6ndUqY4,,,,"{""isCatalog"": false}",,,Unidad,,,
894,Grifo temporizador para Urinario,290.0,0.0,,1iLD9X_sbqIurb7R4SHgBKYhSBWP5GfBZ,,,,"{""isCatalog"": false}",,,Unidad,,,
895,Cable LAN de internet 5Mts,25.0,0.0,,1iLt6N-18rSr3-nRto8osiMdcFkB6fjPC,,,,"{""isCatalog"": false}",,,Unidad,,,
896,Reflector LED 600W (de 12 ojos),1650.0,0.0,,1ImMmK7D2qIlBRoIU1a3iLJALeMI-GCEq,,,,"{""isCatalog"": false}",,,Unidad,,,
897,Rollo (100Mts) Cable Cordón Bipolar N°12 marca Tigre (Bolivia),1200.0,0.0,,1iMwJc4B1Qt4Vzjpc8UCS8ZEO8wVF-dza,,,,"{""isCatalog"": false}",,,Unidad,,,
898,"Espatula 3""",15.0,0.0,,1inmrACclcRA0Ol0-yE0JzqpoxepI3kO5,,,,"{""isCatalog"": false}",,,Unidad,,,
899,Sifón para lavamanos,70.0,0.0,,1iOYsEa25aDf2_C2ewIFaGuWH0PxwvMzS,,,,"{""isCatalog"": false}",,,Unidad,,,
900,Placa doble nema,35.0,0.0,,1ipeN5aAvI0XOMPpZWx5baHDX55e7QwMR,,,,"{""isCatalog"": false}",,,Unidad,,,
901,"Cinta de doble contacto de 10yardas x 48mm de ancho, espesor de 1mm MULTICINTA",0.0,0.0,,1iPVfdIxu9Hiiaxh-pAnG0gwEKRPbryrA,,,,"{""isCatalog"": false}",,,Unidad,,,
902,Pelacable,170.0,0.0,,1iq6qZuXn6FINyCNNTGYcYebVi-DVEjiW,,,,"{""isCatalog"": false}",,,Unidad,,,
903,Driver de 12W,18.0,0.0,,1iqXy6xA6T0q-_HFWe2BCx1IU7Yu1wlB6,,,,"{""isCatalog"": false}",,,Unidad,,,
904,Driver para panel LED 60W,60.0,0.0,,1iRnSUPxzuucxH7fKouCukrx7bcxf23RE,,,,"{""isCatalog"": false}",,,Unidad,,,
905,Bolsa ramplu #6 (1000 pzas),70.0,0.0,,1iRXLZnytM6k4mRtFHsBpkvxFu7lzU8fX,,,,"{""isCatalog"": false}",,,Unidad,,,
906,Regleta toma triple,110.0,0.0,,1ITORKFY7eTzVEB8XXHat5DJVF8rQENrK,,,,"{""isCatalog"": false}",,,Unidad,,,
907,"Cable de cobre N°14 de 7 Hilos TIGRE (Rollo de 100 metros), color rojo/azul/verde",850.0,0.0,,1iuxuBSdUo9hOckGjINRKCdFrCkbeTHeS,,,,"{""isCatalog"": false}",,,Unidad,,,
908,JUEGO DE DESARMADOR (TRUPER),90.0,0.0,,1Iv3CUHEAt8sPB8r2fH4_2F1xuyzsoWcU,,,,"{""isCatalog"": false}",,,Unidad,,,
909,Foco LED 13W,18.0,0.0,,1IVlscrGaV-NDr2so1qiRaTjYrbkgb-wu,,,,"{""isCatalog"": false}",,,Unidad,,,
910,Cableducto 20x10mm X 2 mts,8.0,0.0,,1IvVfsCNKho9MD7wE6jeuAS5SOvSY5N41,,,,"{""isCatalog"": false}",,,Unidad,,,
911,Foco para laringoscopio,65.0,0.0,,1iw3qglHjGW9EoaTg_cTptfbpjuu_gyf3,,,,"{""isCatalog"": false}",,,Unidad,,,
912,Cortador tubo de aluminio,85.0,0.0,,1iwmp5UtQcWlLr_JzZw52yI94-JWMr-FF,,,,"{""isCatalog"": false}",,,Unidad,,,
913,Placa interruptor con conmutador,45.0,0.0,,1IWnERX6ZD2k8d5P4D-7by-a2DnI_rmWV,,,,"{""isCatalog"": false}",,,Unidad,,,
914,"Canoa LED 18W 120cm con conector, marca FSL",48.0,0.0,,1IwowUbbOQWpYihK1L_78mTd1VX2GtFWo,,,,"{""isCatalog"": false}",,,Unidad,,,
915,"Reflector LED de 200W, luz blanca",230.0,0.0,,1IwVtfx6mkeLMdaHeEc96GlHV5SQx1RVh,,,,"{""isCatalog"": false}",,,Unidad,,,
916,Canoa doble para tubo LED 1.2m,35.0,0.0,,1ixsd2jy23TCZXMOy5BrugFl9tCL48wjX,,,,"{""isCatalog"": false}",,,Unidad,,,
917,Patchcord 3 metros CAT 6,38.0,0.0,,1IYcVny6yKRox7ltYa4K4l5SMAaOjfbnz,,,,"{""isCatalog"": false}",,,Unidad,,,
918,"Alargador Marca Ultra de 10 metros, 3 tomas",75.0,0.0,,1iYdQCVySjsA8PZiFScKTtuiYGYb5r7T_,,,,"{""isCatalog"": false}",,,Unidad,,,
919,"Regleta 4 tomacorrientes sobreponer Amperaje: 15A Voltaje: 220V Polo: 2 conexión a tierra, Material dle cuerpo: Termoplástico",85.0,0.0,,1iz_Afrlg-EIiE55-bRWRIWClrineTN3r,,,,"{""isCatalog"": false}",,,Unidad,,,
920,Cinta Aislante 3M de 20 Yardas,0.0,0.0,,1izKpERmGD7JyS1qy6DPizcaNNMLNhdYw,,,,"{""isCatalog"": false}",,,Unidad,,,
921,Cortapico 3mts,95.0,0.0,,1iZvjn3GQcAx4OwKYg4DgbXxVLDRa-7s1,,,,"{""isCatalog"": false}",,,Unidad,,,
922,Regleta toma doble ultra,15.0,0.0,,1iZzTe_GIm-HtDYQ2oEu5kgMo8IxXmnCl,,,,"{""isCatalog"": false}",,,Unidad,,,
923,Reflector LED 40W luz blanca,160.0,0.0,,1J0A4izhKYQKXARJ84hOjTRdPlG8viqFa,,,,"{""isCatalog"": false}",,,Unidad,,,
924,Cable HDMI 20 metros,195.0,0.0,,1j1kRnxqKKXWjZlgA_gFyDsYzpjdq9Uj6,,,,"{""isCatalog"": false}",,,Unidad,,,
925,Cable HDMI,95.0,0.0,,1j2aW3JqtEsV72jISgaYs4Aqw01CggfNJ,,,,"{""isCatalog"": false}",,,Unidad,,,
926,Tomacorriente sobrepuesto 16A 3 tomas,14.0,0.0,,1j3tFnq-cLR7oJzSZiAQqCcTvCZVNTeA0,,,,"{""isCatalog"": false}",,,Unidad,,,
927,Conector Hembra Tipo KEYSTONE JACK/ CAT 6,24.0,0.0,,1j69AmqyvT5qCpJ7jj0uBd_-FnWS7SSDI,,,,"{""isCatalog"": false}",,,Unidad,,,
928,Gafas de protección,35.0,0.0,,1J72xnhCsqM4irPtRZzFHUI2H5x5jmsYU,,,,"{""isCatalog"": false}",,,Unidad,,,
929,Clavija en L 20A,25.0,0.0,,1j8fcxAgxIxw8HI6G6TKZNw4GRLT4W1ko,,,,"{""isCatalog"": false}",,,Unidad,,,
930,"Tuerca hexagonal de 5/16""",1.0,0.0,,1J9hDyqr0YPfWUfZUfwu3qLawYzQQmkZC,,,,"{""isCatalog"": false}",,,Unidad,,,
931,Brazo metálico para luminaria,60.0,0.0,,1Jagrw9ENRDTEZLuwZVBZI_liYJ7SmlXk,,,,"{""isCatalog"": false}",,,Unidad,,,
932,Deatellador amarillo,220.0,0.0,,1JAsKc4Y66fBegg4uKWadpqGbu86Rlr1g,,,,"{""isCatalog"": false}",,,Unidad,,,
933,Placa tomacorriente doble UYUSTOOLS,38.0,0.0,,1jbUi_GMS0YvijeYJSSBPxnSN-XRuuj4N,,,,"{""isCatalog"": false}",,,Unidad,,,
934,"Pantalla 60x60cm, sobrepuesto, Marca Mr. Tree, Industria Brasileña",160.0,0.0,,1JbX_yVw7sfH00jGmTw2JQizJiTC1_duq,,,,"{""isCatalog"": false}",,,Unidad,,,
935,Rollo cable 7*10 tigre,1300.0,0.0,,1jdgS2kv-pRFVM2lRQJdixEbrO-__52pj,,,,"{""isCatalog"": false}",,,Unidad,,,
936,Tester  Multímetro digital Truper,220.0,0.0,,1jDMuisrC2B9rag5vCsZzGuEM--VnjCt2,,,,"{""isCatalog"": false}",,,Unidad,,,
937,Cable Cordeiro 1.5 mm,380.0,0.0,,1JDTYrTmg9RlOU6oJSyv-8OnZV0BonU65,,,,"{""isCatalog"": false}",,,Unidad,,,
938,Enchufe Clavija Schucko engomado 16Amp,38.0,0.0,,1JEdsAiAHcT8_Mv2aLfDYS5Fpmr8KkaKT,,,,"{""isCatalog"": false}",,,Unidad,,,
939,Tubo LED 18W,30.0,0.0,,1jEjjqkcwhoLl8fENtpKcx56c2Vx-oDR2,,,,"{""isCatalog"": false}",,,Unidad,,,
940,"Tornillo bolsa 1/2"" estrella (bolsa 1000u)",110.0,0.0,,1jf1cqXA8HnhhZ6UmitURWoOT-VQRFKXd,,,,"{""isCatalog"": false}",,,Unidad,,,
941,Driver de 24W,25.0,0.0,,1jf5T1pMEfi37h8l6PlOMweWjDCSVKmLr,,,,"{""isCatalog"": false}",,,Unidad,,,
942,Enchufe simple 16Amp,24.0,0.0,,1JglFNZTiMaq4LmTnxZCb7Idneb521pI-,,,,"{""isCatalog"": false}",,,Unidad,,,
943,Placa tomacorriente doble SICA,35.0,0.0,,1jh9426QxBHTCnau8Mf-dFSSiTEwVmhbC,,,,"{""isCatalog"": false}",,,Unidad,,,
944,"Tomacorriente doble con tierra tipo Nema color negro, Mr Three",45.0,0.0,,1JhkItebfmEFjF598aXIhymn0ZbvJ_dz9,,,,"{""isCatalog"": false}",,,Unidad,,,
945,Cable de 7 hilos flexible AWG N°10 (rollo de 100 metros),2198.0,0.0,,1jhpZLZ2iznPC6GSnGBDK5cEyp3hx3O6r,,,,"{""isCatalog"": false}",,,Unidad,,,
946,Enchufe macho plano,9.0,0.0,,1JHVY-2V1g5We1ub8sME5wrcGIre-ri_6,,,,"{""isCatalog"": false}",,,Unidad,,,
947,Térmico bipolar 2x63A,65.0,0.0,,1jiwim5py4KdC5iGRK05Shn82pwaeXwVm,,,,"{""isCatalog"": false}",,,Unidad,,,
948,Rieles telescopicos para teclado de escritorio,0.0,0.0,,1jjhKI6eWtJFkkHmv7Cg5iHq4nrpwZUyr,,,,"{""isCatalog"": false}",,,Unidad,,,
949,Conos viales 95cm,170.0,0.0,,1jjO8ggrIcGnK9k0a21qxnBHAjENsSALC,,,,"{""isCatalog"": false}",,,Unidad,,,
950,Foco de 26W,35.0,0.0,,1jKWTHyqqfHrXaG5CMMrKwnePrkOxklwM,,,,"{""isCatalog"": false}",,,Unidad,,,
951,Panel LED 30*30 para sobreponer,50.0,0.0,,1jLE5e2S3-M898Zqmv31Fz4_isoT3vqHy,,,,"{""isCatalog"": false}",,,Unidad,,,
952,Cable bipolar engomado para exterior  de 1.5MM 100% cobre,698.0,0.0,,1JLFPFKWx2On3xH-KpsDBWqITtJiD0K2z,,,,"{""isCatalog"": false}",,,Unidad,,,
953,Rollo de cable eléctrico #12,490.0,0.0,,1JLTyE53faEry3YPAoDO3FfzDbsyyIRw2,,,,"{""isCatalog"": false}",,,Unidad,,,
954,Conector RJ45  cat 5 (100U),195.0,0.0,,1JnB612bQi3ixmI_w1H1oahh3sxyW3rxe,,,,"{""isCatalog"": false}",,,Unidad,,,
955,Interruptor simple Marca Veto Vive,48.0,0.0,,1jNOARyxlOv9I0FIuJtF9_R7dHGG9KiQ-,,,,"{""isCatalog"": false}",,,Unidad,,,
956,Foco LED 70W tipo plafón,145.0,0.0,,1jO-x2xl8jx_PVqyWDke_6wmmsGMP3DFL,,,,"{""isCatalog"": false}",,,Unidad,,,
957,Cinta adhesiva indistrial de tela color negro (vulcanizante),95.0,0.0,,1joe_cCT1C-aWeqXJgYYkcB78ZSBhfSY-,,,,"{""isCatalog"": false}",,,Unidad,,,
958,Perno y tuerca diametro 1/4  y lardo media pulgada,0.6,0.0,,1Joea0Ei8u9L5hWcCBvSIRZzKh1UhoSjn,,,,"{""isCatalog"": false}",,,Unidad,,,
959,Clavija Schucko,15.0,0.0,,1jOKb1HLAVF15eYcohgh4mJg-lbSp13nL,,,,"{""isCatalog"": false}",,,Unidad,,,
960,"Reflector LED de 100W, luz blanca",150.0,0.0,,1JOw3NY4We8PoXu1DACbrR9ttY2KGl2oY,,,,"{""isCatalog"": false}",,,Unidad,,,
961,Luminaria Publica 150W,1200.0,0.0,,1jpKVBFRKyAlsSHTUEjIVajvU6_qV6y7X,,,,"{""isCatalog"": false}",,,Unidad,,,
962,TERMINAL PUNTA TUBULAR PIN PREAISLADO ROJO AWG 10 (Bolsa 100U),0.0,0.0,,1JqaQZ0uzBT1E1L9pCo70KxcLEpbiM8it,,,,"{""isCatalog"": false}",,,Unidad,,,
963,Cable cordón No. 16 (rollo),180.0,0.0,,1JQStLvMMLZ0PKl_hDB4TBksqRMTruefv,,,,"{""isCatalog"": false}",,,Unidad,,,
964,"Bornera de empalme 30A, 16mm2",20.0,0.0,,1JRpkoPmzMkNbCuCE-pyB7cKL6ScFoBe1,,,,"{""isCatalog"": false}",,,Unidad,,,
965,Aplique de baño COMPLETO con 3 focos de Aluminio y Cristal,350.0,0.0,,1jrZy_cwiYv2ew9hVi6ga3u5Jy1TBlbWb,,,,"{""isCatalog"": false}",,,Unidad,,,
966,"Focos LED botellón de 40W, luz blanca",38.0,0.0,,1jS47UnMa3GTgiRVZIxR22iFJrY8n0TW3,,,,"{""isCatalog"": false}",,,Unidad,,,
967,Transformador para chapa eléctrica,150.0,0.0,,1js7FgW9QyfndswtxJp4cEfb3uGgpi5W6,,,,"{""isCatalog"": false}",,,Unidad,,,
968,"Niple PVC 1/2"" con rosca",5.0,0.0,,1Jt8tx925SrnexHg-ynlGRJxAKJR_twAA,,,,"{""isCatalog"": false}",Plomería,Conectores,Unidad,,,
969,Repuesto de estilete (caja),1.0,0.0,,1JtcNFdIhXeL5OiDKQuXjh6jvkZG7267o,,,,"{""isCatalog"": false}",,,Unidad,,,
970,Clavija pata plana,10.0,0.0,,1jtCVSW8vTrQSV9Q35mg9JpwqsFfcL6eS,,,,"{""isCatalog"": false}",,,Unidad,,,
971,Pasta para soldar,1.0,0.0,,1JThiOOUi5mhRVciQPjgW8f3S0vf5U_h-,,,,"{""isCatalog"": false}",,,Unidad,,,
972,Gabinete de 9U,720.0,0.0,,1JTz8zBiOt5Q9G_Ivr8wytejHJfNfXC8r,,,,"{""isCatalog"": false}",,,Unidad,,,
973,"Cable eléctrico engomado bipolar de cobre 2x1.5mm, rollo de 100 metros",710.0,0.0,,1JVcomVHlU8EMXqQ29iDglBxp803xvT5f,,,,"{""isCatalog"": false}",,,Unidad,,,
974,"Ta lero eléctrico 6""",18.0,0.0,,1jvkWD9jQfpPTYJKkwCzMfVTEHCgrqG3C,,,,"{""isCatalog"": false}",,,Unidad,,,
975,Clavija engomada plana,12.0,0.0,,1Jw6sFMtAER-rx0BrmodK490BM2kzEeRt,,Novaled,,"{""isCatalog"":false,""general"":24}",,,Unidad,,,2026-07-07
976,Grifo para lavamanos,90.0,0.0,,1JwLTZEansQPveOXa9B6NLJAEl8Bp9TOm,,,,"{""isCatalog"": false}",,,Unidad,,,
977,Reflector LED 30W luz blanca,95.0,0.0,,1JXptxxi1CBzTCW4bNIIIeeLzaz_AEAlY,,,,"{""isCatalog"": false}",,,Unidad,,,
978,Driver 18W,25.0,0.0,,1jXR3qL0sTH5TFyuiftlUTjdgvvft-1cy,,,,"{""isCatalog"": false}",,,Unidad,,,
979,Tubos LED 120cm 18W,42.0,0.0,,1Jz8brPBbOHaKNu56DUdpdCU19OU0mT02,,,,"{""isCatalog"": false}",,,Unidad,,,
980,"Tubo de 6"" x6mts",420.0,0.0,,1jZjtKecGW5L7XZh-qXnyma9Rl37bhVXN,,,,"{""isCatalog"": false}",,,Unidad,,,
981,Chaoa de palanca,155.0,0.0,,1jZOgAi0gFcTmfjooQFtYnkoJd4UrLL_a,,,,"{""isCatalog"": false}",,,Unidad,,,
982,Extension de cable industrial 10 metros 20A,215.0,0.0,,1K_ezr8Qh1y30kK67Ckom2VWoFyXFzCuB,,,,"{""isCatalog"": false}",,,Unidad,,,
983,Estabilizador de corriente FORZA 1200VA,265.0,0.0,,1K_lcWjGtXVB2GFbMculLmEG1Nkn-QzMJ,,,,"{""isCatalog"": false}",,,Unidad,,,
984,Foco fluorescente,95.0,0.0,"De 2 luminarias cada uno de 40W con reactancia y pantalla
Marca DYD",1k-RgBTuzdYvVXdhB_Wc9WOwffKKcTW_Y,,,,"{""isCatalog"": false}",,,Unidad,,,
985,"Panel LED, 24 Watts",105.0,0.0,,1K0ma6nKoOobrOQS7iysdMTEkDAqVqzF_,,,,"{""isCatalog"": false}",,,Unidad,,,
986,Cable eléctrico #12 AWG 7 hilos (rollo 100 metros),850.0,0.0,,1k1AiXT89oTg_P77odFJdJAc9w4omJLqK,,,,"{""isCatalog"": false}",,,Unidad,,,
987,Remaches 1/8,1.0,0.0,,1k375vSnEpF4i02Fmf-1lACr-FZjk_ifs,,,,"{""isCatalog"": false}",,,Unidad,,,
988,"Tubo LED 20W, T8, 6500K luz blanca, 220V (caja de 30 unidades)",600.0,0.0,,1k3P09gMAnOIQcJk3Bc85yypK8OIJFqxV,,,,"{""isCatalog"": false}",,,Unidad,,,
989,Reflector LED 200W luz blanca 160-265V IP65/66,450.0,0.0,,1K3ZcdIG8KnQjCJzisKlvYM3IDfq2ky3X,,,,"{""isCatalog"": false}",,,Unidad,,,
990,Mulitoma de 3 salidas redondo y plano,20.0,0.0,,1k4m6SBGgmMUqyod1qJeU4oUGVCCLayma,,,,"{""isCatalog"": false}",,,Unidad,,,
991,Cable 7x12 blanco (rollo 100mts),0.0,0.0,,1K4wYReG82hRhnHhK-i65WeioKW-n7hny,,,,"{""isCatalog"": false}",,,Unidad,,,
992,"Jabalina de cobre 5/8"" x 0.60 metros",350.0,0.0,,1K5nC6qxQs6go67wwcudmQcJ8Kt_uvg7P,,,,"{""isCatalog"": false}",,,Unidad,,,
993,Electrodo 6013 (kilogramo),75.0,0.0,,1k622q8YQ7zgDJZ8pdAJuvJIdXotIFS8A,,,,"{""isCatalog"": false}",,,Unidad,,,
994,Panel LED sobrepuesto 12 W,38.0,0.0,,1K6rsID2NR1em2iBuOjDgjOuQLXHYixoc,,,,,,,Unidad,,,
995,Vernier KSEIBI,410.0,0.0,,1K703y6CNqwM-WaGRaFRf_hXbN0EYLHMz,,,,"{""isCatalog"": false}",Herramientas,Medición,Unidad,,,
996,"Carpicola de 0.9 LTR, marca RIVECOLA (frasco)",63.0,0.0,,1k7DQ920788KvJfyB8kthkWs6ViNZ4AUl,,,,"{""isCatalog"": false}",,,Unidad,,,
997,Reflector LED 200W IP66 luz blanca 220V,480.0,0.0,,1k7LEVWdzo53GDTZJAw9T5WVJuSKANxv7,,,,"{""isCatalog"": false}",,,Unidad,,,
998,Placa interruptor triple tramontina blanco,34.0,0.0,,1k8wVlfE5PFhyhiZMBBMrtxF1ZRnZoJsh,,,,"{""isCatalog"": false}",,,Unidad,,,
999,Cortapico de 5 tomas Forza,50.0,0.0,,1k8yOqo0bgYnWEvEEVsXfOJoNCLINLQAl,,,,"{""isCatalog"": false}",,,Unidad,,,
1000,Panel LED 24W sobrepuesto luz cálida,85.0,0.0,,1k93eKxA8jXPJ5IqADYymicNptNWVqMoz,,,,"{""isCatalog"": false}",,,Unidad,,,
1001,"Panel LED redonde 18W, 220V, 50/60Hz",60.0,0.0,,1kAHdgfMIWQH-6hsbpYTYLBoEwioqA0B2,,,,"{""isCatalog"": false}",,,Unidad,,,
1002,"Placas interruptor de 2 tomas, Color café",35.0,0.0,,1kBN5047WcXmTGU4iOqhsI1fEnZkmrdly,,,,"{""isCatalog"": false}",,,Unidad,,,
1003,Foco ahorrador LED luz blanca 30W,40.0,0.0,,1kBT8m05BwGAEaPnVxy-cjoxXQP6ZGyyU,,,,"{""isCatalog"": false}",,,Unidad,,,
1004,Clavijaa tipo codo marca Tramontina,10.0,0.0,,1kC-efNNgbiiYMPQ1e2YaRXzT0ZtPuj1u,,,,"{""isCatalog"": false}",,,Unidad,,,
1005,Termico bipolar 63A,45.0,0.0,,1KDNAwe-DEpy82JI6ctZnQAEOXrFUoYZg,,,,"{""isCatalog"": false}",,,Unidad,,,
1006,Batería 9V marca Duracell,40.0,0.0,,1kdq62YfLIk0ox2qdrnDCUggDSuY49g_C,,,,"{""isCatalog"": false}",,,Unidad,,,
1007,Cable bipolar 2*2.5 (rollo 100 metros),1600.0,0.0,,1KeeTbdRH65fvw5UTU2WcFmQrdgvKh7uh,,,,"{""isCatalog"": false}",,,Unidad,,,
1008,Pintura al aceite color rojo 18 litros (balde),790.0,0.0,,1Kfi6MBWqr6Ee1p4PXcl_d2X0NIW5wGeV,,,,"{""isCatalog"": false}",,,Unidad,,,
1009,Placa eléctrica tomacorriente doble tipo nema,0.0,0.0,,1KFPvkMz15rzyWfhMI1OaTUlelAPj9SqG,,,,"{""isCatalog"": false}",,,Unidad,,,
1010,Térmico bipolar 2x100A SICA,220.0,0.0,,1Kg_vlCauEp1Q0KJ0xJZF1QjQvEoprhD4,,,,"{""isCatalog"": false}",,,Unidad,,,
1011,Foco panel LED redondo de 24W,65.0,0.0,,1KgEs5JIkcpKcvU1OkVup80GoioSEEylU,,,,"{""isCatalog"": false}",,,Unidad,,,
1012,Foco vela LED rosca E14,25.0,0.0,,1KHQ2PQZ3UsaBSw29jlPyP64oemYbu0qX,,,,"{""isCatalog"": false}",,,Unidad,,,
1013,Chaoa para puerta de aluminio,180.0,0.0,,1kiytq8oLG1w8EtNJCr3Jqktz3OZSyZUJ,,,,"{""isCatalog"": false}",,,Unidad,,,
1014,Cable coaxial (metro),3.5,0.0,,1KoFyOurVI92XgPqWil1jhmfxdpbFKhik,,,,"{""isCatalog"": false}",,,Unidad,,,
1015,Vernier Uyustools,175.0,0.0,,1kOJNAdmpmWo5hRxA4cxV17gVTIUroLlZ,,,,"{""isCatalog"": false}",,,Unidad,,,
1016,Cable alambre N°1x14 Tigre (rollo 100 metros),481.0,0.0,,1kpj1B_lG0ik6ugawONIBiHpHs5I7nFTc,,,,"{""isCatalog"": false}",,,Unidad,,,
1017,Placa toma 2 puertos,28.0,0.0,,1KPPFmmDnlKO4kiENBFPTTlVj6NrYxRU2,,,,"{""isCatalog"": false}",,,Unidad,,,
1018,"Cable eléctrico tipo alambre de 1 hilo, cobre puro, marca Tigre",430.0,0.0,,1KPuFIHiChKVu7gTePNtXVovRylc5xEdG,,,,"{""isCatalog"": false}",,,Unidad,,,
1019,"Pantalla; dimensión 20x20 cm; material aluminio: recubrimiento acrílico; tratamiento fosfatizado; uso artefacto, tipo plafón: numero 2 tubos. Industria Brasilera",41.0,0.0,,1KPxImgUAIxmbK-1W3C-zv5B2fCM_Lb9d,,,,"{""isCatalog"": false}",,,Unidad,,,
1020,Térmico bipolar 2x32A,65.0,0.0,,1kQQC9DmaB-bn4S9kJeHyF-LOOZHBOXM0,,,,"{""isCatalog"": false}",,,Unidad,,,
1021,Termico bipolar 10Amp,80.0,0.0,,1kqZj3cvj9di4_nOFpSxK24l6gwQQzrB0,,,,"{""isCatalog"": false}",,,Unidad,,,
1022,Grapa para fijacion de Cables de 7 mm Redondo (bolsa 100U),20.0,0.0,,1kr9-QMQfiGqFbreMVL62-eGJDUXPCwkA,,,,"{""isCatalog"": false}",,,Unidad,,,
1023,Canoa/soporte para tubo LED,25.0,0.0,,1kRFkNnmc7V_l6CW-zki6u5TIKY8H_cU0,,,,"{""isCatalog"": false}",,,Unidad,,,
1024,CHAPA PERILLA,245.0,0.0,,1kRSNwN_oya8EB53_I9SEYa8BRBzyJSGv,,,,"{""isCatalog"": false}",,,Unidad,,,
1025,"Perno rosca entera de 2 1/2""",2.0,0.0,,1KsSlkubc1lYUC7NS4ukCPKFGAzoZlEAb,,,,"{""isCatalog"": false}",,,Unidad,,,
1026,Soquet de goma,9.0,0.0,,1KUibfRh2WsjmG9UjibVqLvnqnj-DCA_X,,,,"{""isCatalog"": false}",,,Unidad,,,
1027,Chaoa de perilla,150.0,0.0,,1kv8LMHGwMFrhkJpk9w1SvZrMwSxitmPL,,,,"{""isCatalog"": false}",,,Unidad,,,
1028,Dicroico LED de 6W,18.0,0.0,,1kVK8bGXWEyXxo_GuLOpw8kewXt7S0PE3,,,,"{""isCatalog"": false}",,,Unidad,,,
1029,Broca 1/4 de concreto,45.0,0.0,,1KvO9Ga_TfhuMIq2i13rPuPxKYNbJV2Yj,,,,"{""isCatalog"": false}",,,Unidad,,,
1030,"Cable bipolar #20, multifilar de cobre, marca Tigre",270.0,0.0,,1kVVYYSbwZL1-82fP48ejI-jJQJsSqter,,,,"{""isCatalog"": false}",,,Unidad,,,
1031,Foco LED 50W,75.0,0.0,,1KWCb288CtIoCNOlcIG88lR4VNUWg6_ED,,,,"{""isCatalog"": false}",,,Unidad,,,
1032,Clavija plana,5.0,0.0,,1KWLB7zj5BdJlPir2RmOzcEPRWm28RnnN,,,,"{""isCatalog"": false}",,,Unidad,,,
1033,Linterna Recargable LED,0.0,0.0,,1kWnSH_V5EmBL5_bjjG1sZ2zegKYuHdlg,,,,"{""isCatalog"": false}",,,Unidad,,,
1034,Rollo cable #2*16 cordón doble tigre,450.0,0.0,,1Kx2QVm2Wt3KD8cj4LEDroCIHVoS6TtPq,,,,"{""isCatalog"": false}",,,Unidad,,,
1035,Térmico trifásico 100Amp,295.0,0.0,,1KxYuX7apeNYQo-V2vCLIhCIUFW4V_r-k,,,,"{""isCatalog"": false}",,,Unidad,,,
1036,Foco LED 22W luz cálida,30.0,0.0,,1kyPnXP4d0g9rSJbd3oK50Qlk1rMmM4OM,,,,"{""isCatalog"": false}",,,Unidad,,,
1037,Malla preformada fin de linea N°8,12.0,0.0,,1kYzk65Wt9AaPJis7_Qqi6HshtPnYJvBQ,,,,"{""isCatalog"": false}",,,Unidad,,,
1038,Cable de cobre tipo alambre monopolar #10,680.0,0.0,,1l_vb6Skm_kRXrZWFQULOOW1lmC7qJA-9,,,,"{""isCatalog"": false}",,,Unidad,,,
1039,Cinta de seguridad perimetral PROHIBIDO 100MT Truper,80.0,0.0,,1l07A7z_UKVDR83L7e080BXF8DPhHFX_O,,,,"{""isCatalog"": false}",,,Unidad,,,
1040,"Tubo LED 1.2M - T8, Marca LENTELUX - INDUSTRIA BRASIL",19.0,0.0,,1L0EcRzXpHYM1uN8BPbKZde90L05HTeGI,,,,"{""isCatalog"": false}",,,Unidad,,,
1041,Tomacorriente de 4 entradas Nema 15Amp,120.0,0.0,,1l1x_e8ih9G0mInRPQl0ARspRj27B9Vuw,,,,"{""isCatalog"": false}",,,Unidad,,,
1042,"Grifos metalicos cromado para lavamanos, con temporizador de 1/2, con suspensión alto, industria argentina FV",0.0,0.0,,1l4RCotc-QPpmym059abv3sJe-BIQVNzo,,,,"{""isCatalog"": false}",,,Unidad,,,
1043,Vinta aislante,13.0,0.0,,1l7JLGIoil4-OCUTaJi3_sBh40B86q3E3,,,,"{""isCatalog"": false}",,,Unidad,,,
1044,Picaporte 1/4 Dorado,10.0,0.0,,1l7QbCZHPjzx6bn6dx3DJnZhgDHMgTreP,,,,"{""isCatalog"": false}",,,Unidad,,,
1045,Cable electricidad: numero 12 con cable de 7 hilos bipolar de cobre; presentación por rollo Plasmar,435.0,0.0,,1L7U6QQLYHHINura4cNWrIBtWLgGsk5JD,,,,"{""isCatalog"": false}",,,Unidad,,,
1046,TOMA CORRIENTE TRIPE   Material: PVC o Plastico y Cobre   Voltaje: 220V   Tamaño: Estandar,35.0,0.0,,1L7uIg3hQkAYaGIpEYp-SEoHPcsWvMFAB,,,,"{""isCatalog"": false}",,,Unidad,,,
1047,Interruptor sobrepuesto,15.0,0.0,,1L88AVRss1rcReoeS8P14SZOHSqAuV0TG,,,,"{""isCatalog"": false}",,,Unidad,,,
1048,Foco LED tipo Bombilla de 12W,12.0,0.0,,1l9_G_RlmYZB1SaisEI6gs4X7chUipnU6,,,,"{""isCatalog"": false}",,,Unidad,,,
1049,Cable conducto 15*10,7.0,0.0,Cable ducto plástico 15*10,1l9E-Zy2AGCq8N5lJn2D6xdc1ui2WY92W,,,,"{""isCatalog"": false}",,,Unidad,,,
1050,Conector RJ45 metálico,2.5,0.0,,1LA0tbyg8106I0haSGrXy3VCKlOzvfbJ3,,,,"{""isCatalog"": false}",,,Unidad,,,
1051,Tubos LED 18W con difusor,25.0,0.0,,1LCJQp1THCR5WtzrnaURoU-YGmZXR4QjI,,,,"{""isCatalog"": false}",,,Unidad,,,
1052,Interruptor doble,20.0,0.0,,1LCXwGhldfLX-XCm6FSnEtzOVEU0s76n-,,,,"{""isCatalog"": false}",,,Unidad,,,
1053,Foco LED tipo Botellón 50W LUXON,65.0,0.0,,1LD2h8-X67FTW0i4l0J3FPNo7kA9i67J4,,,,"{""isCatalog"": false}",,,Unidad,,,
1054,Llave de paso,40.0,0.0,,1ldqtX_g5RBJJ8Gbhkg5Ca1PiG3h5tqpY,,,,"{""isCatalog"": false}",,,Unidad,,,
1055,Silicona color Blanco,35.0,0.0,,1LEsi19FRKTFq02wckax3k-R0V4QaL24e,,,,"{""isCatalog"": false}",,,Unidad,,,
1056,Panel LED empotrar 60W de 60x60cm,280.0,0.0,,1LFhv2gqButybndB1wA0SQuEzqvo2IX36,,,,"{""isCatalog"": false}",,,Unidad,,,
1057,Sifon plástico para lavamanos,70.0,0.0,,1Lg99aVsGNSuOH1L-9DceZk28-PgmRpdU,,,,"{""isCatalog"": false}",,,Unidad,,,
1058,Detector de energía electrica (UNI-T),152.0,0.0,,1LgJwA3ruPpz0znaPQeCNL28tg5u5uLT2,,,,"{""isCatalog"": false}",,,Unidad,,,
1059,Cortapico 6 entradas nema universal 1 metro,65.0,0.0,,1lh1Zu-QR0MSgIQTYdrD-ITq9LniakmKi,,,,"{""isCatalog"": false}",,,Unidad,,,
1060,Bombilla LED 60W,75.0,0.0,,1lIHDVLTTKkuLxgb6U2njwiXVQK1QM9M8,,,,"{""isCatalog"": false}",,,Unidad,,,
1061,Grifo de Lavaplato con cuello de cisne de acero inoxidable,135.0,0.0,,1liq8fbt5Aijjev521gL50Q9hLw_fkUTP,,,,"{""isCatalog"": false}",,,Unidad,,,
1062,Cable bipolar No. 2x12 marca Tigre,2625.0,0.0,,1LixItVclrTgetgy67gzMPyBxLX4GYVMl,,,,"{""isCatalog"": false}",,,Unidad,,,
1063,Termico 32Amp CAMSCO,60.0,0.0,,1Lj2KzG1PfamioRipNSW_29jrAr-fjWFN,,,,"{""isCatalog"": false}",,,Unidad,,,
1064,Conectores RJ45 CAT 5,3.0,0.0,,1LJ9d1s7hAshPf_yKU--jxMsko-bEChhJ,,,,"{""isCatalog"": false}",,,Unidad,,,
1065,Puerta de vidrio templado 0.90 x 2.10 metros espesor 12mm,1500.0,0.0,,1ljs04-wUjO7lD0079NSVQWVKUNOkNUWP,,,,"{""isCatalog"": false}",,,Unidad,,,
1066,Riel para Spot de 1.5 metros,55.0,0.0,,1LJtqkQTTNE-rxbVPWM95h9HT3OoDeCge,,,,"{""isCatalog"": false}",,,Unidad,,,
1067,"Lampara colgante blanco mate, con rosca normal E27 para foco",160.0,0.0,,1LKU1wLrlfjq9D3i0ItrZEzEeJq6axaDS,,,,"{""isCatalog"": false}",,,Unidad,,,
1068,Cable doble N°12 Coplas,800.0,0.0,,1lkZvrOpIPVVN74Uut7wBaRnFFZ_NNPn5,,,,"{""isCatalog"": false}",,,Unidad,,,
1069,PANTALLA REDONDA DE 18CM LUZ BLANCA PARA SOBREPONER,38.0,0.0,,1LKZY8fWep8nHV8-Vas3__-Xpmt54K78c,,,,"{""isCatalog"": false}",,,Unidad,,,
1070,Soquet de cerámica,6.0,0.0,,1LL1zT1Jgndgi0NDmWxUXqyu7mmq4VQSN,,,,"{""isCatalog"": false}",,,Unidad,,,
1071,Chapa boton,22.0,0.0,,1lLepscl4mqq4jv8VfFNfPic-a9rskP0C,,,,"{""isCatalog"": false}",,,Unidad,,,
1072,Luminaria publica silar recargable 150W,445.0,0.0,,1LlFHkRRHJyYXrBOwTbf2EtnKwHJa-PLM,,,,"{""isCatalog"": false}",,,Unidad,,,
1073,Cableducto 60*40,65.0,0.0,,1lm58GlNXQBsglqtmjhcrlNvBUXPo6_m8,,,,"{""isCatalog"": false}",,,Unidad,,,
1074,Cable 7x12 verde/amarillo (rollo 100mts),0.0,0.0,,1LMJrcr5PNZO65p09o2b5eXBbdScW5wj3,,,,"{""isCatalog"": false}",,,Unidad,,,
1075,Reflector LED 300W con ojos,890.0,0.0,,1lMnSbe7F6TGX33wIihz1dgEwF6cYqeX1,,,,"{""isCatalog"": false}",,,Unidad,,,
1076,Extensor de corriente de 10 metros,120.0,0.0,,1LMNTgRXLp3mc6aIjd-DjToUgFWC282e0,,,,"{""isCatalog"": false}",,,Unidad,,,
1077,Carreta de estaño,135.0,0.0,,1ln9g2_p97ZcobY5Wcdy9LogvkX1UsNAY,,,,"{""isCatalog"": false}",,,Unidad,,,
1078,Termocontraible 6mm color negro x metro,10.0,0.0,,1LnZI3TZ32LREYcRBLA0k30TVQYKukpCM,,,,"{""isCatalog"": false}",,,Unidad,,,
1079,"Disco de corte 7""",20.0,0.0,,1lpehDNKMDuJCQZrW7CFNk0_D2oif-QW3,,,,"{""isCatalog"": false}",,,Unidad,,,
1080,Tapa Ciega Rectangular,2.0,0.0,Tapa Ciega Rectangular plástica,1LPm-O0jztEIvLVuy1KE-t8yC3JvXd-6u,,,,"{""isCatalog"": false}",,,Unidad,,,
1081,Cable 7x4 AWG Negro (metro),0.0,0.0,,1lqLry9KRDhzKfABv7juJFBnJVkoF18Jm,,,,"{""isCatalog"": false}",,,Unidad,,,
1082,Cortapico de 6 tomas forza de 5 mts,130.0,0.0,,1LRhm2VTuDju5n1Ooit5yVwr2ZNBhjuaF,,,,"{""isCatalog"": false}",,,Unidad,,,
1083,Alargador de corriente de 10MT,110.0,0.0,,1LrQKGNGbfWJwZMM-RscB2ebvnDRioIrg,,,,"{""isCatalog"": false}",,,Unidad,,,
1084,Pantalla LED empotrable 18W,45.0,0.0,,1lRse6zm1xNttCiHJl2wOaW4wiDkZwBRk,,,,"{""isCatalog"": false}",,,Unidad,,,
1085,"Cortapico de 10 Amperios, Marca FORZA",36.0,0.0,,1Ls3ejizx6lao77jASmk6WB6arxrs7XGO,,,,"{""isCatalog"": false}",,,Unidad,,,
1086,"Diaco de corte de 9"" para fierro",35.0,0.0,,1Lt3oZ-fRRDWJORh52b9OESON3R6xbUiV,,,,"{""isCatalog"": false}",,,Unidad,,,
1087,Cordón #20 audio bipolar,260.0,0.0,,1lTFeJ7tg7hCEIj-dOURX5UPsk1P81umt,,,,"{""isCatalog"": false}",,,Unidad,,,
1088,Cable Cordeiro 4 mm,900.0,0.0,,1ltpTFrAenRpkTlOPFVUEMF19bzAYaeK0,,,,"{""isCatalog"": false}",,,Unidad,,,
1089,PLACA DE DOS TOMOS SOBREPUERTA,27.0,0.0,,1LUlKiBoAUCP1XveQ2tCgicl_3Iwq_zPE,,,,"{""isCatalog"": false}",,,Unidad,,,
1090,"Perfil de aluminio, material aluminio, barra de 2M, color bronce, perfil de canto",30.0,0.0,,1lUWAXhTP5kaIEe9uBc45CnocHdxR8Bvi,,,,"{""isCatalog"": false}",,,Unidad,,,
1091,Conector para cinta LED,15.0,0.0,,1Lw0eT7B_SbDuhklDfmWSDlUwybHTZNrl,,,,"{""isCatalog"": false}",,,Unidad,,,
1092,Caja PVC sobrepuesta,15.0,0.0,,1LxGHWwLrDGcJLPzecwsQlxyTVF4oOi97,,,,"{""isCatalog"": false}",,,Unidad,,,
1093,Foco LED Luz Blanca,0.0,0.0,,1LXKcnk7He5NWIen-aOJb961ALM5Me4Tz,,,,"{""isCatalog"": false}",,,Unidad,,,
1094,"Cable de 7 hilos N°12, cobre puro (100 metros)",1410.0,0.0,,1lxqcseu5KNfR2Jx_yf76-X7uZ2VXYDCe,,,,"{""isCatalog"": false}",,,Unidad,,,
1095,Terminal #8 (docena),36.0,0.0,,1LxSAnw5pYwOQNoVsNqBPa2tmIaiRbxGc,,,,"{""isCatalog"": false}",,,Unidad,,,
1096,Tubo LED de 20W,25.0,0.0,Tubo LED 20W 120cm,1LY28JVdJe9FYpAWljz5oZEhLGQy1Owxl,,,,"{""isCatalog"": false}",,,Unidad,,,
1097,Tomacorriente en placa de pared doble,30.0,0.0,,1LYcdlFch37BBMinGxf83q76GfnOvY_hK,,,,"{""isCatalog"": false}",,,Unidad,,,
1098,Grifo de lavamano,120.0,0.0,,1Lyxer9iRi9MmyekR2WdcptKLoiOnb2hv,,,,"{""isCatalog"": false}",,,Unidad,,,
1099,Cable de cobre N°8 (rollo de 100 metros) color Azul,1350.0,0.0,,1lzprFHFkvpEnYFZtWnzo5myFTa21qwQQ,,,,"{""isCatalog"": false}",,,Unidad,,,
1100,Pulsador de timbre sobrepuesto,15.0,0.0,,1M_W8zO87ys05MmYqmv1wd2JWZAmj48lj,,,,"{""isCatalog"": false}",,,Unidad,,,
1101,Cortapico de 3 Mt CAP 2200W V110/220V Tipo de entrada nema 5-15P Tipo salida: 6 X nema universal 5-15R Indicador visual: Interruptor de conexión con luz.,95.0,0.0,,1M-Jn856SjLdnj1WtUje1cAt0lhOA5G0h,,,,"{""isCatalog"": false}",,,Unidad,,,
1102,Tubo LED de 20W 120cm luz blanca,25.0,0.0,,1m0-fw1aWcm756W8wEY4_i-Bhrg6Trnyf,,,,"{""isCatalog"": false}",,,Unidad,,,
1103,Cable bipolar 2*14 awg rollo de 100 metros,800.0,0.0,,1m0m_v_OIdst495NiERvy0lzN2xIup-NY,,,,"{""isCatalog"": false}",,,Unidad,,,
1104,BOLSA RAMPLU #12 IV PLAST (BOLSA DE 5000u),105.0,0.0,,1M0tYCA1qiupwyR1buACudRWFxvwj2BSO,,,,"{""isCatalog"": false}",,,Unidad,,,
1105,"Reflector LED de 600W, luz blanca, para exterior",1950.0,0.0,,1m3XiUTLIn1N945XR2-9QzTvbl-tEEb1C,,,,"{""isCatalog"": false}",,,Unidad,,,
1106,Foco tipo LED 22W,34.0,0.0,,1MB8gfktigsOfNYP_-oeGh8FDHyNENXpj,,,,"{""isCatalog"": false}",,,Unidad,,,
1107,"Alambre de cobre #14, de un filamento, antillama, marca Tigre",355.0,0.0,,1mbC521qqZtz7sGtHfjT1hu-FXGrz4e4w,,,,"{""isCatalog"": false}",,,Unidad,,,
1108,Cable UTP CAT 5E para exteriores,450.0,0.0,,1mBcTCKo4IYzSxnfm1tx-_rQT1eWaa_zG,,,,"{""isCatalog"": false}",,,Unidad,,,
1109,"Remachadora 10"" boquilla intercambiable 1/8-3/16",1.0,0.0,,1mbhTJJIyFXgpDJ_gCEmieioMO33mmFDC,,,,"{""isCatalog"": false}",,,Unidad,,,
1110,Cable cordon doble blanco 2*12 marca tigre (rollo de 100M),1200.0,0.0,,1MbHUVdpa7xWaeSucL149Tram7jAaSPet,,,,"{""isCatalog"": false}",,,Unidad,,,
1111,"Disco de corte de 7"" para fierro",28.0,0.0,,1MdfrGo4UgB6QOqfy7dAp-5Ulc7WIN-fN,,,,"{""isCatalog"": false}",,,Unidad,,,
1112,Panel LED 24 W empotrable,70.0,0.0,,1memxagYzXCZXDfTZOJ5kRMOg1-KbmE74,,,,"{""isCatalog"": false}",,,Unidad,,,
1113,Placa mixta,20.0,0.0,,1MEpCFkaIK0jptDAERUpU2irNSz0p61_9,,,,"{""isCatalog"": false}",,,Unidad,,,
1114,Codo 3/4,2.0,0.0,,1meTmtHtQ-ecQiSov2WomDzuKDMqZKGXO,,,,"{""isCatalog"": false}",,,Unidad,,,
1115,Candado YALE,160.0,0.0,"Material: Metálico
Medida: 80 x 80 mm
Accesorios: Juego de 2 llaves",1meWQsVebfK4tcnqdy87ymyvT2_s3TtVt,,Novaled,,"{""isCatalog"":false,""general"":22}",Ferretería,Candados,Pieza,,,2026-07-01
1116,Tomacorriente de 4 tomas,25.0,0.0,,1mexn3zZ-DX_nyju9j1FhUsMGCsLMownK,,,,"{""isCatalog"": false}",,,Unidad,,,
1117,Precinto 30cm (bolsa 100U),38.0,0.0,,1mF7noIDhXzAHQmw6UuJTWyypljp4NjT9,,,,"{""isCatalog"": false}",,,Unidad,,,
1118,Pegamento La gotita,10.0,0.0,,1mfuwSR4P5mvIPolD4EtYDAIJSyrUYChV,,,,"{""isCatalog"": false}",,,Unidad,,,
1119,Foco ULIX LED 36W,38.0,0.0,,1mgnIH0zK0PSSZ0TtNzEBEU_mD58y-15O,,,,"{""isCatalog"": false}",,,Unidad,,,
1120,Panel LED sobrepuesto 18W,55.0,0.0,,1Mgt40zxrj7peugfB39ty80DOV74pb_Bt,,,,"{""isCatalog"": false}",,,Unidad,,,
1121,Escalera plegable 5 escalones reforzada,1200.0,0.0,,1mi-l-8hj_xwuR1l-RQoYAyROKbABnaZl,,,,"{""isCatalog"": false}",,,Unidad,,,
1122,"Fluxometro metálico cromado, con temporizador de 1/2 industria argentina FV",0.0,0.0,,1mICojmfyiuaB306ZynRrzMMZb0ef_1aQ,,,,"{""isCatalog"": false}",,,Unidad,,,
1123,Spot EMPOTRABLE LED blanco 3T 6W,35.0,0.0,,1miM0eBUpcIPHAOPJtvJEGqa_z6uE4Rpz,,,,"{""isCatalog"": false}",,,Unidad,,,
1124,Panel LED 18W luz blanca para sobreponer,55.0,0.0,,1Mj2HSZjgU0tcC3nj_0gHSbf25gVLu5v_,,,,"{""isCatalog"": false}",,,Unidad,,,
1125,Panel LED circular son borde 24W,90.0,0.0,,1MJp8YwoMtdOiaOD-Q16cbUGWjv8SaJ_M,,,,"{""isCatalog"": false}",,,Unidad,,,
1126,Rodillo de Lana,40.0,0.0,,1MJpbzZbGtQGsC5_oYWegePaNn_qRdo6o,,,,"{""isCatalog"": false}",,,Unidad,,,
1127,Módulo tomacorriente,15.0,0.0,,1mKyP7LoJO-K35rNhyoH2dWjIflcHEqBR,,,,"{""isCatalog"": false}",,,Unidad,,,
1128,Pula Duracell AA,9.5,0.0,,1mLGwbvk4ik-xDIeRly4qi_3SdcsQ-igm,,,,"{""isCatalog"": false}",,,Unidad,,,
1129,Focos LED de 18W,28.0,0.0,,1MomFpjXMyFa6P2YKrlcP5Uo6heOKGi7f,,,,"{""isCatalog"": false}",,,Unidad,,,
1130,Cable bipolar N°10 (rollo),480.0,0.0,,1MP64yBGzVd9qzM7skSqZdYlAAmfX0YRi,,,,"{""isCatalog"": false}",,,Unidad,,,
1131,TOMACORRIENTE TIPO NEMA 3 TOMAS,0.0,0.0,,1mpDv7-VMfbCVhmD0sG19n6ziz2wFMeSt,,,,"{""isCatalog"": false}",,,Unidad,,,
1132,Par de socalos fijos para instalación de focos,12.0,0.0,,1MPQiIuoUEOPoBIrL_n4J-Y9R8Dt9ugRB,,,,"{""isCatalog"": false}",,,Unidad,,,
1133,Tubo LED luz blanca 60cm t8 10W 220V,24.0,0.0,,1mPZLZXbR59ZlXsK7Tw18kAQNHqNwXfVS,,,,"{""isCatalog"": false}",,,Unidad,,,
1134,Reflector LED 50W con sensor de movimiento,220.0,0.0,,1mqdGrlpj8ahddl0Qth3JLvVt62n5WmFV,,,,"{""isCatalog"": false}",,,Unidad,,,
1135,"Tuerca 1/4 x 2"" (150 unidades)",65.0,0.0,,1mQMM2jHBeOsfcyOJyj_Susor9Dy3d6gC,,,,"{""isCatalog"": false}",,,Unidad,,,
1136,Placa interruptor doble color café,25.0,0.0,,1MqNjKpi1WzmW5Aveq52J4l4-sz7SUAfG,,,,"{""isCatalog"": false}",,,Unidad,,,
1137,Remaches 3/16,1.0,0.0,,1Mr_mVO5iDU6xspvK4IBCkWExn1JJogIh,,,,"{""isCatalog"": false}",,,Unidad,,,
1138,Panel LED Slim 30x60cm,230.0,0.0,,1mR_ZDacfcTxgBajg4UD6Wdbsk4Yn5_W7,,,,"{""isCatalog"": false}",,,Unidad,,,
1139,"Pantalla; dimensión 60x60 cm; material aluminio: recubrimiento acrílico; tratamiento fosfatizado; uso artefacto, tipo plafón: numero 2 tubos. Industria Brasilera",160.0,0.0,,1Ms31jZj4xwh44vKiG6mKhe3jm3U2AO5D,,,,"{""isCatalog"": false}",,,Unidad,,,
1140,"Tirafondo de 1 1/2"" X 1/4""",1.5,0.0,,1msGU6HbniioI1obkHc8YXUP1RbsjcFjy,,,,"{""isCatalog"": false}",,,Unidad,,,
1141,Foco LED E-27 22W luz cálida,40.0,0.0,"6W, 3000 K",1mSHEWrtjhdxMfxeQiu8pnHVq4E77gyWJ,,,,"{""isCatalog"":true}",Iluminación,Focos LED,Unidad,,,
1142,Cortapico de 1m cap 2200W V110/220 tipo de entrada nema 5-15P tipo salida 6 x nema universal 5-15R indicador visual: interruptor de conexión con luz,65.0,0.0,,1MteSz3yqIAoPc2XSzsfyryLQD48TaoQs,,,,"{""isCatalog"": false}",,,Unidad,,,
1143,"Placas interruptor de 3 tomas, Color café",35.0,0.0,,1MTfrd-3f3fZtBlxbxP3WKwVxDF3XfhT1,,,,"{""isCatalog"": false}",,,Unidad,,,
1144,Panel sobrepuesto redondo blanco marca Mr Three,85.0,0.0,,1mTnM-zEW7YG923npZvldZOjNl_52C1vD,,,,"{""isCatalog"": false}",,,Unidad,,,
1145,Pegamento para PVC,30.0,0.0,,1MTXd9-q06aaYJPKvwVh4nXG-8-s9NzR6,,,,"{""isCatalog"": false}",,,Unidad,,,
1146,Cable monopolar N°7x10 de cobre marca Revais,1250.0,0.0,,1Mu6xA_dpxXwIpRindvuN9nfR9GJrtgrh,,,,"{""isCatalog"": false}",,,Unidad,,,
1147,Interruptor Simple 10Amp blanco UYUSTOOLS,32.0,0.0,,1muiLzNqILmZdlZtufKE63HzAET1XbTPd,,,,"{""isCatalog"": false}",,,Unidad,,,
1148,Cinta eléctrica aislante de vinil 20Y 0.18mmx19mmx18m,15.0,0.0,,1mVSDVRQBdrSu9Qgv1fWwNKlW8Fk-S_uV,,,,"{""isCatalog"": false}",,,Unidad,,,
1149,Reflector mediano,580.0,0.0,"De 300W 
Marca LED X o similar",1mvtUX04tX9lC3LrtWj58pIqo6NgYS2GH,,,,"{""isCatalog"": false}",,,Unidad,,,
1150,Foco LED 40W tipo botellón,45.0,0.0,,1mwTO-DNNbsPxBArFa8JnBz-l_ixbE0-x,,,,"{""isCatalog"": false}",,,Unidad,,,
1151,Tomacorriente Schuko y nema OSMAR,65.0,0.0,,1MYfSRnl7xcXzMALQXxKXFWWnVdUx-wR0,,,,"{""isCatalog"": false}",,,Unidad,,,
1152,Térmico bipolar 2*40A,45.0,0.0,,1mYGFsrclqFFhRFuk0CzoYU0xmKuW5UuT,,,,"{""isCatalog"": false}",,,Unidad,,,
1153,Ducha Lorenzetti,170.0,0.0,,1MYyeV4QhytjXO3s4V_LGC5ywbccr18Qb,,,,"{""isCatalog"": false}",,,Unidad,,,
1154,"Cable de cobre 7 hilos #12  marca Tigre, Negro (Rollo 100 metros)",850.0,0.0,,1mzmCs9g1P6Mpsvg8ZGuUaDnCctSQrXrK,,,,"{""isCatalog"": false}",,,Unidad,,,
1155,Transformador para 25metros,250.0,0.0,,1mZyeym1URWno1oVLOczZq0DNdMLUG3YR,,,,"{""isCatalog"": false}",,,Unidad,,,
1156,Clavija engomada 16A,12.0,0.0,,1n_uq1j2k9XMvNPoucZegRUMyS6LMSxog,,,,"{""isCatalog"": false}",,,Unidad,,,
1157,CABLEDUCTO DE PARED 15X10,8.0,0.0,,1n06aOmc2o0CVn3BJdy4MISAXzvxyHLKw,,,,"{""isCatalog"": false}",,,Unidad,,,
1158,Cableducto 15x10MMx2MTS,10.0,0.0,,1N0eYXrx1IW-vEJtJ2lvADtqeP1F9O4gu,,,,"{""isCatalog"": false}",,,Unidad,,,
1159,Cable aislado de CU No. 8 d e 100 Mtr,1320.0,0.0,,1n257CocThWNbbCH7dmUx9Va7PqMl2c7B,,,,"{""isCatalog"": false}",,,Unidad,,,
1160,Foco LED de 30W,35.0,0.0,,1N2aVUvoOvTC5474IiH07hVETxDEjoPOL,,,,"{""isCatalog"": false}",,,Unidad,,,
1161,Cableductos de piso 50*15,45.0,0.0,,1N2KS_ponr0-XCf5o4s5jTgOOmRVOURiJ,,,,"{""isCatalog"": false}",,,Unidad,,,
1162,"Cable de cobre 7 hilos #12  marca Tigre, Verde (Rollo 100 metros)",850.0,0.0,,1n4lRAmMIkn7qxkAVuuUzC4BWSLxCmgQ7,,,,"{""isCatalog"": false}",,,Unidad,,,
1163,Tubo LED completos incorporado transparente,82.0,0.0,,1N4oWbtBk4BYK6e5MPWwSSJFK1Fn_9vjd,,,,"{""isCatalog"": false}",,,Unidad,,,
1164,Cable de cobre 7 hilos #14 (Rollo 100 metros),660.0,0.0,,1n5ix6IGqQT3GuZQRPa05kBDCnCCtC8-c,,,,"{""isCatalog"": false}",,,Unidad,,,
1165,"Abrazaderas para tubo 6""",15.0,0.0,,1n6sKjeuFdtlnjUUCOYmrwkv8Y28EpsUH,,,,"{""isCatalog"": false}",,,Unidad,,,
1166,Lamina de policarbonato 8mm,1250.0,0.0,,1n8L0zTRXsqx3MVooHRXJHDb-DM_t2LgZ,,,,"{""isCatalog"": false}",,,Unidad,,,
1167,"Cable de cobre cordón bipolar #10 Cablesol, industria nacional (rollo de 100 metros)",600.0,0.0,,1NaHootBfzHFo9H9RJgDtT2o7NU3MnqQ2,,,,"{""isCatalog"": false}",,,Unidad,,,
1168,REFLECTOR LED 200W LED,280.0,0.0,,1nbt77o0FLj_pg0Wj-urbTvNXsOXPCnqn,,,,"{""isCatalog"": false}",,,Unidad,,,
1169,Cibta Aislante 3M 20Y Negro,14.0,0.0,,1NCbf64lKogmTXGWPW_FuIryIyj3bjcQ6,,,,"{""isCatalog"": false}",,,Unidad,,,
1170,Guantes engomados,18.0,0.0,,1NcNXFCLMV8ExMEiZxjY_SWit3UlbIbkq,,,,"{""isCatalog"": false}",,,Unidad,,,
1171,Alcohol Isopropilico2 litros,1.0,0.0,,1nCVpF9HCa3lZ5Uuu8Ow_pJFhVs7QK5qY,,,,"{""isCatalog"": false}",,,Unidad,,,
1172,"Extensor de tomacorriente 4 tomas nema, c/tierra, 2.5mm, 5 metros",180.0,0.0,,1ndm5Yjx-WI9BixiRAGet71KHAihc0xNY,,,,"{""isCatalog"": false}",,,Unidad,,,
1173,"Disco de corte galleta 4 1/2""",10.0,0.0,,1NDuaSiVU-yU-ocE3Qhu503MWef0SbZ6l,,,,"{""isCatalog"": false}",,,Unidad,,,
1174,Zócalo para tubo fluorescentes,8.0,0.0,,1NfLeidpub-obJTSoIn11a8CSltYKllIJ,,,,"{""isCatalog"": false}",,,Unidad,,,
1175,"Tornillo 1"" estrella (bolsa 1000u)",160.0,0.0,,1nfQLTIX0dDDQC06LCrz-Z6IpURHzKL6U,,,,"{""isCatalog"": false}",,,Unidad,,,
1176,Pintura Latex blanca (balde 18L),680.0,0.0,,1nFXyz4ZiuKs_rJeTw7XfL750XFjBOlsJ,,,,"{""isCatalog"": false}",,,Unidad,,,
1177,Cable de cobre bipolar #20,250.0,0.0,,1NGO6ZiCsPTm2RajnpSlk_X9wgHSFQRrY,,,,"{""isCatalog"": false}",,,Unidad,,,
1178,Cableducto de Piso de 50x15x2000 mm con Adhesivo,80.0,0.0,,1NGqKto8DyY_YMzWLKpZPPAoi_ftGYz3x,,,,"{""isCatalog"": false}",,,Unidad,,,
1179,Cable #12 AWG alambre TIGRE,970.0,0.0,,1nHYH_sqvVfxYmi3k8Agd6Brc10qZb_SH,,,,"{""isCatalog"": false}",,,Unidad,,,
1180,Enchufe plano,10.0,0.0,,1NITgOJeH0conSr8hXHxpgxMn6kCtaw2P,,,,"{""isCatalog"": false}",,,Unidad,,,
1181,"Picaporte 3""",20.0,0.0,,1nj_IzAbtSelqqRYnslmIXYp4pfuQprDH,,,,"{""isCatalog"": false}",,,Unidad,,,
1182,Perfil costanera estructura metálico largo 70mm x 35mm de largo 3mts,20.0,0.0,,1NJWQzdpLzx-McD_sShiRMnTKBuDuErxx,,,,"{""isCatalog"": false}",,,Unidad,,,
1183,Csja de termico T12,95.0,0.0,,1NjzsKebk1iwiXSfiUxq4OVH_I815F9L5,,,,"{""isCatalog"": false}",,,Unidad,,,
1184,Tubo LED 30W ahumado marca Everleo,34.0,0.0,,1NknUOTqmcaCIxn9s6GHSzIfbDR0o6AY6,,,,"{""isCatalog"": false}",,,Unidad,,,
1185,"Aceite penetrante WD 40, 11oz, 311 gr",75.0,0.0,,1NkUS7vRBFKpi_NqeMC0CleGiTwNm7mLt,,,,"{""isCatalog"": false}",,,Unidad,,,
1186,Placa doble 16Amp,25.0,0.0,,1NM3MODX0unsmfCcpBuStK1ltK9X8v7LO,,,,"{""isCatalog"": false}",,,Unidad,,,
1187,Baliza destellador de luz amarillo 220V,230.0,0.0,,1nMNdsq31RITilBZ8ZynmQGm-58RWMhdU,,,,"{""isCatalog"": false}",,,Unidad,,,
1188,Alambre aislado de cobre N° 14 (de 1 hebra) METRO,9.0,0.0,,1NNm8Syzmp0ekQg_NAUFfP6MSHgjw4YeG,,,,"{""isCatalog"": false}",,,Unidad,,,
1189,"Pantalla LED 60W de 60*60cm cuadrada, luz blanca",195.0,0.0,,1nOS4X41rL6oBJI8jC1FGtmJI5nHV6g7C,,,,"{""isCatalog"": false}",,,Unidad,,,
1190,Resitencia para ducha,28.0,0.0,Resitencia de ducha Lorenzetti,1nOvlciZKaxH5QOiFN5scZYVFjMOfxxAG,,,,"{""isCatalog"": false}",,,Unidad,,,
1191,Cinta masquin 1/2,8.1,0.0,,1nPGjGoErBxEA4AZe2e7foMS_0Ni8ElSN,,,,"{""isCatalog"": false}",,,Unidad,,,
1192,Foco LED a rosca 15W,20.0,0.0,,1nPNObpC4OFwJ9Jwbh7r0Hqjte2UcU47m,,,,"{""isCatalog"": false}",,,Unidad,,,
1193,Electrodo de 2.5MM (kilo),30.0,0.0,,1NQdFFMuZXlREjIZZfsUfmBtgRtE1akmG,,,,"{""isCatalog"": false}",,,Unidad,,,
1194,Foco LED tipo botellón 40W,55.0,0.0,,1nQP-alkT6lUzkkzlMi2TXddtGVr5JNZ_,,,,"{""isCatalog"": false}",,,Unidad,,,
1195,Tubo LED T8 18W Luz Cálida,25.0,0.0,,1nr_mjpgochdl3vj8hZZ3Qph7KSqES1oY,,,,"{""isCatalog"": false}",,,Unidad,,,
1196,Cableducto 100*50,89.0,0.0,,1NRNzWv3Jm5K8LqGGiwV9X-7XlntXa_YH,,,,"{""isCatalog"": false}",,,Unidad,,,
1197,Juego de destornilladores de electrónica,260.0,0.0,,1NRp7GmOh2igA46YKuI5CMWIBLQT0i_c2,,,,"{""isCatalog"": false}",,,Unidad,,,
1198,Baliza de luz,300.0,0.0,,1nRytBA-OKmHProIdcog5ze7E1i-mS5qO,,,,"{""isCatalog"": false}",,,Unidad,,,
1199,"Cinta aislante 3/4 "" 3M",14.0,0.0,,1ns3ReTO03wRvmR1JE4c9jx_56lCM04U1,,,,"{""isCatalog"": false}",,,Unidad,,,
1200,Clavija de 15 Amp,7.0,0.0,,1Ns91WSK71U9SHAosSaLE4S7ABsQcRr1_,,,,"{""isCatalog"": false}",,,Unidad,,,
1201,Tubo PVC Conduit 3/4,12.0,0.0,,1nSG2tdRWCQHYZBMu9FXXy-IV0kYuCHiR,,,,"{""isCatalog"": false}",,,Unidad,,,
1202,Cable canal 25mmx25mm,0.0,0.0,,1nSjxqcXkqTP_yIhdaS9poKNvuhfInQAv,,,,"{""isCatalog"": false}",,,Unidad,,,
1203,Tomacorriente doble de 10/15 amp,30.0,0.0,,1nSs1LVIwodvS2escGaPUa-JMEKN3JbuO,,,,"{""isCatalog"": false}",,,Unidad,,,
1204,Foco botella para enroscar E27 de 18W,22.0,0.0,,1ntJ291xQ7GQtZBvNwRGsSJewIUOlFSxw,,,,"{""isCatalog"": false}",,,Unidad,,,
1205,Termico trifásico 100A,190.0,0.0,,1nVS0ixk6tr7pi1uO7G3BET0yf8Aa1mps,,,,"{""isCatalog"": false}",,,Unidad,,,
1206,Chapa de puerta mediana marca Everleo,160.0,0.0,,1NVVT27d_hyyNThkE5rBfkggQUGqeJuos,,,,"{""isCatalog"": false}",,,Unidad,,,
1207,Cableducto 20*10mm 2mts,8.0,0.0,,1NW313gQUPC79b2T3d-dTm-t7B_ezCwPN,,,,"{""isCatalog"": false}",,,Unidad,,,
1208,FOCO LED E-27 22W LUZ CÁLIDA,42.0,0.0,,1Nw3p_k78kNSLcaX2XS66_ACSs4_QkqrR,,,,,,,Unidad,,,
1209,"Panel LED de 60*60cm, 60W, luz blanca 6500K, 165V-265V, marca LENTELUX IND. BRASILEÑA",200.0,0.0,,1nWcwcssMgjBQr_eSNzUiwmR3Kp9M84Il,,,,"{""isCatalog"": false}",,,Unidad,,,
1210,CABLE UTP CAT 6 PARA EXTERIOR CON MENSAJERO DIMAX,1650.0,0.0,,1nxRare_h-WzNcexXexwtBg3RelxlvCsk,,,,"{""isCatalog"": false}",,,Unidad,,,
1211,PILAS DOBLE (AA) (DURACELL),9.0,0.0,,1nxYdGfrTbQ1CieIgxUR97wzK6gFRTSaC,,,,"{""isCatalog"": false}",,,Unidad,,,
1212,Panel de sobreponer de 24W Lentelux Brasilero,55.0,0.0,,1NZCdiDb1kqApY_rgocRBxGxp8ufFdRVa,,,,"{""isCatalog"": false}",,,Unidad,,,
1213,Llave en cruz para automóvil,110.0,0.0,,1NzqzQ-j5eQkuPJYBRR5vm2VCr2hPDVCW,,,,"{""isCatalog"": false}",,,Unidad,,,
1214,Tubo LED T8 9W Luz Cálida,22.0,0.0,,1NzST18Rx96nDUS3QsuenUgzA-IxBE5Yf,,,,"{""isCatalog"": false}",,,Unidad,,,
1215,Térmico bipolar 2x32A SICA,65.0,0.0,,1NZx5ceA6z6aJDb17C47Y5kpk_yR7tfWA,,,,"{""isCatalog"": false}",,,Unidad,,,
1216,"Cortapico cap 220W, V110/220 tipo entrada Nema 5-15P Tipo de salida: 6xNEMA Universal, Indicador Visual: interruptor de conexión con luz",40.0,0.0,,1O01eF_Mc7W1j5_hB0fJguoFB1M8MQtJt,,,,"{""isCatalog"": false}",,,Unidad,,,
1217,Hoja de lija para fierro #100,13.0,0.0,,1O0KvrurCEBzK3tOhl_n1dylCZn6oNXCY,,,,"{""isCatalog"": false}",,,Unidad,,,
1218,Foco PL 26W luz cálida,40.0,0.0,,1O23a0DYg4ugKKQnYgchCDzA4qvUuw0bL,,,,"{""isCatalog"": false}",,,Unidad,,,
1219,"Aplique LED alto grado de protección tipo industrial 11""X5"" luz Blanca 24W",95.0,0.0,,1O4FmlNgQeCFubt21uVnCYPgNYH2HxAc4,,,,"{""isCatalog"": false}",,,Unidad,,,
1220,Enchufe/clavija 16A,10.0,0.0,,1o4Z6KS-ka7-hcW-NDb35_jeMbaghjciQ,,,,"{""isCatalog"": false}",,,Unidad,,,
1221,Cable bipolar N°2*14 AWG,8.5,0.0,,1o5dLROc6RIK4IlTHSeHAKm7VE4EjbfJ_,,,,"{""isCatalog"": false}",,,Unidad,,,
1222,Pantalla LED cuadrada 30*30 24W sobrepuesto,57.0,0.0,,1O5Ep58ghvr_kXR0q2xgFBtp_7NhfFcwh,,,,"{""isCatalog"": false}",,,Unidad,,,
1223,Caja estanca 10*10,18.0,0.0,,1o6samqmnRvYMhTYv7jbuXeyL0-wZr7EH,,,,"{""isCatalog"": false}",,,Unidad,,,
1224,Chapa Alianca,165.0,0.0,,1o8Bm0Lg03_AmCkhoMYTTBAITmd1a6knc,,,,"{""isCatalog"": false}",,,Unidad,,,
1225,Chapa Varilla tipo modelo empotrado para escritorio Melamina,80.0,0.0,,1O8EaupIwx09DSwg5ssX3va3gRp1_4PGZ,,,,"{""isCatalog"": false}",,,Unidad,,,
1226,BARRA DE PERFIL DE ALUMINIO EN U 10 X 13 MMS X 6 MTRS,250.0,0.0,,1O9g5TWrbKsvR-u0CiQfAI5rl2cBfFVdE,,,,"{""isCatalog"": false}",,,Unidad,,,
1227,Panel LED 60x60 sobreponer,230.0,0.0,,1O9ixeNirQUnnYFl_UWb6_jtGv5CKgS6B,,,,"{""isCatalog"": false}",,,Unidad,,,
1228,Tubo PVC 5/8 TIGRE,8.0,0.0,,1O9LbpBW0xmgtiT4ET5a3kjs6loDoxNee,,,,"{""isCatalog"": false}",,,Unidad,,,
1229,"Interruptor simple, Mr Three",25.0,0.0,,1O9w3zR7qo8U-JoUf_XrQu1_vFQaiKAsc,,,,,,,Unidad,,,
1230,Cable de 7 hilos #14,860.0,0.0,,1O9xWYScmTbEcheJ6vnletmA9tYgzWd9t,,,,"{""isCatalog"": false}",,,Unidad,,,
1231,Tubo fluorescente negro,45.0,0.0,,1Oa-ssCj4Fo3VDH95vzgU4rJHrL98EbMi,,,,"{""isCatalog"": false}",,,Unidad,,,
1232,Módulo interruptor,15.0,0.0,,1OAgc6I7T17D7TFZNW9Rv3QQZk7q6XvQd,,,,"{""isCatalog"": false}",,,Unidad,,,
1233,Caja de tubo fluorescente de 40W T12 marca Philips (25 unidades),360.0,0.0,,1oAh5Ujz9GdG7mucE-X9gYbQG-1BbnrMB,,,,"{""isCatalog"": false}",,,Unidad,,,
1234,Pantallas Led 24w cuadrada,85.0,0.0,,1OAnuwqlYZ6QZg4As4E2_jPcOoDD8rsmC,,,,"{""isCatalog"": false}",,,Unidad,,,
1235,Panel LED cuadrado para empotrar 21.5*21.5cm de 18W Brasilian,60.0,0.0,,1OAq1DBMIRZpm0uYuDVHxFz_o8wcJpnZ2,,,,"{""isCatalog"": false}",,,Unidad,,,
1236,Pintura sintética balde 18L rojo marca Monopol,495.0,0.0,,1ocL1pMlQzljdFXYPQy5esOMuHplr6wo1,,,,"{""isCatalog"": false}",,,Unidad,,,
1237,"Cinta doble contacto de esponja 25Y largo , 12 mm de ancho",75.0,0.0,,1Ocwbt_5s7jluaSCjFxMiAhmXk_oS5ZY-,,,,"{""isCatalog"": false}",,,Unidad,,,
1238,"Reflector LED 500W industrial de ojos, luz Blanca 6500K, 180-265V, angulo 180°, Grado de protección IP65, maeca BOONIGA",820.0,0.0,,1ODkGkDI7MBaCkRT58SN-PiJp_WQVhi3O,,,,"{""isCatalog"": false}",,,Unidad,,,
1239,Arrancadores de 40-65W,8.0,0.0,,1OdQEmfvyQpA1uzXlskWaQWgSavP-mw4L,,,,"{""isCatalog"": false}",,,Unidad,,,
1240,Panel de 24W para empotrar Lentelux Brasilero,20.0,0.0,,1oE1N4YkG513yVA-TKvvdJUXpiTmf_cS4,,,,"{""isCatalog"": false}",,,Unidad,,,
1241,Ramplu N°6 (100U),30.0,0.0,,1oEDjSVw8aslQkDUsY5cgj5bUvDvQXOI8,,,,"{""isCatalog"": false}",,,Unidad,,,
1242,Placa interruptor doble Osmar,25.0,0.0,Placa interruptor doble marca Osmar,1OeuXlRsqpc_tYpcxbCHc4O23Dx0lJCCS,,,,"{""isCatalog"": false}",,,Unidad,,,
1243,Foco LED 18W luz cálida equivalente a 150W,35.0,0.0,,1OGbCafpdr1vCUTPbcfevCkd-FLbguSeM,,,,"{""isCatalog"": false}",,,Unidad,,,
1244,Panel 60*60 p/empotrar,190.0,0.0,,1OgokYv2gCDsuom0uaGAell8Cx7nqzxxq,,,,"{""isCatalog"": false}",,,Unidad,,,
1245,FOCO LED DE 26W   Entrada: 220V-50/60Hz,32.0,0.0,,1OGRclyf-09_9lE5caG87dIGZ39NEN7-U,,,,"{""isCatalog"": false}",,,Unidad,,,
1246,Ducha Metálica Lorenzetti con doble resistencia,470.0,0.0,,1oH3rKNmvHaHyZ-abXxHCGkvmjDkvS6h2,,,,"{""isCatalog"": false}",,,Unidad,,,
1247,"Chapa eléctrica marca DLUX, derecha izquierda con control remoto, llave y tarjetas de proximidad",640.0,0.0,,1OIiMXZ6-bASiRJFauMhz3y_TLfggMzAb,,,,"{""isCatalog"": false}",,,Unidad,,,
1248,Tubo LED 120cm,27.0,0.0,,1okapb0jtuCDP4eqB9JyIVSEIVBMtW_rq,,,,"{""isCatalog"": false}",,,Unidad,,,
1249,Tubo LED 60cm,14.0,0.0,,1OLCqOSdEgcJu-DJhaw7qoj9O1i3m20ne,,,,"{""isCatalog"": false}",Iluminación,Tubo LED,Unidad,,,
1250,Chapa barra 1.2 metros,55.0,0.0,,1ON-ZLVpRH7mMekbM5EYSbs9r3HMBJ092,,,,"{""isCatalog"": false}",,,Unidad,,,
1251,"Chapa para puerta tipo interior de puerta, material cromado",210.0,0.0,,1oOEhGTqFE6LoROGoa0GXLHU6XPIselrK,,,,"{""isCatalog"": false}",,,Unidad,,,
1252,Cinta Aislante 3/4,12.0,0.0,Vinta Aislante 3/4 3M 20Y,1OP6QIW5H84PKwbxMDgaLKLzO_IgMjTzH,,,,"{""isCatalog"": false}",,,Unidad,,,
1253,Tubo LED Blanco de 18W marca EVERLEO,19.0,0.0,,1Orfnm7H5mOF6hHOYxFjKMf649_ZuY-jN,,,,"{""isCatalog"": false}",,,Unidad,,,
1254,Foco led tipo bombilla luz blanca,12.0,0.0,,1OrvoH5knmq2sxbH-3HOHDxU8FFw-3By9,,,,"{""isCatalog"": false}",,,Unidad,,,
1255,"Cable de cobre 7 hilos #14 marca Tigre, Blanco (Rollo 100 metros)",590.0,0.0,,1oryNdM6IcrAljyfLeGAPKo61p70RlFJL,,,,"{""isCatalog"": false}",,,Unidad,,,
1256,Chapa Electrica Marca Yale más su transformador,750.0,0.0,,1OTWPSHokoZgVS05E8gA9Iq-IsZHLisyg,,,,"{""isCatalog"": false}",,,Unidad,,,
1257,Zocalo para LED,3.0,0.0,,1oTZyOn4NjKgyc0L3ASgTpQAY7QDJznZF,,,,"{""isCatalog"": false}",,,Unidad,,,
1258,Regleta de 4 puertos,20.0,0.0,,1oubaXrZtwV2dbIx3EAi6DuTl_1Akh568,,,,"{""isCatalog"": false}",,,Unidad,,,
1259,Luminaria publica LED de 100W IP65 220V con fotocélula,545.0,0.0,,1oUcFpaZKt-uYF7fGufaNYzmY5EC6WTaB,,,,"{""isCatalog"": false}",,,Unidad,,,
1260,Placa de pared Tomacorriente doble Nema color Grafito marca MR THREE,50.0,0.0,,1oUFFoEjU5QSyXS8Z40R0Tw9majrWnxyD,,,,"{""isCatalog"": false}",,,Unidad,,,
1261,Distanciometro digital de 100 metros TRUPER,1550.0,0.0,,1oVel9-m9Axs_US_8PmcC2yTp8b5WRDze,,,,"{""isCatalog"": false}",,,Unidad,,,
1262,Extensor Universal de corriente de 5 metros,70.0,0.0,,1OW1tPC7Lyzn_Pz8HVlPY4ujI4PnUJHzw,,,,"{""isCatalog"": false}",,,Unidad,,,
1263,"Tablero eléctrico 2""",15.0,0.0,,1OWC391-jiiKfXwWSt3hYq-FtWUwKmZQN,,,,"{""isCatalog"": false}",,,Unidad,,,
1264,"Codo 6""",65.0,0.0,,1owg6PIJmM9N34vqJv6zGs8ZSqfL49wZ6,,,,"{""isCatalog"": false}",,,Unidad,,,
1265,Reflector LED 150W IP66,350.0,0.0,,1oWujZHdkD_URFyEaZTQrI-GG-6mEalci,,,,"{""isCatalog"": false}",,,Unidad,,,
1266,Cableductos de pared 20*10,8.0,0.0,,1OX20npK2BtAV6Kum5b4Wk9G-vWaRDI8Q,,,,"{""isCatalog"": false}",,,Unidad,,,
1267,Balde de 18 Litros pintura acrílica Tradicional color blanco,430.0,0.0,,1oxth_ADYwZi2bzgq5sbdX0HfTNFeomfu,,,,"{""isCatalog"": false}",,,Unidad,,,
1268,Panel LED 18W circular de sobrepuesto luz blanca,60.0,0.0,,1OYa4xdZLf8haZ19ecYFUOoV9iHmnh4tH,,,,"{""isCatalog"": false}",,,Unidad,,,
1269,Cable 12 cordón marca Tigre,1050.0,0.0,,1OyFB2_xaegEldvyqpa85E-nnlMf4RTYq,,,,"{""isCatalog"": false}",,,Unidad,,,
1270,"TUBOS LED 1,2 MT, CALIDO 20W",20.0,0.0,,1oyYY3rVzRqnXW_2zNMpyor_lY845Jua1,,,,"{""isCatalog"": false}",,,Unidad,,,
1271,Foco LED 20W - 150W,25.0,0.0,,1oZvS-zBbWySGQvkD-bF2Tar1n2s0RTyr,,,,"{""isCatalog"": false}",,,Unidad,,,
1272,Roseta simple de una entreda RJ45,45.0,0.0,,1OZWO8qkSNiYNbSNxKgI8lF9xvxzOA7on,,,,"{""isCatalog"": false}",,,Unidad,,,
1273,Reactancia para PL 26W ELT o wu equivalente,30.0,0.0,,1p0DqgQr2ue1gLWjRfVo8n7E83L8eYXvz,,,,"{""isCatalog"": false}",,,Unidad,,,
1274,Cablecanal ranurado 60x40 mm,0.0,0.0,,1p1aKm_CP7Kiw3YQIbmab6-vu1ofUM3Mf,,,,"{""isCatalog"": false}",,,Unidad,,,
1275,Cinta Aislante 20Y,14.0,0.0,,1p2PScsBWOJstnjLzaILaDQJIAat5jujt,,,,"{""isCatalog"": false}",,,Unidad,,,
1276,Conta Aislante 3M 20Y,19.0,0.0,,1P4FCUgfdupfoHwfGjx0XcCqjbSm0qwKt,,,,"{""isCatalog"": false}",,,Unidad,,,
1277,Grifo eléctrico plástico Lorenzetti,650.0,0.0,,1P6CYOJddM7cLHFtcP8ZsBh-8i4Bq3Nnr,,,,"{""isCatalog"": false}",,,Unidad,,,
1278,Soquet plástico E27,10.0,0.0,,1P6hmeLzpIVFy1PjNZjmOS9oWOFQ07UKU,,,,"{""isCatalog"": false}",,,Unidad,,,
1279,Cable UTP CATEGORIA 6 de 305 M 100% cobre,1430.0,0.0,,1P6p74pzegmJQikS3Z5ioNvPkqrTAaKqz,,,,"{""isCatalog"": false}",,,Unidad,,,
1280,Tubo LED T8 9W 60cm,23.0,0.0,,1P7ThjqFsiESYdzt0LbPvM8FpRqVoXXIP,,,,"{""isCatalog"": false}",,,Unidad,,,
1281,Cable 7x14 negro (rollo 100mts),0.0,0.0,,1p7uqKM9OC7V6OnEPAfL6b0-wVQiYF9Ev,,,,"{""isCatalog"": false}",,,Unidad,,,
1282,Tomacorriente sobrepuesto de 4 nemas,150.0,0.0,,1p7WQeHWqV2fPeyuacKbXWM0IeLBP6fgt,,,,"{""isCatalog"": false}",,,Unidad,,,
1283,Termico bipolar 2*40A marca Camsco,50.0,0.0,,1pa0-_hgdFA6gGbJKqgBDSF66EAknGZV0,,,,"{""isCatalog"": false}",,,Unidad,,,
1284,Foco LED tipo bombilla de 13W Marca FSL,14.1,0.0,,1PAbZlOFtUTmUYMNjB5svL5YRPy55VOuA,,,,"{""isCatalog"": false}",,,Unidad,,,
1285,"Disco para concreto de 7""",50.0,0.0,,1pagoQTQZAfAN3YATOM8EFdVgkm3OrdkE,,,,"{""isCatalog"": false}",,,Unidad,,,
1286,Termomagnetico bipolar de 32A,45.0,0.0,,1Pam50qiMoJXzlljOjUaUFV_BeB3zLyBO,,,,"{""isCatalog"": false}",,,Unidad,,,
1287,Foco LED 9W luz blanca,12.0,0.0,,1PauPC-etXJC9cwrLC3_F-qs_grwQwRYS,,,,"{""isCatalog"": false}",,,Unidad,,,
1288,Foco LED 15W 220V,20.0,0.0,,1PB4Ubd4DJSjOA40N1yn-fU-PAUi1MiK9,,,,"{""isCatalog"": false}",,,Unidad,,,
1289,GRIFOS PARA LAVAPLATOS,210.0,0.0,,1PBKdpTL9EWjEdz9zN-36HBKh4n-hEOq3,,,,"{""isCatalog"": false}",,,Unidad,,,
1290,Conversor Display Port a HDMI,80.0,0.0,,1peHgaXqjFL1y_mZDEg-EPCjbSWOujxUq,,,,"{""isCatalog"": false}",,,Unidad,,,
1291,"Cortapico de 250V, capacidad 2300W, 10A de 3 metros",77.0,0.0,,1peY5PM1M7_uV6u7_1TMLISQzN-dqBWs_,,,,"{""isCatalog"": false}",,,Unidad,,,
1292,Enchufe sobrepuesto,18.0,0.0,,1pfegnTYcKseekLbpMkgwNc02z4Fo7vEx,,,,"{""isCatalog"": false}",,,Unidad,,,
1293,FOCOS LED 18W-150,20.0,0.0,,1pg2obiseMg0iV0QtntD13CWguv7Kv4K8,,,,"{""isCatalog"": false}",,,Unidad,,,
1294,Grifo final Bronce,49.0,0.0,,1pgCqVrr36rUrlqNG1Ej-_Zn7StKcRl2u,,,,"{""isCatalog"": false}",,,Unidad,,,
1295,Grifo FV,250.0,0.0,,1pGrczjAJC3tP3i3VYbwwRK7zFQHzS5UB,,,,"{""isCatalog"": false}",,,Unidad,,,
1296,Chapa de 3 golpes,140.0,0.0,,1phA_aNqZ1rxdZTaQAB1d-djR2gORwpP9,,,,"{""isCatalog"": false}",,,Unidad,,,
1297,Masa corrida Killen envase negro,150.0,0.0,,1pHuIqQIcL_WnTBprUQdIyyG-Gu-CRyLU,,,,"{""isCatalog"": false}",Construcción,Materiales,Unidad,,,
1298,Chapa tipo perilla EVERLEO,65.0,0.0,,1pI9ZALAyN_yDxLJUZyrLtjm3KgvXlg-N,,,,"{""isCatalog"": false}",,,Unidad,,,
1299,Grifo de lavaplatos cuello de cisne FV,140.0,0.0,,1piAuS6Yjk3a31Paj4Rxl_Zj52OV5VEaQ,,,,"{""isCatalog"": false}",,,Unidad,,,
1300,Rollo Cable # 14 (100mts),320.0,0.0,,1PILR1cfGg28pkt1ITbpVEBrs8qs9VXfn,,,,"{""isCatalog"": false}",,,Unidad,,,
1301,Alargador 5 metros,60.0,0.0,,1PiQD5Yy4J3FtknZKhpQl-g98WyuZx5Q3,,,,"{""isCatalog"": false}",,,Unidad,,,
1302,"Clavo de 2"" (kilo)",18.0,0.0,,1PjH1wAbWjwFv2lsOuPMN3htqnwhBX6Ag,,,,"{""isCatalog"": false}",,,Unidad,,,
1303,"Remaches pop de 5mm x 1 1/2"" (340 unidades)",350.0,0.0,,1PjNUgjVjFY54HBVk5l_wtbA3uyJi5QJQ,,,,"{""isCatalog"": false}",,,Unidad,,,
1304,"Foco LED tipo botellón de 50W, 220V, luz blanca",65.0,0.0,,1pkH-pjtyk0Y0YVEtYiXzeaC2vOKWJUVo,,,,"{""isCatalog"": false}",,,Unidad,,,
1305,Seguro puerta de baño,35.0,0.0,,1pkrDLhvYCSWygk04R1gNl23q9UhKa4d-,,,,"{""isCatalog"": false}",,,Unidad,,,
1306,Cable canal 30X40 (barra de 2 metros),35.0,0.0,,1PLOV495UIXafO1tsWbpbETTec8tIF9Si,,,,"{""isCatalog"": false}",,,Unidad,,,
1307,Cinta doble contacto,35.0,0.0,,1pLX8GGdfMd2lC7wpi3gSkI-prd2NENYk,,,,"{""isCatalog"": false}",,,Unidad,,,
1308,Cinta Neon con transformador rollo de 5metros,110.0,0.0,,1pmtIvDdzyPmdxeNQgSa5_2LVpvmg-Q8f,,,,"{""isCatalog"": false}",,,Unidad,,,
1309,Cable cordón 2x16 (metro),8.0,0.0,,1pMwQgMuVmuLNRMKw_74SHU-x4i0ACZF3,,,,"{""isCatalog"": false}",,,Unidad,,,
1310,"Perno hexagonal de 5/16"" x 1/2""",1.3,0.0,,1pmYJBVN4jBPhDNDuTK382VPCxzdgVUBd,,,,"{""isCatalog"": false}",,,Unidad,,,
1311,Pantalla LED 60*60 para sobreponer,260.0,0.0,,1pn-fo015MdVcx_QeiaUxC6d-FJkS95nx,,,,"{""isCatalog"": false}",,,Unidad,,,
1312,"Cinta doble contacto de esponja 25Y largo , 18 mm de ancho",85.0,0.0,,1pO2xBvmrBQaeo40D40oXkx6tF3i0IEoq,,,,"{""isCatalog"": false}",,,Unidad,,,
1313,FOCO LED 18W TIPO BOTELLON ROSCA E27 LUZ BLANCA,25.0,0.0,,1POQFviVrlVgTVQRLyP_kIu06KOAU2Y2T,,,,"{""isCatalog"": false}",,,Unidad,,,
1314,Alambre de cobre,690.0,0.0,"Un sólo hilo N°10
100mts de largo
Revestimiento de goma
Marca Tigre, industria Boliviana",1Pr_nMh-RL8dZmoerxQXX6wjJVhW2Kg8c,,,,"{""isCatalog"": false}",,,Unidad,,,
1315,Reflector LED de 100 WATT,250.0,0.0,,1pRfTE6Zt2O68xQnEnwHU7OzuL_yayzet,,,,"{""isCatalog"": false}",,,Unidad,,,
1316,Rollo cable #8 de 7 hilos,1650.0,0.0,,1PRMIShS4zWjf8GmpNRStR1nZVh-_HMC7,,,,"{""isCatalog"": false}",,,Unidad,,,
1317,Conector Jabalina 5/8,15.0,0.0,,1PRo0tNdLUt2zNRuhdFpY7ia3zldIddXv,,,,"{""isCatalog"": false}",,,Unidad,,,
1318,Regleta toma doble,28.0,0.0,,1Prrd2eIguoVQEb_gRI-_-gi7v6s-ZXlp,,,,"{""isCatalog"": false}",,,Unidad,,,
1319,Japador de escritorio,10.0,0.0,,1PsAFSufGprYhbNvFHAKODMg9XvGnfqoE,,,,"{""isCatalog"": false}",,,Unidad,,,
1320,"Aplique de pared, negro, con dicroico LED MR16",70.0,0.0,,1pSQM_oxrAY7rGrrSVePYl4hN0rWGW27p,,,,"{""isCatalog"": false}",,,Unidad,,,
1321,Cable multifilar flex 4mm azul,810.0,0.0,,1PSRxQ9WdtJJpzy2jLrryQ7KlLJY_3BIh,,,,"{""isCatalog"": false}",,,Unidad,,,
1322,Tomacorriente doble nema sobrepuesto 20Amp Marca Adara,45.0,0.0,,1PT2BJXRIEc0K0vB9fhTCMuZvbq552y5i,,,,"{""isCatalog"": false}",,,Unidad,,,
1323,Clavija 10Amp Tramontina,15.0,0.0,,1PTEetlu_EkFzStkytDJuMMfG71NDJU5C,,,,"{""isCatalog"": false}",,,Unidad,,,
1324,Panel LED 18W,65.0,0.0,,1pui69Icvw9lxHb3k5jzYv6I615w9ZO9W,,Novaled,,"{""isCatalog"":true,""general"":10}",,,Unidad,,,2026-07-01
1325,Cable engomado flexible  2 x 4 mm2 (rollo 100 metros),1950.0,0.0,,1puNRS06Eb22agU8AtPx20zQmDpd0E6zc,,,,"{""isCatalog"": false}",,,Unidad,,,
1326,Ramplu #6 (bolsa 100U),120.0,0.0,,1Puo0746cLnbeYNACyqhmwP2zn0m0BFaU,,,,"{""isCatalog"": false}",,,Unidad,,,
1327,PISTOLA PARA SOLDAR ESTAÑO 100W (UYUSTOOLS),100.0,0.0,,1pUZBJetZcUS4FY13Y7ZoUklTIRhtrBeE,,,,"{""isCatalog"": false}",,,Unidad,,,
1328,Cableducto 30*12 de 2mts,32.0,0.0,,1pv6MwtJ5mQP-0ADBPcDGCU9b0IxKf_al,,,,"{""isCatalog"": false}",,,Unidad,,,
1329,Broca de concreto N°6 de primera,48.0,0.0,,1PVfd4AWAkBYj2eqLyfWIaObiXp1dcxa0,,,,"{""isCatalog"": false}",,,Unidad,,,
1330,"Perfil de Aluminio para cinta LED, Empotrable de 3 metros",68.0,0.0,,1Pw2jvW5XTo9j-B-aAHdbzo81HN2M1GQp,,,,"{""isCatalog"": false}",,,Unidad,,,
1331,Cortapico 6 tomas con cable de 3 metros,95.0,0.0,,1pWA1Dsy_oUQz7vG6W8_szOWalsrML11i,,,,"{""isCatalog"": false}",,,Unidad,,,
1332,"Tomacorriente en placa doble con tierra, tipo Nema",50.0,0.0,,1PWFXHva4_QXvIqTvUO7uenPhtfrMKLUU,,,,"{""isCatalog"": false}",,,Unidad,,,
1333,"Perfil de Aluminio para cinta LED, barra de 3 metro, 15*10MM",68.0,0.0,,1pwihPeoZetd7IONWmB4ryVGZBOSPdlQP,,,,"{""isCatalog"": false}",,,Unidad,,,
1334,Regleta simple 1 puerto modular,22.0,0.0,,1px5MjuIpP4fSOBemhiupweqHTLXu5FV3,,,,"{""isCatalog"": false}",,,Unidad,,,
1335,Cable de cobre 7 hilos #12 (Rollo 100 metros),898.0,0.0,,1pX6P9Ox14Fi5FZxhFfOSKwhZI9o303BW,,,,"{""isCatalog"": false}",,,Unidad,,,
1336,Pantalla LED 24W sobrepuesto,100.0,0.0,,1PxUyoTz8hFCLVPQiabeLvUtraJOEjAL9,,,,"{""isCatalog"": false}",,,Unidad,,,
1337,Placas dobles,26.0,0.0,,1pxykN2QNWotVV3fWm-RsC5LQ8oRlFiA2,,,,"{""isCatalog"": false}",,,Unidad,,,
1338,Cable de cobre desnudo de 35mm o No. 2 de 7 hilos (metro),116.0,0.0,,1Py8u8u_svZQGi46LSnr2Drig5bTEz7V2,,,,"{""isCatalog"": false}",,,Unidad,,,
1339,Bolsa de 100 pzas precinto de 40cm,90.0,0.0,,1pzJdzhGiH82Ag3tnRLeMxQdzOlmNu9BC,,,,"{""isCatalog"": false}",,,Unidad,,,
1340,Toma Schuko simple soprepuesto,20.0,0.0,,1Q-57vQChWlW9yV0M_YhfzPvTQYBHeNKs,,,,"{""isCatalog"": false}",,,Unidad,,,
1341,Enchufe simple en placa,35.0,0.0,,1Q0c71XRoY0cxdSLObdg9qB3daBHf9DDJ,,,,"{""isCatalog"": false}",,,Unidad,,,
1342,Termomagnetico bipolar de 30A,45.0,0.0,,1q0gPOdOLO6LPWL_xIzUP3LJ6sR39cHPM,,,,"{""isCatalog"": false}",,,Unidad,,,
1343,Alambre de cobre #10 marca tigre (rollo de 100M),680.0,0.0,,1q1kY3FRHl0B__5PlB41mVqAwBOXEXL0G,,,,"{""isCatalog"": false}",,,Unidad,,,
1344,Tubo LED 20W EVERLEO luz blanca,25.0,0.0,,1q5449sW3P43aghKiORtb0MI_E6TYstwf,,,,"{""isCatalog"": false}",,,Unidad,,,
1345,"Cable de cobre, 7 hilos flexible AWG N°8 (rollo de 100 metros)",2198.0,0.0,,1q8unWAm6k46xjWkoUJW2QPLWC8kCPtYP,,,,"{""isCatalog"": false}",,,Unidad,,,
1346,Foco LED 30W luz cálida,40.0,0.0,,1qAerGTR4QBq2eDioa4gBKq2P-LsYPWkN,,,,"{""isCatalog"": false}",,,Unidad,,,
1347,Clavijas,5.0,0.0,,1qASTiuXvz_Iuth4h8Lcwu1OVtUrWJbm-,,,,"{""isCatalog"": false}",,,Unidad,,,
1348,SOCKET DE PORCELANA,12.0,0.0,,1QbJU8wPRyRfph5cqVPZ0B2CK_NBXtuIW,,,,"{""isCatalog"": false}",,,Unidad,,,
1349,"Picaporte, medida 1.1/2, color dorado",12.0,0.0,,1qDfqMpYjQrKDR_2np_vyg3hFrO-znStQ,,,,"{""isCatalog"": false}",,,Unidad,,,
1350,Cable monopolar de CU #10 multifilar COPLAS ind. Boliviana,470.0,0.0,,1qdHX2j6Xf18FB8Kr77QcGvqwkYkP_dH7,,,,"{""isCatalog"": false}",,,Unidad,,,
1351,Interruptor conmutador doble Argo negro,55.0,0.0,,1Qf7Uoosej-Z2QMk7Z28Nr3mSc1mM4kA9,,,,"{""isCatalog"": false}",,,Unidad,,,
1352,LAMPARA(TUBO) FLORECENTES LED DE 20W        Modelo:LT8-20-W  ( E )                                                                                                                                       Entrada: 220vCA-50Hz                                  ,20.0,0.0,,1QFgR0enXcwwRkv3mWHW__iJ3fyh3c9Jm,,,,"{""isCatalog"": false}",,,Unidad,,,
1353,Tubo LED 60cm 12W luz blanca,20.0,0.0,,1Qfxw4wFKM018CyGXuEV4tfRIyVrse3Oz,,,,"{""isCatalog"": false}",,,Unidad,,,
1354,Tubo LED 10W 60cm luz blanca,16.0,0.0,,1qGIevmNzx6jU6wCzdp3g6nT8oLnkIuR9,,,,"{""isCatalog"": false}",,,Unidad,,,
1355,Pantalma cuadrada 30x30cm,55.0,0.0,,1qhAzTWlUp5R5PuNX3Zfl8zGac-33JB-S,,,,"{""isCatalog"": false}",,,Unidad,,,
1356,Focos LED de 10W,15.0,0.0,,1qhEbtnd_dXcdv1dyCUDuDKlpdfYHeJKs,,,,"{""isCatalog"": false}",,,Unidad,,,
1357,Tomacorriente simple Mr Three,25.0,0.0,,1qhRZf2iXZeDu9LYARYXL49lSwLF3ON4p,,,,"{""isCatalog"": false}",,,Unidad,,,
1358,Rollo cordón doble No 20,220.0,0.0,,1QiseocxHm7Pey_7KbDM5xphyeRgTwgvx,,,,"{""isCatalog"": false}",,,Unidad,,,
1359,Aerosol color azul,30.0,0.0,,1qk9gSTcbKCTa6yxKONCr3zfiTlI9JO4I,,,,"{""isCatalog"": false}",,,Unidad,,,
1360,"Chicotillo galvanizado, material acero trenzado, 40cm",45.0,0.0,,1qKdb02mGTshV0_xlAMP7vSj85jv3T6g0,,,,"{""isCatalog"": false}",,,Unidad,,,
1361,Cable UTP CAT 6 PURO COBRE (CAJA 305mts),1815.0,0.0,,1qKw8Jm01PklgKHOkfjFvc9rIkkABKV62,,,,"{""isCatalog"": false}",,,Unidad,,,
1362,Chapa de Perilla sin llave,0.0,0.0,,1qL6BFTAgeC08Mj_7nnrSIqjdybB16p2k,,,,"{""isCatalog"": false}",,,Unidad,,,
1363,Guantes de hilo (par),25.0,0.0,,1qMdVTzfKRcv6vDSqemWQ00l-_NXPeWoS,,,,"{""isCatalog"": false}",,,Unidad,,,
1364,FOCO LED CON SENSOR DE MOVIMIENTO DE 12W,45.0,0.0,,1QmN5mW5be6CZqwhbOTfJUHovKUXBmypC,,,,"{""isCatalog"": false}",,,Unidad,,,
1365,PANTALLA CUADRA DE 60X60 LUZ BLANCA,190.0,0.0,,1QmxeTqEX5hwfvMyXpB0FWPx7h7HPI5qN,,,,"{""isCatalog"": false}",,,Unidad,,,
1366,Chapa de puerta principal marca Travex,130.0,0.0,,1qN1uyvs8agI1OoB7zCQbV90FpdBxUJ7s,,,,"{""isCatalog"": false}",,,Unidad,,,
1367,Panel para sobreponer de 18W Lentelux Brasilero,45.0,0.0,,1qNF-phxwySNykSgP13S_XGlA6YgeDihH,,,,"{""isCatalog"": false}",,,Unidad,,,
1368,Bateria alcalina (Pila C),25.0,0.0,,1QniE9rsJ1ivPNF91olK3IrLipOnuFWIu,,,,"{""isCatalog"": false}",,,Unidad,,,
1369,GRAPA PARA TAPIZAR DE 1/2 CJA DE 1000 UNID,35.0,0.0,,1qnlUPdZCkBst2pLhGCC6E6e2_4SlEM-p,,,,"{""isCatalog"": false}",,,Unidad,,,
1370,FOTOCELULAS P/LUMINARIA,75.0,0.0,,1qNOKRf1-WYGnvnWc5IUA8XVoYgSIrntw,,,,"{""isCatalog"": false}",,,Unidad,,,
1371,Tomacorriente simple sobrepuesto,15.0,0.0,,1QOfEZiuWwe8ESpoNi_DU70jXMg_IUNYd,,,,"{""isCatalog"": false}",,,Unidad,,,
1372,GRAPAS DE ACERO MED 8X11.3X0.7MM (1000PZA),65.0,0.0,,1QOJSaK69mkZpfoSAV-aOtmhTu6uAw0ot,,,,"{""isCatalog"": false}",,,Unidad,,,
1373,Tubo LED de 12W,18.0,0.0,,1QpMm2ZnuioUUZx2z_znV0TnGMMyU6ZdO,,,,"{""isCatalog"": false}",,,Unidad,,,
1374,ALAMBR ELÉCTRICO N°12 TIGRE (rollo 100 metros),850.0,0.0,,1QqIBFY0GUvnAXRZdc4is96O6Qx1GHjoj,,,,"{""isCatalog"": false}",,,Unidad,,,
1375,Foco LED botellón de 18W,25.0,0.0,,1QQJwtKZgew0hyx8Ejfvchc9_OFxPfSCh,,,,,,,Unidad,,,
1376,Panel LED empotrable 7W,29.0,0.0,,1qQUK2OtJn7o2y4DipdUucn1iXyatGTyr,,,,"{""isCatalog"": false}",,,Unidad,,,
1377,APLIQUE DE TRES FOCOS,300.0,0.0,,1QriLbxr2AzvFd_gFtfSPuQ88wXpGDWnp,,,,"{""isCatalog"": false}",,,Unidad,,,
1378,Cable cordón #12,1200.0,0.0,,1QRs0iflueOcczJi9x9hMkAbea2KoqX4z,,,,"{""isCatalog"": false}",,,Unidad,,,
1379,Chapa batiente,22.0,0.0,,1Que76-ESyWGBWhR0N05gDIWfYl8JyaLe,,,,"{""isCatalog"": false}",,,Unidad,,,
1380,Chapa de gabetero metálico frontal,35.0,0.0,,1qUGzBZ9XLw9eNBNXd4BvLkVnBh3VKblm,,,,"{""isCatalog"": false}",,,Unidad,,,
1381,Reflector LED 300W Industrial Luz blanca,1600.0,0.0,,1qvFhzZpBY76x6YJ_PvHUbMrjFEXlFCz0,,,,"{""isCatalog"": false}",,,Unidad,,,
1382,Tubo LED 1.2M luz calida transparente,30.0,0.0,,1qvg-MRyOu9dz5SxY1rOy5RT4aa9AjJxz,,,,"{""isCatalog"": false}",,,Unidad,,,
1383,Panel de 18W para empotrar Lentelux Brasilero,43.0,0.0,,1qVtrTxGWL7Vdm9o4T11GoaXhOkDrgavZ,,,,"{""isCatalog"": false}",,,Unidad,,,
1384,Driver para panel LED de 48W,60.0,0.0,,1QwJ2PH6Ph60QAtVCpAM30eE38VnxeU0n,,,,"{""isCatalog"": false}",,,Unidad,,,
1385,"Tubo LED 1,2m luz blanca",25.0,0.0,,1QwKs75erGqgkF44GhkqSnpY99b1BCMeS,,,,"{""isCatalog"": false}",,,Unidad,,,
1386,Tuerca para varilla roscada,0.8,0.0,,1Qwwj3Bg00iLgqmZruQiktSNWAMh2tA--,,,,"{""isCatalog"": false}",,,Unidad,,,
1387,Interruptor Doble Argo,45.0,0.0,,1qxQyl9sB9-URnHykBrpkGrdj2Cieq8n7,,,,"{""isCatalog"": false}",,,Unidad,,,
1388,Pala pequeña para arenero,70.0,0.0,,1R_5HMMH0xS2T_skWwRptto-lLkRgchGD,,,,"{""isCatalog"": false}",,,Unidad,,,
1389,Caja de termino T4,23.0,0.0,,1r_AJWoemboQp2Fi4xb5QBF3v11yxjwVn,,,,"{""isCatalog"": false}",,,Unidad,,,
1390,Foco color amarillo de 100W 220V,4.0,0.0,Foco amarillo 100W 220-240V,1R_hidkHp-5KCripHPTw4vJk9CcXWaQc9,,,,"{""isCatalog"": false}",,,Unidad,,,
1391,Tubo LED de 20W luz blanca,20.0,0.0,,1R1OyIY4UOmNMTKL6Jk1jATzbwpykt2QL,,,,"{""isCatalog"": false}",,,Unidad,,,
1392,Tubo LED de 120cm de 24W,25.0,0.0,,1r2m77jqfQ9OrBUQJuzBrCxIHhbESWONb,,,,"{""isCatalog"": false}",,,Unidad,,,
1393,Cableducto para piso 15*20 mm alto 2 metros,35.0,0.0,,1R8jFwd8JZWF3d-bgdUjuGH3LT6HflHhN,,,,"{""isCatalog"": false}",,,Unidad,,,
1394,Interruptor en placa,23.0,0.0,,1rB0HXux-p-xfvTQIiNzkWxaEfPVuPBiV,,,,"{""isCatalog"": false}",,,Unidad,,,
1395,Termico bipolar 16A,45.0,0.0,,1rBoz2CvfNfRdTWLV9XtJF9No0rY0BNks,,,,"{""isCatalog"": false}",,,Unidad,,,
1396,Interruptor de colgar,8.0,0.0,,1RbXNZMGrchbQvoZZGpl0AcXGzMOPu8so,,,,"{""isCatalog"": false}",,,Unidad,,,
1397,Batería de baño con pulsador lateral de tanque ASTRA,245.0,0.0,,1RCu5sRzDq8d6zGWlQzqKg5UYKNvZqTR4,,,,"{""isCatalog"": false}",,,Unidad,,,
1398,Pinza amperimetrica,350.0,0.0,,1RDHasjRkjgtYwuzUigFezk9xNL3bzN5D,,,,"{""isCatalog"": false}",,,Unidad,,,
1399,Térmico 60Amp SICA,50.0,0.0,,1RepxEnAIoXxa9d28EA6uu3rOUinDJo1R,,,,"{""isCatalog"": false}",,,Unidad,,,
1400,Soquet de porcelana para foco,10.0,0.0,,1RgFei8Ds8nnNPhkiPZ_xFT4cPjthfeKs,,,,"{""isCatalog"": false}",,,Unidad,,,
1401,Tomacorriente simple en placa,20.0,0.0,,1RghPBGk5m9vfjIuhR00KwMnH5cec4EKp,,,,"{""isCatalog"": false}",,,Unidad,,,
1402,Reflector LED IP 66 Luz blanca 150W,380.0,0.0,,1RgNZgjl2N_Oi9mTMD2jNyODVji1jc1aw,,,,"{""isCatalog"": false}",,,Unidad,,,
1403,CLAVIJAS PLANAS,10.0,0.0,,1rGs0QB7mF6EOm5MuGnf4tp6sl031-iqf,,,,"{""isCatalog"": false}",,,Unidad,,,
1404,Cableducto 10*20,9.0,0.0,,1RHbX9elqnbJDBR-zJZyBP0QIkH0bgvlo,,,,"{""isCatalog"": false}",,,Unidad,,,
1405,Cinta teflón 19mm x 0.075mm x 10 M (caja de 1200 unidades),3200.0,0.0,,1rHC1fduv3k-5UekcOU3lLta4Kp_2F5VD,,,,"{""isCatalog"": false}",,,Unidad,,,
1406,Remaches bolsa 500U,370.0,0.0,,1RIEFVQzUeurqm0SNmburZJxghGPY-Zst,,,,"{""isCatalog"": false}",,,Unidad,,,
1407,Panel LED 12W para empotrar,32.0,0.0,,1RiGqB0vv3xngXxBG8qRq-seDVU5FmIkr,,,,"{""isCatalog"": false}",,,Unidad,,,
1408,Detector de tension (busca polo),70.0,0.0,,1rJFdVKVbH5izHMZ11oElg30S_PMtB0QY,,,,"{""isCatalog"": false}",,,Unidad,,,
1409,Rollo cable 7*12 (rollo 100 metros),585.0,0.0,,1RJS8gIsqShDvLlc0vjZvV8LrjbRN30as,,,,"{""isCatalog"": false}",,,Unidad,,,
1410,Térmico bipolar 20A,45.0,0.0,,1Rkl2jim0i7TBVki6QZXixlzqxTQOQ6DN,,,,"{""isCatalog"": false}",,,Unidad,,,
1411,Hoja de lija para metal,13.0,0.0,,1rMtYEQle1mhVLmxrf4ti64rLpTlM2phD,,,,"{""isCatalog"": false}",,,Unidad,,,
1412,Canoa para tubo LED doble 1.2m,60.0,0.0,,1RnDm9Rc9xzvcWqER2LBPxt5P69rcuddi,,,,"{""isCatalog"": false}",,,Unidad,,,
1413,Foco LED de 22W,30.0,0.0,,1RNNyhta1QjlUEB9ubyEQMJ4lonP2LlXE,,,,"{""isCatalog"": false}",,,Unidad,,,
1414,Estilete reforzado,27.0,0.0,,1RO7hxmZLwd1g6c2IIls29GyZcxhcKV3I,,,,"{""isCatalog"": false}",,,Unidad,,,
1415,Instalación de Lampara Panel LED,150.0,0.0,Instalación eléctrica de Paneles LED,1roEs8d6yJtK5CLTy0_yMEbUGUvX1Z7fm,,,,"{""isCatalog"": false}",,,Unidad,,,
1416,Foco LED 20W rosca E27,25.0,0.0,,1RoUSbDNQEaG3nm10gvqEzFw9lgrasnLP,,,,"{""isCatalog"": false}",,,Unidad,,,
1417,Panel LED sobrepuesto 12W,45.0,0.0,,1rpVqZs84W_gSJ2DIcJcRkCOowoFfcjv1,,,,"{""isCatalog"": false}",,,Unidad,,,
1418,Arrancadores,6.0,0.0,,1RpzhI0Yg4JdSZP5J8DI8Y5wT5MaXqdcS,,,,"{""isCatalog"": false}",,,Unidad,,,
1419,TUBO LED 60CM (CAJA 30U),660.0,0.0,,1rrDRCG6uVBz4POtmZNopq_4dkgDUiHNK,,,,"{""isCatalog"": false}",,,Unidad,,,
1420,Conector RJ-45 Cat 6 blindado metalico,295.0,0.0,,1rRNE6O-tlZwTO_kjqQrkvf4jRbpk0sCa,,,,"{""isCatalog"": false}",,,Unidad,,,
1421,Breaker 3*100A 690V marca ABB,790.0,0.0,,1rrYsqz8XGmcl1k0klG6W0moPLxiKOjlO,,,,"{""isCatalog"": false}",,,Unidad,,,
1422,Cable cordón bipolar # 14 TIGRE (rollo de 100 metros),1450.0,0.0,,1RschCh6PJKg8-dyTn_1qNbGaZFKOS5ca,,,,"{""isCatalog"": false}",,,Unidad,,,
1423,Clavija Nema,13.0,0.0,,1RsD84lJjA6JNHpbLlcwkYEDL_C0nEFcg,,,,"{""isCatalog"": false}",,,Unidad,,,
1424,Cableducto 10*10,8.0,0.0,,1RsFigPdWVsaYXLfnyicKvnSy6RY6-JCi,,,,"{""isCatalog"": false}",,,Unidad,,,
1425,Silicona Liquida Transparente y negro (Tubo),55.0,0.0,,1rSiA3lvZ5z1gVT2bYkQHLZwwiECZQScc,,,,"{""isCatalog"": false}",,,Unidad,,,
1426,FOCO LED E-27 22W LUZ BLANCA,42.0,0.0,,1rULKONrqYcoP2FQ7GWiMPeoIG5A8aqpA,,,,"{""isCatalog"": false}",,,Unidad,,,
1427,Destornillador de precisión juego de 6 unidades,1.0,0.0,,1rv3hkNUEPbjcq2EghOWdmhWDTdPf2tlF,,,,"{""isCatalog"": false}",,,Unidad,,,
1428,Foco LED 9W,15.0,0.0,Foco LED bombilla 9W luz blanca 6500K,1rv5nUsBm6TrvXfJaGZilhGcenTUY7EBX,,,,"{""isCatalog"": false}",,,Unidad,,,
1429,"Chicotillo metálico de 60cm por 1/2"" COFLEX",0.0,0.0,,1Rvfs6tbn5nudnki1iqnUBc8nrAzBYrQd,,,,"{""isCatalog"": false}",,,Unidad,,,
1430,Tomacorriente tipo Nema doble s/puesto,15.0,0.0,,1rVonNA783SPnVJNySF5zzvMgF2TGOPNU,,,,"{""isCatalog"": false}",,,Unidad,,,
1431,Térmico bipolar 32A,45.0,0.0,,1rvSHoVYaakMlquhfVGwIvLbO1qyR0d0O,,,,"{""isCatalog"": false}",,,Unidad,,,
1432,CUBTA AISLANTE MILLION,20.0,0.0,,1rwgzMQgbqdRqy8MPYIIRtd-qWIYHQfrH,,,,"{""isCatalog"": false}",,,Unidad,,,
1433,Clavija Shuko 10-16Amp,15.0,0.0,,1RxtfWx0mCoBHeK9qG9YD80xCErWwd8GV,,,,"{""isCatalog"": false}",,,Unidad,,,
1434,Jack Cat 6,25.0,0.0,,1rxyljOZzUOkgfUoqkE4WGbA5gFFPF44t,,,,"{""isCatalog"": false}",,,Unidad,,,
1435,Conector para Red Cat 6 RJ45,5.0,0.0,,1RZ2uKh9buFlLIDZMTZcCQlyJlq8XcRWE,,,,"{""isCatalog"": false}",,,Unidad,,,
1436,Cable UTP CAT 6 de cobre (caja 305mts),1950.0,0.0,,1RZ96kmoXigtoDtB18gALIchCxqGwJxCx,,,,"{""isCatalog"": false}",,,Unidad,,,
1437,"Enchufe de energia, clavija macho",8.0,0.0,,1RzM8pOJkjSRNXSV9el5y9TbJah3ZiTNu,,,,"{""isCatalog"": false}",,,Unidad,,,
1438,Foco LED 12W,18.0,0.0,,1S_CQ_MscE7-WdnClbFrPUvNdopqFUZ0H,,,,"{""isCatalog"": false}",,,Unidad,,,
1439,Bornera de contacto #12 y #14,15.0,0.0,,1s_FtWXXMkrtPCdn-vv5Jm22cdORmxKi3,,,,"{""isCatalog"": false}",,,Unidad,,,
1440,Paneles LED de 60x60,250.0,0.0,,1s-F9mTRqrjaBq725uElzw9pkmDq-Y8yW,,,,"{""isCatalog"": false}",,,Unidad,,,
1441,Panel LED 60*30cm luz blanca sobrepuesto,275.0,0.0,,1s0EtKAhuNNfwrJneOYfNdKUR6wLluRnC,,,,"{""isCatalog"": false}",,,Unidad,,,
1442,CABLE DE EXTENSIÓN 10M,120.0,0.0,,1S0GLMcGlVZ30G_SSPxPJX4LC2nSruoGI,,,,"{""isCatalog"": false}",,,Unidad,,,
1443,Cable de cobre,750.0,0.0,"De 7 hilos N°10
De 100 metros
Marca Tigre, industria Boliviana",1s2UKR9sGzgjfEE1odv11C3RI6WlP9a2w,,,,"{""isCatalog"": false}",,,Unidad,,,
1444,Lija de tela N° 80 (metro),12.0,0.0,,1s4YdxqRiGIL1-4M0I1jkChMSYKSgiwjI,,,,"{""isCatalog"": false}",,,Unidad,,,
1445,Laca Internet simple OSMAR,65.0,0.0,,1s6adfyGqsinV3ECD_DEewpasdvusvLwD,,,,"{""isCatalog"": false}",,,Unidad,,,
1446,Cortapico de 6 salidas FORZA,55.0,0.0,,1s6txJZ6SE9an0Li6gkB3ewLKdWrBOMrd,,,,"{""isCatalog"": false}",,,Unidad,,,
1447,Reflector industrial LED de 200W c/ojos,480.0,0.0,,1s6zUSspLPGsPZnTHHRw8oPNg_KHNdztL,,,,"{""isCatalog"": false}",,,Unidad,,,
1448,Placa tomacorriente triple UYUSTOOLS+ caja sobrepuesta,75.0,0.0,,1S8nx3SVqFCYALpgiH12HedrbXU_mHp8N,,,,"{""isCatalog"": false}",,,Unidad,,,
1449,Cableductos 20*10,8.0,0.0,,1San0cSRUqZ7wDMCX9Ct6qHZxReAblahF,,,,"{""isCatalog"": false}",,,Unidad,,,
1450,Pantalla cuadrada 24W,85.0,0.0,,1SbMFipOsX90zBAfb_f7acXDKkIaNV0Rd,,,,"{""isCatalog"": false}",,,Unidad,,,
1451,Tomacorriente en placa doble,45.0,0.0,,1sbZWnYU2rM-r2opPrgOnN22lw9vqK8jE,,,,"{""isCatalog"": false}",,,Unidad,,,
1452,Soquet plástico Plano,6.0,0.0,Soquet plastico plano,1sCf17bWzqoTHJXhJPUhopDdlP86rwU-g,,,,"{""isCatalog"": false}",,,Unidad,,,
1453,Foco LED 30W,35.0,0.0,,1scyLvN6o7EekBQhmzSQ98KcYkkaG51eX,,,,"{""isCatalog"": false}",,,Unidad,,,
1454,Tomacorriente doble nena de sobreponer Ultra,25.0,0.0,,1SD4T_vPiCHPJjyTQPqVL4C0NvcX7EWyH,,,,"{""isCatalog"": false}",,,Unidad,,,
1455,REGLETA DE 4 PUERTOS DE 16A,20.0,0.0,,1sDgifA1rTZ1PpT7MH5DZaS4-o4-ONk_a,,,,"{""isCatalog"": false}",,,Unidad,,,
1456,Reflector LED de 400W reforzado c/ojos,850.0,0.0,,1sE9vacVHVscLXcwLmv6Q4uvUHNedjr0T,,,,"{""isCatalog"": false}",,,Unidad,,,
1457,Ducha eléctrica,145.0,0.0,,1sGOaaCuQYJZDnV-QzIdR2af-o1bvsjWg,,,,"{""isCatalog"": false}",Electricidad,Duchas,Unidad,,,
1458,Chapa de Perilla con llave,195.0,0.0,,1Sgu71wbnGTGberjSwnRNmbAQDt7QneiE,,,,"{""isCatalog"": false}",,,Unidad,,,
1459,Interruptor simple en placa,19.0,0.0,,1SGUwMNgAVBFqsAZj44wB4EwbpfMhfUBb,,,,"{""isCatalog"": false}",,,Unidad,,,
1460,FOCOS LED DE 13 WTTS X 220 VOLT L/B,25.0,0.0,,1shH7yGp2pXOEcX8g6E0d0OY20nBj60bU,,,,"{""isCatalog"": false}",,,Unidad,,,
1461,Foco LED de 13W,22.0,0.0,,1ShRVWTqfN8fgYo1kmKxw-fxxYk1w3ae2,,,,"{""isCatalog"": false}",,,Unidad,,,
1462,Interruptor termomagnetico/térmico bipolar de 40,65.0,0.0,,1SiIpbEfq_1Gsq8LKU7KRFoafh151AbMC,,,,"{""isCatalog"": false}",,,Unidad,,,
1463,Zócalo para tubo LED,3.0,0.0,,1siN4qL79uFAzITxDj0xOXqS1_UEf5Z3I,,,,"{""isCatalog"": false}",,,Unidad,,,
1464,Reflector LED 30 W,150.0,0.0,,1sjNFPFU-NkswapUxpUGl1pWzC_w8FmEz,,,,"{""isCatalog"": false}",,,Unidad,,,
1465,Pantalla LED cuadrada 60*60,195.0,0.0,,1Sk5hbnZorxRLsSi6NjBNblWPSE8URgDh,,,,"{""isCatalog"": false}",,,Unidad,,,
1466,Pila Alcalina AAA DURACELL,12.0,0.0,,1SKcaz9CVZ4zAQcYu8xoE7bArm9CzVhPM,,,,"{""isCatalog"": false}",,,Unidad,,,
1467,Reflector LED 50W marca GLAND,120.0,0.0,,1sL9rJJOrlZIg7hb73AMtowkLiZ5sgR9N,,,,"{""isCatalog"": false}",,,Unidad,,,
1468,Pomada para soldar,23.0,0.0,,1SlWpFqWk1zNaCPC9om-a3eq9V2Tl5ncY,,,,"{""isCatalog"": false}",,,Unidad,,,
1469,Caja plastica sobrepuesta rectangular (Bolivia),10.0,0.0,,1SNbZAsiZugKA9F7zrAxdVD_hAHNRDQ0l,,,,"{""isCatalog"": false}",,,Unidad,,,
1470,Clavija engomada 16A plano,10.0,0.0,,1SNcyG1n9XbHZ-VTfLrRz9AF8hJepZzKa,,,,"{""isCatalog"": false}",,,Unidad,,,
1471,Toma Shuko doble sobrepuesta marca STAR,85.0,0.0,,1snfweYQt0s3hE0X1f2awa_SbBac3gPhQ,,,,"{""isCatalog"": false}",,,Unidad,,,
1472,Chapa para puerta. Material Metálico. Tipo eléctrico con transformador. Marca Yale.,700.0,0.0,,1soEaq0FxFF5nBfIcnAtO-iDrh4RPH-41,,,,"{""isCatalog"": false}",,,Unidad,,,
1473,Placa tomacorriente doble,25.0,0.0,Placa electrica tomacorriente doble,1Soh5ie4Inn4g1Xn_XY4K8Zf7-sq89A-G,,,,"{""isCatalog"": false}",,,Unidad,,,
1474,Cable 7 hilos #8 (rollo de 100 mts) TIGRE,1650.0,0.0,,1SozYjW2FJJgBTUR_hlUO-BBSF_KD3kZm,,,,"{""isCatalog"": false}",,,Unidad,,,
1475,Foco LED Phelix 18W luz blanca,22.0,0.0,,1sPhlPA-2MPJdTnFngfEavWVonxpYUGOg,,,,"{""isCatalog"": false}",,,Unidad,,,
1476,Reflector LED con panel solar 150W,550.0,0.0,,1SPRftze76kx9rsLckEtNYxF0ZMlWTBVQ,,,,"{""isCatalog"": false}",,,Unidad,,,
1477,Foco LED luz blanca 15W,22.0,0.0,,1spynnPgFM3KUYCebj5S73haF-Ci34w7e,,,,"{""isCatalog"": false}",,,Unidad,,,
1478,Terminal zapatito 25mm,18.0,0.0,,1sQ27XRkqI7PDvwrDOVM930KiToZnCI-Z,,,,"{""isCatalog"": false}",,,Unidad,,,
1479,Cablecanal 15x10,9.0,0.0,,1sSqMpObktMwN9imitSkJTyo-uz3FrgdV,,,,"{""isCatalog"": false}",,,Unidad,,,
1480,Tubo corrugado 1 pulgada (rollo 50m),250.0,0.0,,1sTotOaEqYc2Ga1aY3MkavtRCourh9SAC,,,,"{""isCatalog"": false}",,,Unidad,,,
1481,Placa Conatel Interruptor Simple,48.0,0.0,,1stSob_pcXj_V6N6VLRpjZNWR1krzcNup,,,,"{""isCatalog"": false}",,,Unidad,,,
1482,Foco 30W,40.0,0.0,,1sulUgUAQR33NTGcRXpxiMd-lKtRcT3vO,,,,"{""isCatalog"": false}",,,Unidad,,,
1483,Martillo 16Oz,180.0,0.0,,1supsWbN4gvOHWRvJyxhF6eQTKYk0IZWf,,,,"{""isCatalog"": false}",,,Unidad,,,
1484,Lampara de emergencia LED,150.0,0.0,,1svspoxVL15RMtSKjgnSxFsfooy9o0wrq,,,,"{""isCatalog"": false}",,,Unidad,,,
1485,Regleta de 4 tomas nema,85.0,0.0,,1SwX9CuSMWNCEuK_ZQJ5EsmsZyk-pNA7f,,,,"{""isCatalog"": false}",,,Unidad,,,
1486,Cibta Aislante Million,20.0,0.0,,1SXr_EidJch_XUau4MiYBAIcXja0_disO,,,,"{""isCatalog"": false}",,,Unidad,,,
1487,"Puente peine monopolar p/12 polos 22 cm, 1x12",90.0,0.0,,1SY4on16g0ZkRoMbcpUJ9ff_c06TxYQra,,,,"{""isCatalog"": false}",,,Unidad,,,
1488,Rollo cordon No 2x16,650.0,0.0,,1sZ9HeJbUk3oft8koX9ihwGCZdSNUEnnA,,,,"{""isCatalog"": false}",,,Unidad,,,
1489,"Linterna LED recargable, tipo minero 80Lm",165.0,0.0,,1szwgfooMha2-CM9MpiiWuzbGJsrJDteT,,,,"{""isCatalog"": false}",,,Unidad,,,
1490,Lampara de Sodio de Alta Presión 250W,160.0,0.0,,1t_I5uz-V_dsECSASBfq5yFoQX5lQvROU,,,,"{""isCatalog"": false}",,,Unidad,,,
1491,Cable bipolar 2*16 awg rollo 100metros TIGRE,780.0,0.0,,1t-f75IQ1slcFqo8hAHScdoZcDu8ef_BW,,,,"{""isCatalog"": false}",,,Unidad,,,
1492,Tomacorrientes dobles,75.0,0.0,,1T10U-_yfXUZUjY7m6mH9brH_yvnPWbpP,,,,"{""isCatalog"": false}",,,Unidad,,,
1493,Cable bipolar 2*12,2850.0,0.0,,1T2Gl7k7rzrF5hb_iLXZ9-X_tBwNA3WVt,,,,"{""isCatalog"": false}",,,Unidad,,,
1494,CUNTA VULCANIZANTE TERMORETRACTIL,80.0,0.0,,1t2OgRSifP8JgB7Qv-jqfZX_jMIXcpJpn,,,,"{""isCatalog"": false}",,,Unidad,,,
1495,Interruptor conmutador simple ARGO negro,35.0,0.0,,1T2VW1qVx-GFUlwnSQxhKt3NwwBhuEKDT,,,,"{""isCatalog"": false}",,,Unidad,,,
1496,Tomacorriente triple en regleta de 25Amperios,50.0,0.0,,1T4xFHWFXcn3ojArBfGevl6UfzS760ppv,,,,"{""isCatalog"": false}",,,Unidad,,,
1497,Cable UTP CAT6 puro cobre (metro),11.0,0.0,,1T5T-jtfAjqdU4TjOyzbxG6Assd7vsYQr,,,,"{""isCatalog"": false}",,,Unidad,,,
1498,Ramplu tsrugo mariposa Fischer (caja 25pzas),45.0,0.0,,1t8lIa4ZMnp_Dkh-YIeHGoiwc65k2gH85,,,,"{""isCatalog"": false}",,,Unidad,,,
1499,Alambre galvanizado,30.0,0.0,,1tAJfRCw2CHbW-fZOIFO3ad5D6-uNMfgz,,,,"{""isCatalog"": false}",,,Unidad,,,
1500,Adaptador enchufe triple con entrada universal y aterramiento y terminación redonda,20.0,0.0,,1Tavh73g2BoIA66VXSoUjEgDZUqtrzyd4,,,,"{""isCatalog"": false}",,,Unidad,,,
1501,Foco tipo vela rosca nomal 40W 220V marca Moganshan(PRC),7.0,0.0,,1tb5XiLEm9q0EO6QgvFQ4oL0uodTabs4g,,,,"{""isCatalog"": false}",,,Unidad,,,
1502,Panel LED 60x60cm,320.0,0.0,,1tBrT8CJMLYkew2OTnrd9zB6Ehpugpn9J,,,,"{""isCatalog"": false}",,,Unidad,,,
1503,ESTABILIZADOR 1200VA,350.0,0.0,,1TByewXMm9jBpxuSBRc6abcY7ewcICLQq,,,,"{""isCatalog"": false}",,,Unidad,,,
1504,Terminal para cable tipo hojal 3/4,1.0,0.0,,1TCYo2mNVPcpAMfEkdrDo3WIGXjtsO7bN,,,,"{""isCatalog"": false}",,,Unidad,,,
1505,Ducha,250.0,0.0,,1Tdqm79dTrwjY_ytbSVC6grdbyWMK12mb,,,,"{""isCatalog"": false}",,,Unidad,,,
1506,Batería 9V,15.0,0.0,,1Tfv8qLZkkCMGuxBeQ2jPZIS5Wxf8oSF9,,,,"{""isCatalog"": false}",,,Unidad,,,
1507,Cortapico de 6 entradas,40.0,0.0,,1tG1Rcmm-uWTQks-3i9c3CNVmy1-Jt3xq,,,,"{""isCatalog"": false}",,,Unidad,,,
1508,Contactor 32Amp CAMSCO,220.0,0.0,,1tgu2IbEmu6B6-ZdFwEbYvkHWpIueLT1Q,,,,"{""isCatalog"": false}",,,Unidad,,,
1509,Cable Duplex de aluminio N°8 AWG (metro),8.0,0.0,,1tgZleMwnQPZEGcYLPVWFa6nY1A0Vc0Q-,,,,"{""isCatalog"": false}",,,Unidad,,,
1510,Foco tipo UFO 50W luz cálida,80.0,0.0,,1Thd2XLWOtBXDcNPcHSxSn1VVm3vYHhO-,,,,"{""isCatalog"": false}",,,Unidad,,,
1511,Resistencia de ducha simple Lorenzetti,25.0,0.0,,1thlyf-b3dADe0P6OkTAHtfilSQaFZiuh,,,,"{""isCatalog"": false}",,,Unidad,,,
1512,Reflector LED 300W,680.0,0.0,,1ThZHmlj7SqMo8ptX7Qr5VXedaybRlcF0,,,,"{""isCatalog"": false}",,,Unidad,,,
1513,"Cable eléctrico engomado bipolar de cobre 2x4mm, rollo de 100 metros",1350.0,0.0,,1tLbNTRg3_uz5ZX4X7T2UwzxoXmhQF553,,,,"{""isCatalog"": false}",,,Unidad,,,
1514,Cable canal 15*10,10.0,0.0,,1tljIX3t1jRcjgxIYtvV1RKHfMYyx9qge,,,,"{""isCatalog"": false}",,,Unidad,,,
1515,"Estabilizador de corriente 1000VA/500W, entrada tipo Nema, 220V",185.0,0.0,,1Tm0A85zg9fD9olvDlsHQF1gWWZJalNnI,,,,"{""isCatalog"": false}",,,Unidad,,,
1516,Tomacorriente en placa,55.0,0.0,,1TM4kgsbPXoYD5Pb7k1pr0yuMKkJhhObO,,,,"{""isCatalog"": false}",,,Unidad,,,
1517,Cable 7x8 AWG Negro (metro),0.0,0.0,,1TNIqwaLsYeKNUlDC6NVu3ntIHusPrQy0,,,,"{""isCatalog"": false}",,,Unidad,,,
1518,Pantalla LED de 24W,65.0,0.0,,1TOKXpiR_MU8QHn8xMDbsQmlRnBZaMRCD,,,,"{""isCatalog"": false}",,,Unidad,,,
1519,GRIFOS PARA LAVAMANOS,195.0,0.0,,1tPDJIESXFUYZHUNo_vPv1-WREWieEC5a,,,,"{""isCatalog"": false}",,,Unidad,,,
1520,Tubo LED de 60cm de 10W,20.0,0.0,,1TpmbJdwY3KCCGsAprGH3JwqX4U8dL5dT,,,,"{""isCatalog"": false}",,,Unidad,,,
1521,Cable Aislado de cobre de 7 hilos N°12 (rollo de 100 metros) marca Tigre,600.0,0.0,,1tPzFi3HlafhNRnrtym1kXGcN5P8C_D6g,,,,"{""isCatalog"": false}",,,Unidad,,,
1522,Pintura engomada Sinteplast/Recuplast  (balde 18 litros),480.0,0.0,,1TQ6ujvgZm_9EhQVQSoBK7Q0VTfslN3Db,,,,"{""isCatalog"": false}",,,Unidad,,,
1523,Broca para metal de 3.5mm,14.0,0.0,,1tr_EaY8664CglIqOcaLECSoFIHZIfZxQ,,,,"{""isCatalog"": false}",,,Unidad,,,
1524,Interruptor Doble UYUSTOOLS,38.0,0.0,,1tR47Fzip5avIg-Kg9D3CxGFLPXBwoyGQ,,,,"{""isCatalog"": false}",,,Unidad,,,
1525,"Luminaria barra LED 1,20 metros",45.0,0.0,,1TRWfT6hBzoxcyuo7w0vw2ID2jTqo-33C,,,,"{""isCatalog"": false}",,,Unidad,,,
1526,Panel de sobreponer sin marco de 36W,87.0,0.0,,1tSEanxSNdt6uG1QJzeHu6lNKqRvJ39VZ,,,,"{""isCatalog"": false}",,,Unidad,,,
1527,Conector tipo hembra rj45,0.0,0.0,,1tsFxlQ3pK52uXZSIT8lyQRc0TESBKqvp,,,,"{""isCatalog"": false}",,,Unidad,,,
1528,Interruptor simple Beis,25.0,0.0,,1TSwG5uUUVR75V0HnCv9CuQqT1mS2o_QX,,,,"{""isCatalog"": false}",,,Unidad,,,
1529,Aceite de maquina,35.0,0.0,,1ttB__-P2VRJVpTRYfjcXkuXjECRiKOFC,,,,"{""isCatalog"": false}",,,Unidad,,,
1530,Enchufe tipo shucko,15.0,0.0,,1TuEa6kfpm_Elrj17Q63w8BXuF0d587i4,,,,"{""isCatalog"": false}",,,Unidad,,,
1531,Alargador de 10 mts,65.0,0.0,,1tupKOkECMnEtUuITWTqpvB2YvzNwLeFp,,,,"{""isCatalog"": false}",,,Unidad,,,
1532,Foco ahorrador Negro UV 40W rosca normal E27,60.0,0.0,,1txNnrVYtQZraG_1Xcve6rKE_9Tl2D8VR,,,,"{""isCatalog"": false}",,,Unidad,,,
1533,Cable cordón N°10 (rollo 100 metros),2480.0,0.0,,1tzbXf9B3dDLYImxbE1E8hBBnAK3cIeim,,,,"{""isCatalog"": false}",,,Unidad,,,
1534,Foco Fluorescente 26W 2U,35.0,0.0,,1TzPDKBAR_QRC5EFRGlxkHXJVSiPX5Dn3,,,,"{""isCatalog"": false}",,,Unidad,,,
1535,Enchufe 16A,5.0,0.0,,1U--E0yomazZJpP7Ok-xmei1dWLFrNcqm,,,,"{""isCatalog"": false}",,,Unidad,,,
1536,"Focos LED, ahorradores de 25Watts, Luz Blanca, Bombilla, Marca Fideli",27.0,0.0,,1u-F8Rlv6C7VBYVNkqb4ylyJYaMA5ax7M,,,,"{""isCatalog"": false}",,,Unidad,,,
1537,Clavija Shucko,17.0,0.0,,1u0kGQumd85kSSEzTPI0tGWi8bl46lkjF,,,,"{""isCatalog"": false}",,,Unidad,,,
1538,Cable engomado para exterior 2*1.5mm,850.0,0.0,,1U46g2eNQvWjXHMqcL8AUR8VfbnpaGLBO,,,,"{""isCatalog"": false}",,,Unidad,,,
1539,Cable aislado de cobre AWG de 7 hilos N°14 (rollo de 100mts),850.0,0.0,,1U4mrO26WLd9TEuKXIGQ0YB9QfGAu4FTR,,,,"{""isCatalog"": false}",,,Unidad,,,
1540,Caja de distribución 10*10,18.0,0.0,,1U4ot2Q9IaV7AZw8UpyNmKHzRc2JEa4AK,,,,"{""isCatalog"": false}",,,Unidad,,,
1541,"Sierra circular 1800W, 5200 RPM, disco de 7/14, marca DEWALT",2300.0,0.0,,1u5-QmROC6e693uTVCcPOy6Io3yxo3n7M,,,,"{""isCatalog"": false}",,,Unidad,,,
1542,Chapa de palanca EVERLEO,155.0,0.0,,1U5ioxn0DhSHbk-E789jFqa6ySHhnqpWo,,,,"{""isCatalog"": false}",,,Unidad,,,
1543,Foco ahorrador 85W espiral luz blanca,30.0,0.0,,1u5lrQDAkCppggw0E6HVD90mm6PkhExOj,,,,"{""isCatalog"": false}",,,Unidad,,,
1544,"Chapas de embutir de 2 golpes color bronce, llave especial estriado, a manivela, marca EVERLEO de primera calidad",0.0,0.0,,1U5n2QsH49BefUCj0_FxYXaskJP1P-NG3,,,,"{""isCatalog"": false}",,,Unidad,,,
1545,Panel cuadrado 60*60 p/sobreponer,180.0,0.0,,1U6tLwzfxR15iVNVwouD80JxkCfo1Ex-m,,,,"{""isCatalog"": false}",,,Unidad,,,
1546,Disco de corte para metal marca Norton de 9' pulgadas,30.0,0.0,,1u7OMDwctI029YrR7UUgKb7RRXUlDvJ1T,,,,"{""isCatalog"": false}",,,Unidad,,,
1547,Caja redonda,2.0,0.0,,1u8dB7gpnPtxLcFvHeX0jb0Rq8ZNkC1IE,,,,"{""isCatalog"": false}",,,Unidad,,,
1548,Temporizador Digital CAMSCO,1.0,0.0,,1Ua-Y1HGGFfKiFtKsnJ9wSpdQSqUBAgdB,,,,"{""isCatalog"": false}",,,Unidad,,,
1549,Foco LED 18 W tipo bombilla,22.0,0.0,,1uaCEEnJcDnke4IMTQ0vdz2A0YV0rsz1V,,,,"{""isCatalog"": false}",,,Unidad,,,
1550,Chapa de puerta grande de seguridad marca Papaiz,1500.0,0.0,,1uBOxxC3I_tjvGZoWoQh6CFJ49rA4-jhG,,,,"{""isCatalog"": false}",,,Unidad,,,
1551,Interruptor Simple conmutador 4 vias,60.0,0.0,,1udvND3uTazg0-fYuIq-HIb6rEMx05kaL,,,,"{""isCatalog"": false}",,,Unidad,,,
1552,Cable eléctrico (#16) 7 hilos,210.0,0.0,Cable eléctrico (#16) 7 hilos,1uF4rzJoerjXOLaHje5sFE1X6VWdB229P,,,,"{""isCatalog"": false}",,,Unidad,,,
1553,Cable de 7 hilos No. 14 TIGRE (rollo de 100 metros),0.0,0.0,,1Uf7VOFs71kvbqxBAaOXDN-XM29l-WPEL,,,,"{""isCatalog"": false}",,,Unidad,,,
1554,Placa enchufe Doble con tierra,35.0,0.0,,1uholFK4E8IinKjY_5eCg9F7te6Qx-lsP,,,,"{""isCatalog"": false}",,,Unidad,,,
1555,Panel LED 18W luz blanca para empotrar,50.0,0.0,,1Uhv_UWKxcxFKS-dKg9bHGdpVcMfz4k0E,,,,"{""isCatalog"": false}",,,Unidad,,,
1556,"Tornillo de encarne de 1"" (400 piezas)",120.0,0.0,,1UJWDnhaybBegOf5bnwrM89W-YCkE3agu,,,,"{""isCatalog"": false}",,,Unidad,,,
1557,Foco LED de 25W,27.0,0.0,,1uki6nRU7Lt2pNH3KY5L_3WZOJLUi566Q,,,,"{""isCatalog"": false}",,,Unidad,,,
1558,Cable multifilar Negro 2.5 mm2 (rollo de 100 metros),390.0,0.0,,1UNRdl41Vx_x5Ob7LTIPKTwwIC6mIGj9n,,,,"{""isCatalog"": false}",,,Unidad,,,
1559,Aguarrás (litro),22.0,0.0,,1uO1PWFalZMFIkdaZAdk7vNKa_fKRJdDA,,,,"{""isCatalog"": false}",,,Unidad,,,
1560,Térmico bipolar 15A,65.0,0.0,,1Up5PslvvmpGpF9txHduP1jkmZBo9Sf4u,,,,"{""isCatalog"": false}",,,Unidad,,,
1561,Estuco (fanega),25.0,0.0,,1Uqt2vTC2TLupLkRLC5Fe0qqRbBTinSBr,,,,"{""isCatalog"": false}",,,Unidad,,,
1562,Foco LED dicroico GU10 BL,25.0,0.0,,1UQtGkZfwXolfTSGuPPymr-0T4r6G8mEN,,,,"{""isCatalog"": false}",,,Unidad,,,
1563,Barniz para madera,1.0,0.0,,1UrGcfvP9BmYAVbUQuU58g9glTTcUapoP,,,,"{""isCatalog"": false}",,,Unidad,,,
1564,"Llave para amoladora de 9""",40.0,0.0,,1uRsairdtaQjxLBxJ-Bb2GrWaT_Kf_VTR,,,,"{""isCatalog"": false}",,,Unidad,,,
1565,Tubo LED 9W cálido (caja 30 pzas),660.0,0.0,,1URZnlLHd107eFGdgjL7w3moQJaHB8ZCT,,,,"{""isCatalog"": false}",,,Unidad,,,
1566,"Cable eléctrico de cobre, 7 hilos, No 14, marca TIGRE (rollo de 100 metros)",385.0,0.0,,1usURULwFrZfvqTU4UBl1_ZzgI9xBQcIA,,,,"{""isCatalog"": false}",,,Unidad,,,
1567,TESTER (TRUPER),185.0,0.0,,1UtLFjbCnN8_H_jzpnI6lAWSLpQwFhVr7,,,,"{""isCatalog"": false}",,,Unidad,,,
1568,"Rollo de cable electrico 7*12, puro cobre Revais (rollo de 100 metros)",680.0,0.0,,1uuJugwEV0X4OloFypPJjzwdIAwIWN-b2,,,,"{""isCatalog"": false}",,,Unidad,,,
1569,Focos E-12 LED filamento vela 8W,25.0,0.0,,1UWbulD-cWfx0LxJtzq2B4Mr4dd4DUUgz,,,,"{""isCatalog"": false}",,,Unidad,,,
1570,Cable canal 10x25,15.0,0.0,,1UwkQjTrLdh1GEssVX3GMoG255sQek-gm,,,,"{""isCatalog"": false}",,,Unidad,,,
1571,"Panel LED 12W cuadrado, 220V, 50/60Hz, luz blanca, sobrepuesto",35.0,0.0,,1UxIUgpcjukuK2Tg9LfptaW9W3sYON8f7,,,,"{""isCatalog"": false}",,,Unidad,,,
1572,Foco LED botellón 50W,65.0,0.0,,1uz_wPqM3gUrHUOy1ToKeElShbuvonPGY,,,,"{""isCatalog"": false}",,,Unidad,,,
1573,"Foco LED, TIPO PANEL, COLOR BLANCO, TENSION 220V 18W, REDONDO",60.0,0.0,,1UZXhMlzOHQIVS3ib4H9J3qf7oyEhbGzm,,,,"{""isCatalog"": false}",,,Unidad,,,
1574,Panel LED 120*30cm luz blanca sobrepuesto,325.0,0.0,,1V-tnqOjbTzmw87hSylWGJ674pCs0byGf,,,,"{""isCatalog"": false}",,,Unidad,,,
1575,"Metro de cable bajo goma de cobre 2*10MM, (equivalente #8)",78.0,0.0,,1v0fKBJJ2i7GjKJPvBw_gLYUdElcwolfn,,,,"{""isCatalog"": false}",,,Unidad,,,
1576,Tasa/inodoro con pedestal y lavamanos,490.0,0.0,Tasa/inodoro con pedestal y lavamanos. Industria Boliviana,1V2i91Vzv_X3nQLAOpLAx-99o2s4ZqmEl,,,,"{""isCatalog"": false}",,,Unidad,,,
1577,Cortapico 6 puertos,39.0,0.0,,1v2yrFU24EuBJjYR-ewwN8iyl_uHqYJFg,,,,"{""isCatalog"": false}",,,Unidad,,,
1578,"CHAPA DIGITAL CON PANTALLA DIGITAL USO DE CONTRASEÑA NUMÉRICA DE TECLADO TÁCTIL PARA SER REGISTRADO, CON TRUCO DE LA PUERTA CON TRES LLAVES DIGITALES.",3800.0,0.0,,1V3VVaeyT-jxhL0UOzb-ixIPa0zUKaNEM,,,,"{""isCatalog"": false}",,,Unidad,,,
1579,Broca #10,35.0,0.0,,1V4l3KJ5xk-mZZdIykha9W6mMR7YeanIw,,,,"{""isCatalog"": false}",,,Unidad,,,
1580,Luminaria Pública de 100W con brazo y sensor,620.0,0.0,,1v4SnyTiLVJQHdw8XAbkcYXMCWsJ86wwh,,,,"{""isCatalog"": false}",,,Unidad,,,
1581,Tornillo y ramplu #6 (1000U),170.0,0.0,,1v4Wsl5DWHvRUyXAHtYHtXYmyWksUgKDL,,,,"{""isCatalog"": false}",,,Unidad,,,
1582,Tubo LED de 18W,19.0,0.0,,1v5wfsug2xjUV6mN72Ei5jpNKq1RidCyR,,,,"{""isCatalog"": false}",,,Unidad,,,
1583,Placas  tomacorrientes de 2 tomas,32.0,0.0,,1V67aUnVwm0R82uV9ZOfUA9pVUYmRiwXC,,,,"{""isCatalog"": false}",,,Unidad,,,
1584,Alargador de 15Mts marca ULTRA,95.0,0.0,,1V6Uk33YVp_JHBL_n4la44XSoqjDeFsLh,,,,"{""isCatalog"": false}",,,Unidad,,,
1585,Caja sobrepuesta para placa eléctrica,10.0,0.0,,1V7R5obZwQe8nKQDFsURThPLJwWoXmgs0,,,,"{""isCatalog"": false}",,,Unidad,,,
1586,FOCOS E-12 LED FILAMENTO VELA 7 W,20.0,0.0,,1V8CmTANwCDkUwQ3QLN_0hd6WvW14kBWS,,,,"{""isCatalog"": false}",,,Unidad,,,
1587,Tubo LED 20W 120cm,28.0,0.0,,1V8J7jm45j6ME1Z_9A16khfhFmIODOLXj,,,,"{""isCatalog"": false}",,,Unidad,,,
1588,Cable bipolar engomado para exterior de 2.5MM 100% cobre,950.0,0.0,,1V98p5kGZxEqLCYu-PElDq7WQu4qBR-W1,,,,"{""isCatalog"": false}",,,Unidad,,,
1589,Pantalla LED de 40W,120.0,0.0,,1vAIybivPjmAq7UOKiWKC_podAyxeXmDH,,,,"{""isCatalog"": false}",,,Unidad,,,
1590,Cortapicos de 6 entradas,70.0,0.0,,1Vbds7B9urD96SMRSWTxpcY3ceRuppiYb,,,,"{""isCatalog"": false}",,,Unidad,,,
1591,Tubo LED 10W,20.0,0.0,,1VBMDpUi8qIFaZLQnIzXw1-jzU9vMiouM,,,,"{""isCatalog"": false}",,,Unidad,,,
1592,Módulo interruptor SICA,15.0,0.0,,1VbmKOuGiBkhDW8Z5KrrZdNBNd6V50fzA,,,,"{""isCatalog"": false}",,,Unidad,,,
1593,Cinta Aislante Blanco,0.0,0.0,,1VckTYgq8dymJ6nWoDoWAiZNI2ua676uN,,,,"{""isCatalog"": false}",,,Unidad,,,
1594,Tomacorriente doble tipo Shucko,40.0,0.0,,1Ve14QGNI3FjG1RWmFWGDAxMABLXmAudT,,,,"{""isCatalog"": false}",,,Unidad,,,
1595,Roseta Simple 1 puerto,19.0,0.0,,1vEPEpA3LnnkWu0k8i5smc8qqFZuXLT2O,,,,"{""isCatalog"": false}",,,Unidad,,,
1596,Alargador de 10 metros 15Amperios,70.0,0.0,,1vFa5ZlMfidKSv8B_wqnh-_3PkrPnq6fY,,,,"{""isCatalog"": false}",,,Unidad,,,
1597,Rollo cordon No 2x18,310.0,0.0,,1VgAs30cY_44TaB2kf6BNaFZDiZ4F9UWE,,,,"{""isCatalog"": false}",,,Unidad,,,
1598,TOMACORRIENTE INDUSTRIAL MACHO DE 32AMP,55.0,0.0,,1vGbaAQA7AQfc8H6f_6zvo_jOErT3Y3sG,,,,"{""isCatalog"": false}",,,Unidad,,,
1599,Panel LED 28*28 cm 24W,65.0,0.0,,1vGL9ETseZKkyT33tHoHRKXi2FrVBPPg1,,,,"{""isCatalog"": false}",,,Unidad,,,
1600,Riel para Spot de 2 metros,60.0,0.0,,1VGwqYCMd_N57eRY-s8-FB-IJ8MBxA0uP,,,,"{""isCatalog"": false}",,,Unidad,,,
1601,Placa tomacorriente doble marca Mr. Tree (Brasil),30.0,0.0,,1vhlIGLCY1dP7Me1WTa6GxCy8diTnUrVi,,,,"{""isCatalog"": false}",,,Unidad,,,
1602,Cinta métrica metálica 5 metros,30.0,0.0,,1vjPOgwhtY1ZfWRnt1GDaLGqksl5L8Z8I,,,,"{""isCatalog"": false}",,,Unidad,,,
1603,Cable 12AWG 7 hilos color blanco (rollo 100mts),0.0,0.0,,1VK06SwVH62w6GtVsTwD_QwscIAwChvNJ,,,,"{""isCatalog"": false}",,,Unidad,,,
1604,Luminaria publica 150W con brazo metálico,750.0,0.0,,1VkgmWaovYnd9Ktr3S0HpDgWqxVCJp9sM,,,,"{""isCatalog"": false}",,,Unidad,,,
1605,Pantallas Led 60w (60x60cm),280.0,0.0,,1VkJssebKj-UvVd98frQjXW_3S80nLxU2,,,,"{""isCatalog"": false}",,,Unidad,,,
1606,Cable UTP CAT5E para exterior con mensajero,820.0,0.0,,1vky5iCgWgSNQvgtFmAu7xzFEbh0IGMEG,,,,"{""isCatalog"": false}",,,Unidad,,,
1607,Placa sobre puesto,35.0,0.0,Placa tomacorriente doble marca Osmar con caja sobrepuesta plástica,1vL6llYLevsNyLa4dXZ-ngj0iVCYbRO1u,,,,"{""isCatalog"": false}",,,Unidad,,,
1608,Cable de poder,20.0,0.0,,1vLnv-GuGQH34gFF0cmwKQy2MkNSnU3MY,,,,"{""isCatalog"": false}",,,Unidad,,,
1609,Cinta Aislante Negro,14.0,0.0,,1Vm-qqSYmkMPrUabEi8ySIvwQ-MSAETiK,,,,"{""isCatalog"": false}",,,Unidad,,,
1610,Cable cordón 2*16 rollo de 100 metros,850.0,0.0,,1vm8JoRlF_yKf5d1oKqfGrwhtsRnICcl5,,,,"{""isCatalog"": false}",,,Unidad,,,
1611,CLAVIJA TIPO SHUKO 16 AMP IP44,45.0,0.0,,1vmJedRODs3BNLKIs7UP-TruvXrYxfQdz,,,,"{""isCatalog"": false}",,,Unidad,,,
1612,Alargador de corriente 30M,180.0,0.0,,1VMr1MJW1nq0e3maMJhA0C41n_b8BpYDr,,,,"{""isCatalog"": false}",,,Unidad,,,
1613,"Tornillo encarne 1"" (caja 1000U)",192.0,0.0,,1vomd5QxD6QzjAGw8dtrHD6X739m_ORV8,,,,"{""isCatalog"": false}",,,Unidad,,,
1614,Interruptor doble Osmar,48.0,0.0,,1vOoCBikHjlKm7TmsB8mBTd_LoA3OtWoX,,,,"{""isCatalog"": false}",,,Unidad,,,
1615,Conversor RS 232 a USB,185.0,0.0,,1VoQUE12o7CrzRo6hKoJwnrJRRvTtubDA,,,,"{""isCatalog"": false}",,,Unidad,,,
1616,Cableducto 20x10,14.0,0.0,,1VP3fwfN3tRMvkDBbUO1jsHE9RD4GuM9F,,,,"{""isCatalog"": false}",,,Unidad,,,
1617,Cable UTP CAT 5  para internet (caja de 305mts),450.0,0.0,,1VppltO0KEwjrWgcv0XS7cnRjJkFsb5t7,,,,"{""isCatalog"": false}",,,Unidad,,,
1618,Placa triple /interruptor/tomacorriente SICA,39.0,0.0,,1vqk10itcUtHZYJEdI1Y9-XUyIBx82rfb,,,,"{""isCatalog"": false}",,,Unidad,,,
1619,Grifo de 3/4,50.0,0.0,,1vR4p7XmLzU5zA5H_usfi6rqYDqvMMlki,,,,"{""isCatalog"": false}",,,Unidad,,,
1620,Estaño para soldar,1.0,0.0,,1VRkyvmlyTdxPR8CJpZmFTwRlv8ZnP607,,,,"{""isCatalog"": false}",,,Unidad,,,
1621,Perfil montante estructura metálico 69mm x 35mm de margo 3mts,20.0,0.0,,1vRNoaCtNgFFnjIMQPUjCJ9W9rOqSMOgf,,,,"{""isCatalog"": false}",,,Unidad,,,
1622,Grifo para exterior,70.0,0.0,,1VrPxVHbKiJ91pMHH8yYLEYk5WBl9Kq5a,,,,"{""isCatalog"": false}",,,Unidad,,,
1623,Cable 7x12 negro (rollo 100mts),0.0,0.0,,1VsOLuDVNLG51nkKxdZyU4gKua2vyDLDB,,,,"{""isCatalog"": false}",,,Unidad,,,
1624,Reactancia de 40W 220V marca ELT (España),22.0,0.0,,1vsWcKYtRWEEFg2xbCsCgJpiSfHgpVj5p,,,,"{""isCatalog"": false}",,,Unidad,,,
1625,Luminaria Pública de 150W con fotocelula,650.0,0.0,,1Vsyg_H3ywuR20jWW5gTyqE9_8B-tGP0b,,,,"{""isCatalog"": false}",,,Unidad,,,
1626,Adaptador simple,15.0,0.0,,1VT0G6Kiu1dAymJqIxE6FVG1njV7KPHW-,,,,"{""isCatalog"": false}",,,Unidad,,,
1627,Tubo fluorescente 20W 220V,20.0,0.0,,1VTaNFqM1Y9Neaymy29J2CR_FgFnelZ1U,,,,"{""isCatalog"": false}",,,Unidad,,,
1628,Enchufe tipo L,20.0,0.0,,1vth_4Vxg-L9wjspw520gTA-UpgmKAIW0,,,,"{""isCatalog"": false}",,,Unidad,,,
1629,RJ45 CAT6 (CAJA DE 100U),380.0,0.0,,1VtiQLnbYn46DcClVVFdLGEwM99fXG1RY,,,,"{""isCatalog"": false}",,,Unidad,,,
1630,Focos LED de 50W IP:66 (colores),150.0,0.0,,1vtX8qwLRVuLiKuwOrcQXJto3wgAbnl4A,,,,"{""isCatalog"": false}",,,Unidad,,,
1631,Tomacorriente en placa doble de 15Amp,45.0,0.0,,1VuwPndx3MZhh255Sh9391Y7GJM1l3T8j,,,,"{""isCatalog"": false}",,,Unidad,,,
1632,Cable UTP Cat 6 para interiores,495.0,0.0,Cable UTP CAT6 para interiores caja de 305mts,1vwd7tNEuOgqFCXHgq0ullG6-asAbecrt,,,,"{""isCatalog"": false}",,,Unidad,,,
1633,Tomacorriente doble de pared,40.0,0.0,,1vwe45Fh5SM5pNr52Ptt33AgTQFUYm-L7,,,,"{""isCatalog"": false}",,,Unidad,,,
1634,Dicroicos LED,18.0,0.0,,1vX8Xvxvy8vPtkSbjVUYy_VdOjYuA_fe1,,,,"{""isCatalog"": false}",,,Unidad,,,
1635,Conector RJ11,2.0,0.0,,1VxTWv0eWJqh_dHCx8AuUpdZO9A7zXIBP,,,,"{""isCatalog"": false}",,,Unidad,,,
1636,Tubo negro fluorescente 40W con canoa 1X36/40W,150.0,0.0,,1vZkGWHPqWquYjfEPir6ee7v2EohOvqiu,,,,"{""isCatalog"": false}",,,Unidad,,,
1637,Tubo LED 9W D&P,17.0,0.0,,1VzoVTamwU99XYviaBIcBFpy7sJpdrBwH,,,,"{""isCatalog"": false}",,,Unidad,,,
1638,"CLAVO DE 3/4"" BSA DE 1 KGR",35.0,0.0,,1W-mxCalAbpsXIRGN4zLyTkLwhLXuxyHw,,,,"{""isCatalog"": false}",,,Unidad,,,
1639,Brilla metal de 70 gramos BRASSO,0.0,0.0,,1w1iNM9DAU5F640ANzNQPrA2fU4xfhRUZ,,,,"{""isCatalog"": false}",,,Unidad,,,
1640,Soquet tipo plano,10.0,0.0,,1w2oJ7_rT6guUGJrbfaMaVlpaV8kHGp72,,,,"{""isCatalog"": false}",,,Unidad,,,
1641,Foco botellón de 18W,25.0,0.0,,1W2QVEyeNxK68URUv6BkePAsgUwW1D_so,,,,"{""isCatalog"": false}",,,Unidad,,,
1642,Caja para térmico T8 (4 termicos bipolares),60.0,0.0,,1w60c8U1HffnNabzZ2wzV6BebdxHzn1ba,,,,"{""isCatalog"": false}",,,Unidad,,,
1643,Alambre de amarre (kilo),20.0,0.0,,1w96xyH03Vc_UWF6WSpdCFvi8ukBeBbou,,,,"{""isCatalog"": false}",,,Unidad,,,
1644,Broca N°6 pars concreto,15.0,0.0,,1W9iI0IkJnNci0fGBLOSPzudorgwhKOkg,,,,"{""isCatalog"": false}",,,Unidad,,,
1645,Cable de cobre bajo goma 2*2.5mm (rollo de 100m),950.0,0.0,,1Wa41IwZtZgirfncgBT6y6yWVVy9WdRqT,,,,"{""isCatalog"": false}",,,Unidad,,,
1646,Cable de cobre 7 hilos #8 (Rollo 100 metros),2400.0,0.0,,1waJA7yzdgu79tg0KFzJQVZlA_sVhciuo,,,,"{""isCatalog"": false}",,,Unidad,,,
1647,Placa interruptor doble SICA,45.0,0.0,,1WAo3hCW3mzVoxwplRXjuJGciTPW93HO2,,,,"{""isCatalog"": false}",,,Unidad,,,
1648,Cable de cobre AWG de 7 hilos N°14 (rollo de 100mts),850.0,0.0,,1waxJ38UJJZyDxEQq1NHAVE232T-9tuYq,,,,"{""isCatalog"": false}",,,Unidad,,,
1649,"Cable cordón bipolar blanco de cobre No 12, marca Cablesol",575.0,0.0,,1WB0wTiNB6APh91ZtGsY7u3ii44-8hRJt,,,,"{""isCatalog"": false}",,,Unidad,,,
1650,"Reflector LED 200W IP66, AC220, 50/60Hz, Booniga",280.0,0.0,,1wBRj3Uihb1P3yydScrwgPAclSRspOc91,,,,"{""isCatalog"": false}",,,Unidad,,,
1651,Cunta Vulcanizante,95.0,0.0,,1WCEJ5wO3A_bNmzLx9iBowV0i8aDRAfx_,,,,"{""isCatalog"": false}",,,Unidad,,,
1652,Tubo LED 60cm 15W,20.0,0.0,,1WcIDB2a8TIFQ7AdU2H7u_kPhJL76rJHC,,,,"{""isCatalog"": false}",,,Unidad,,,
1653,Destellador rollo,210.0,0.0,,1WCyjGOuniX8pwaAqZqo1vIJ1P1aLfQZi,,,,"{""isCatalog"": false}",,,Unidad,,,
1654,Pintura anticorrosiva color caoba mate/guindo (balde 18L),1580.0,0.0,,1WdxciUV4GaP-9UWxijPuR1ztQ5b0iuuw,,,,"{""isCatalog"": false}",,,Unidad,,,
1655,Panel LED 24W,65.0,0.0,,1weflBqavQjixPeawHqAFb8U3HWtw-P_S,,,,"{""isCatalog"": false}",,,Unidad,,,
1656,Panel LED de 18W de sobreponer,55.0,0.0,,1wEU9-aAsyKh56odpLrIvEFWh8VOqUbdF,,,,"{""isCatalog"": false}",,,Unidad,,,
1657,Ignitor Universal 70-400W,65.0,0.0,Ignitor Universal 70-400W,1wF6WWm9HjVeiNfswHRk6qkUt8q9H78S4,,,,"{""isCatalog"": false}",,,Unidad,,,
1658,Par de guantes de cuero de trabajo (primera),35.0,0.0,,1WfzdeYU7NlwDgaXTLC6_GaLkLAHdOwbH,,,,"{""isCatalog"": false}",,,Unidad,,,
1659,Interruptor simple Mr Three color Negro Mate,32.0,0.0,,1wG81-QPW5ZtMTPD3DeH8gEg7zMb0DTuu,,,,"{""isCatalog"": false}",,,Unidad,,,
1660,Termicos de 32A,45.0,0.0,,1wGQWpoaSORz26r9N8gxtS-rf5hhl4hEi,,,,"{""isCatalog"": false}",,,Unidad,,,
1661,Interruptor diferencial 32A,190.0,0.0,,1whOQAtVuoHCUCwhqbZ6c0Wi9PAqZO2Ym,,,,"{""isCatalog"": false}",,,Unidad,,,
1662,Sierra mecánica en hoja,29.0,0.0,,1WhUk1G-1H-89aDCPiKZL36lIRIWhx6eL,,,,"{""isCatalog"": false}",,,Unidad,,,
1663,Linterna de minería Chalimex grande,590.0,0.0,,1wjHyTj2XONjp3-ynx7QvwqIc-4i9uIxZ,,,,"{""isCatalog"": false}",,,Unidad,,,
1664,Metro Cable Bipolar Tigre #14,9.0,0.0,,1Wkjzzi_lplzwZ-mqgE7iZPWduI4jIABv,,,,"{""isCatalog"": false}",,,Unidad,,,
1665,Batería 3V CR2032,10.0,0.0,,1wKLZmxpAVabRDHbvUrnqNHO17KMfbu3s,,,,"{""isCatalog"": false}",,,Unidad,,,
1666,"Reflector LED de 810W, luz blanca, para exterior",1150.0,0.0,,1wLJZMAJSpv4DM0uoc8tgRWkAdopydAcv,,,,"{""isCatalog"": false}",,,Unidad,,,
1667,"Interruptor doble, Mr Three",38.0,0.0,,1WlT6aZIGIHT8xlt-L4NFF29_WZaPv9v6,,,,"{""isCatalog"": false}",,,Unidad,,,
1668,Carrete de estaño,120.0,0.0,,1WM0csymh5goeIQrxR_JWC-wYItdYtQuK,,,,"{""isCatalog"": false}",,,Unidad,,,
1669,Enchufe sobrepuesto NEMA color crema 20Amp,45.0,0.0,,1wm9H4KmMwO3O7z0N5YTZHLCnC0_wXf9E,,,,"{""isCatalog"": false}",,,Unidad,,,
1670,Cinta Aislante grande 3M 20Y,14.0,0.0,,1WNgAYuSLI2m8ATshdyuR_V5wk4BOCP5_,,,,"{""isCatalog"": false}",,,Unidad,,,
1671,"Pantalla LED cuadrada 60*60 - 48W Blanca, Marca LENTELUX - INDUSTRIA BRASIL",192.0,0.0,,1WO_ExkThqVp3a1ukbkO4BYqf0N9CD4LO,,,,"{""isCatalog"": false}",,,Unidad,,,
1672,Clavija Plana 15Amp,10.0,0.0,,1wog1SV9pQK0PRXwsUZhc8BvjvDsfp4Ol,,,,"{""isCatalog"": false}",,,Unidad,,,
1673,Compresora SCHULZ 200L 3HP,13950.0,0.0,,1wohNgl5WpbiNN9zwAtTseC5i48lJjoPL,,,,"{""isCatalog"": false}",,,Unidad,,,
1674,Chapa cuadrada,15.0,0.0,,1woyyA8JXZsDDfsFcJ23qUEXXSwtM1Tcm,,,,"{""isCatalog"": false}",,,Unidad,,,
1675,Enchufe Shucko con placa tomacorriente,48.0,0.0,,1Wp_zHImyYSHDkbcjEAz2-WAkPpOgpROD,,,,"{""isCatalog"": false}",,,Unidad,,,
1676,Reflector LED 30W marca BOONIGA,95.0,0.0,,1WQ_qfXuU-qtQafssYx33P6qj8RIP8XSs,,,,"{""isCatalog"": false}",,,Unidad,,,
1677,Chaoa de perilla YALE,150.0,0.0,,1wqcovT7MRtU8VluUTASuczhoStAqbxcm,,,,"{""isCatalog"": false}",,,Unidad,,,
1678,Conectores RJ45 (100U),250.0,0.0,,1WsaExH1pfh_r0074W9gmT981rD-CNUBw,,,,"{""isCatalog"": false}",,,Unidad,,,
1679,"Lampara tubo fluorescente 18W, 60cm",18.0,0.0,,1wsCVErirEMcTzJfR6q0FifB9s-cxwh6l,,,,"{""isCatalog"": false}",,,Unidad,,,
1680,Canoa para LED 1.2m,28.0,0.0,,1WSFYZGaz8z9Z6lblf8bZc8EsaXDwkGT2,,,,"{""isCatalog"": false}",,,Unidad,,,
1681,Aplique LED p/exterior tipo tortuga 18W,78.0,0.0,,1wSiyUkOrrYO4Dq8aHIjXilAsCHJ3f7hM,,,,"{""isCatalog"": false}",,,Unidad,,,
1682,Rollo cable bipolar N°10 Tigre,1300.0,0.0,,1WSlTdUypnXXSGCxUYLQKD-qbNjhTutqV,,,,"{""isCatalog"": false}",,,Unidad,,,
1683,Tubo LED 1.2M luz blanca transparente,25.0,0.0,,1WtBW3NQYY0npUuk1E-ce9GvQwOECSrZ-,,,,"{""isCatalog"": false}",,,Unidad,,,
1684,Rollo Cable engomado para exteriores 2.5mm (Eq.#14),790.0,0.0,,1wTcN2CNJJbR_IvhRAz_fzoHu4EvXeO8h,,,,"{""isCatalog"": false}",,,Unidad,,,
1685,Cinta Teflón de 3/4,3.5,0.0,,1wtHOR45Lr8u8s5Q_vnSB9TkQ4gZ8FTUJ,,,,"{""isCatalog"": false}",,,Unidad,,,
1686,Botines con punta de acero,350.0,0.0,,1wTzSnrEuknj8oqx1VSsbdUPSlzrA0lxM,,,,"{""isCatalog"": false}",,,Unidad,,,
1687,Foco LED de 7W,10.0,0.0,,1wuI2HLbZtYFpsyXttIVmrtqLizJwLJoS,,,,"{""isCatalog"": false}",,,Unidad,,,
1688,Cable #12,680.0,0.0,,1wvDNARRcO5uYKn2RS1EyG_1ccADCBpoO,,,,"{""isCatalog"": false}",,,Unidad,,,
1689,Tomacorriente doble sobrepuesto,20.0,0.0,,1wWauws5PEYntgHiGg8OedJrYS6eEnrZH,,,,"{""isCatalog"": false}",,,Unidad,,,
1690,Tomacorriente,25.0,0.0,"Doble para pared
Material PVC
Marca Osmar",1WWk8AJJSeBt-_LOxp-jle4BxJinZk3Ea,,,,"{""isCatalog"": false}",,,Unidad,,,
1691,Térmico bipolar 2*63,45.0,0.0,,1wYajJJl3zcynOAFVf2eboiXACl46WA18,,,,"{""isCatalog"": false}",,,Unidad,,,
1692,Tasa/inodoro con tanque,380.0,0.0,Tasa/inodoro con tanque. Industria Boliviana,1wzVa5E5cnLYVXc6-kOBLLXwRbTJHmKHz,,,,"{""isCatalog"": false}",,,Unidad,,,
1693,Interruptor triple en placa,35.0,0.0,,1wzvYf6xcxJ9NMcHgiF6RbT7fl4nUnWCd,,,,"{""isCatalog"": false}",,,Unidad,,,
1694,Condensador de 13 microfaradios,60.0,0.0,,1X_qwTBSqSTVAjSU09EVsFUz5uqPfzbQi,,,,"{""isCatalog"": false}",,,Unidad,,,
1695,Clavija,12.0,0.0,,1X_zxh3Kf6udAQvK_r36-Nnxbra8YGMxi,,,,"{""isCatalog"": false}",Material Eléctrico,Clavijas,Unidad,,,
1696,Paquete cinta aislante 3M (10 unidades),145.0,0.0,,1x-DatdH44BQA9VJ6L-06yfEcRzdI3v0v,,,,"{""isCatalog"": false}",,,Unidad,,,
1697,Bateria recargable de 9V,125.0,0.0,,1X1D36c6rcUNTWkFa1WM3Sh6Cjf3W93aH,,,,"{""isCatalog"": false}",,,Unidad,,,
1698,Cable cordón No.2 X 22 (metro),3.5,0.0,,1x1IYEo_ALZeCUob-HmFOtIZqjvvZQpxK,,,,"{""isCatalog"": false}",,,Unidad,,,
1699,Tomacorriente doble sobrepuesto c/linea a tierra nema 10Amp,15.0,0.0,,1x1ROhcfLN-iU3vCzdE6dq2RrF1_Q2HKH,,,,"{""isCatalog"": false}",,,Unidad,,,
1700,Tornillos hexagonales de encarne N°10,1.1,0.0,"5/16 x 2""",1x4gHUzjwjAbC90yaXn3mYE0SUlEIeNJu,,,,"{""isCatalog"": false}",,,Unidad,,,
1701,Pantalla LED redonda 15cm 12W sobrepuesto,30.0,0.0,,1x4maQnk_13k_0CohpcTq8qXMCvsUXk-4,,,,"{""isCatalog"": false}",,,Unidad,,,
1702,Regleta de energia eléctrica tipo plano/redondo,20.0,0.0,Regleta electrica para tipo plano/redondo,1X5_IZ0rtNx-o412neVaCz7rpysGBwdwn,,,,"{""isCatalog"": false}",,,Unidad,,,
1703,Cable tipo alambre de 7 hilos N°12,850.0,0.0,,1x5IILEGiyeYCtDzL3uFYQ2Xapx5dibYd,,,,"{""isCatalog"": false}",,,Unidad,,,
1704,TERMICOS BIPOLARES 32 AMP,50.0,0.0,,1x6nu5A9tV80ea23ukG8nxsCB2tO4Rohy,,,,"{""isCatalog"": false}",,,Unidad,,,
1705,Tomacorriente sobrepuesto triple nema 25Amp,80.0,0.0,,1X7dxK5lEdpqlqUaioLoFWfWKTuIENIMg,,,,"{""isCatalog"": false}",,,Unidad,,,
1706,Térmico monopolar 40 amperios,30.0,0.0,,1x7tDu-7RrKIxXA0S0oixaMzSkXHbJkuq,,,,"{""isCatalog"": false}",,,Unidad,,,
1707,BOLSA RAMPLU #8 IV PLAST (BOLSA DE 1000u),90.0,0.0,,1X8mXuHkletC931_-ga68oTVPyGBI4jse,,,,"{""isCatalog"": false}",,,Unidad,,,
1708,Guirnalda de 5 metros ( 10 soquets),170.0,0.0,,1X9EcnSOCS9KGKio7-0CEPSWwwRK44OXS,,,,"{""isCatalog"": false}",,,Unidad,,,
1709,Panel LED Negro 12W sobrepuesto,65.0,0.0,,1xaitwt6Bp1JY2s1pJ1omAr3ma5oiyj2q,,,,"{""isCatalog"": false}",,,Unidad,,,
1710,DETECTOR DE ENERGÍA ELÉCTRICA (UNI-T),95.0,0.0,,1XAr3H_KnL_Ckq8Ob0gI9UOKvXgFar5Q4,,,,,,,Unidad,,,
1711,Ramplu #8,0.3,0.0,,1xAU4R-7EVVYPteP2dB1aaKgBSjXMajJq,,,,"{""isCatalog"": false}",,,Unidad,,,
1712,Balastro/reactancia electrónica 2*40,72.0,0.0,,1xAzrtupp6ZeVHwP2XGFSTdJhvuMIA6xw,,,,"{""isCatalog"": false}",,,Unidad,,,
1713,Pila AAA recargable (paquete 4 pilas con cargador doble),185.0,0.0,,1XbulncqUkKhHfx_pA_301jNtJZ4uun0m,,,,"{""isCatalog"": false}",,,Unidad,,,
1714,Plafón de SPUTNIK 6 focos,780.0,0.0,,1XcAOSCRXpRK0Y2XDDyWDwISd8IrfSe_T,,,,"{""isCatalog"": false}",,,Unidad,,,
1715,Cinta Aislante 20Y Million,14.0,0.0,Cinta aislante 20Y Million 3/4,1xdMXVdXTpo9Dd2TbJs7hBqz8VwA5tE16,,,,"{""isCatalog"": false}",,,Unidad,,,
1716,Focos led de 12W,17.0,0.0,,1xefLvhkJbmYPRDWx7HRwi-oXOSG1kA3O,,,,"{""isCatalog"": false}",,,Unidad,,,
1717,"Disco de corte madera de 7""",50.0,0.0,,1XeTk7Qfq8hnk4a_Vb9uux-Q4uMQXFEGo,,,,"{""isCatalog"": false}",,,Unidad,,,
1718,Spot LED 7W luz cálida,30.0,0.0,,1XEwJcUP_rKiPBI1tBJu1R6P6wCH4Duvw,,,,"{""isCatalog"": false}",,,Unidad,,,
1719,Tubo LED 20W 120cm luz blanca,25.0,0.0,,1XF0UdTsIPSgqaZ2O9hQoBO3e-rkaj7Rv,,,,"{""isCatalog"": false}",,,Unidad,,,
1720,Placa de Drywall de largo 2.40 Metros Ancho 1.20metros espesor 10mm,40.0,0.0,,1xfeCMsR7VoCjJTaby5vPtIJGpzlykt9H,,,,"{""isCatalog"": false}",,,Unidad,,,
1721,Panel LED tipo torta sobrepuesto 36W redondo,185.0,0.0,,1XFrjkaKhvQIaQ2FhjMR0ftGVxWJdxkAh,,,,"{""isCatalog"": false}",,,Unidad,,,
1722,Panel LED empotrado 12W cálido,34.0,0.0,,1xGDh7RXKO3PokNUEcnhPFl_U6dYZ0zod,,,,"{""isCatalog"": false}",,,Unidad,,,
1723,Cable UTP CAT 6 marca ASBELL cobre puro (caja de 305Mts),1850.0,0.0,,1XgRjd3A8jz0zEh0Ic77oCo7iKNa0iqwe,,,,"{""isCatalog"": false}",,,Unidad,,,
1724,Termocontraible 16 mm,20.0,0.0,,1xH-Ev02xKaOQbdImoPBeb8hhvmeSIg11,,,,"{""isCatalog"": false}",,,Unidad,,,
1725,Pintura anticorrosiva color gris (balde 18L),1490.0,0.0,,1xh1QLEyzpYkhdGeY6KWNstfgbVGDtWlr,,,,"{""isCatalog"": false}",,,Unidad,,,
1726,Termico 16A bipolar,55.0,0.0,,1XHa67Q-pflE-t6lrtzWPVhNmidFQKk4y,,,,"{""isCatalog"": false}",,,Unidad,,,
1727,Termico unipolar de 20A marca CAMSCO (Japón),35.0,0.0,,1xiS7er8pM3f03gq1DZI43FjKQWcsCV-9,,,,"{""isCatalog"": false}",,,Unidad,,,
1728,Tubo led con base de tipo T8 de 120cm,70.0,0.0,,1xjBraMz8DbwS-jtrFjhDOj_UmyDJOIHM,,,,"{""isCatalog"": false}",,,Unidad,,,
1729,CHICOTILLO ENGOMADO DE 40CM,58.0,0.0,,1xjTaqNKvWsbv4VsANMt3piQUC9j8nT23,,,,"{""isCatalog"": false}",,,Unidad,,,
1730,Cable N°12 de 7 hilos Tigre (rollo de 100 metros),720.0,0.0,,1XjW1VtGMDhidJrMpUnU65EzVZoLACnoX,,,,"{""isCatalog"": false}",,,Unidad,,,
1731,Cablecanal con adhesivo 20*10,8.0,0.0,,1XLzMhgHR1bAg3UsN3GWfzqME8xb7VTaG,,,,"{""isCatalog"": false}",,,Unidad,,,
1732,Pantalla LED 60*60 empotrable,190.0,0.0,,1XMy2cnc7l0wegmWVGBcqQq38Q2YymPR9,,,,"{""isCatalog"": false}",,,Unidad,,,
1733,Termico bipolar de 32Amp marca EATON,125.0,0.0,,1XMy57y03kfy2vrpy5jU_cxGfYhT9F6Bu,,,,"{""isCatalog"": false}",,,Unidad,,,
1734,Regleta industrial 25Amp ULTRA,110.0,0.0,,1xNIA3c3Izus0T41q2225obwjL84S72CQ,,,,"{""isCatalog"": false}",,,Unidad,,,
1735,Chapa Forte 840,520.0,0.0,,1xnUUgDkvclPVQBCT8JDLtsNGHI8K-co7,,,,"{""isCatalog"": false}",,,Unidad,,,
1736,"Foco LED 18W, tipo bombilla, rosca universal E27, luz blanca, 100-240V, luz blanca",19.0,0.0,,1Xo8gCnQAqtQ0fpLpKvwzwQvz6WI01xh5,,,,"{""isCatalog"": false}",,,Unidad,,,
1737,Termomagnetico bipolar de 40A,45.0,0.0,,1xoshuqFF6JKi2BmI3sfpo5IoZgRhYZgt,,,,"{""isCatalog"": false}",,,Unidad,,,
1738,Tubo LED integrado 36W 220V,70.0,0.0,,1xp6NojPlmwLCQn1vpBVhb3yoGq_UvQu2,,,,"{""isCatalog"": false}",,,Unidad,,,
1739,Foco ahorrador LED,13.0,0.0,"Led de 9W 
Marca FSL o similar",1Xpiah6vQbPDXKv4D_4xr7XgxdjkrMQ6S,,,,"{""isCatalog"": false}",,,Unidad,,,
1740,Driver para LED 60W,68.0,0.0,,1XqC2q7vsO8__76_iUKsaizo_4mmsJ2Zx,,,,"{""isCatalog"": false}",,,Unidad,,,
1741,Tiner,30.0,0.0,,1XqkG-cWmAVoSN3TMqG7RgDzrMR9vlNdS,,,,"{""isCatalog"": false}",,,Unidad,,,
1742,Caja de distribucion 30*20,40.0,0.0,,1XqmhOmmwSmi9Sm08UNbrta5seFxhZFTS,,,,"{""isCatalog"": false}",,,Unidad,,,
1743,Placa simple interruptor/tomacorriente SICA,28.0,0.0,,1XQmy2EngHwZdCAgBaI3Ehusc4OXclxAq,,,,"{""isCatalog"": false}",,,Unidad,,,
1744,Cable tipo alambre 7 hilos N°14,390.0,0.0,,1XraAEilOamlZ4wXvUw9vUn91PVBNZ7ZZ,,,,"{""isCatalog"": false}",,,Unidad,,,
1745,"Reflector LED 200W plano, IP66, AC220, 50/60Hz, Booniga",280.0,0.0,,1xS5jXsbNNNY84NauDFuq5vvWzv5ETE-e,,,,"{""isCatalog"": false}",,,Unidad,,,
1746,Broca #10 concreto,35.0,0.0,,1XTigJ-9ztDRmUGgebzMEJOW5puD1MJh5,,,,"{""isCatalog"": false}",,,Unidad,,,
1747,Clavijas electricas,12.0,0.0,Clavijas electricas ind. Brasilera,1xTNl1NifOQYDu2aSlJWEaEySOMIHMOwk,,,,"{""isCatalog"": false}",,,Unidad,,,
1748,Pila recargable AAA,41.0,0.0,,1XtTgWP6ssr58dwnbeqcovA6xQbFuR2A9,,,,"{""isCatalog"": false}",,,Unidad,,,
1749,Paneles LED tipo torta,78.0,0.0,,1XtTZkR1DKBW2TVNVh4KOMZg00YLSm0Hi,,,,"{""isCatalog"": false}",,,Unidad,,,
1750,PANEL LED DE 60X60 DE 220 VOLT 60 WTTS,260.0,0.0,,1XuN-7g9WHyGIFd-Lf2EIhyOjetiKAiIa,,,,"{""isCatalog"": false}",,,Unidad,,,
1751,Cinta Led de 220 voltios de doble fila (metro),25.0,0.0,,1XvgldrzUD2otkTo8SnSIrcTKWaYZ0nNl,,,,"{""isCatalog"": false}",,,Unidad,,,
1752,Teflon,5.0,0.0,,1xVUkquDh1JZEw1hF6Oh-BWpla8Ja1xfX,,,,"{""isCatalog"": false}",,,Unidad,,,
1753,Varilla roscada de 5MM Dde 1 metro de largo,22.0,0.0,,1xwF5fwBE_756ylPaCNZZvgI1jnkq8Oa7,,,,"{""isCatalog"": false}",,,Unidad,,,
1754,Foco rosca LED 10w,12.0,0.0,,1xWvQYwNOc-wKKqJsaGCFRbTYSg8oMOj8,,,,"{""isCatalog"": false}",,,Unidad,,,
1755,Tapa ciega plastica rectangular (Bolivia),2.0,0.0,,1XxjRAp1TzcYYu-BJo8LGKDPC7KPuGhk2,,,,"{""isCatalog"": false}",,,Unidad,,,
1756,Tomacorriente nema doble,14.0,0.0,,1XXLRQmVAkBBlesy3sQ7KpcfixnxHPy7a,,,,"{""isCatalog"": false}",,,Unidad,,,
1757,"Cable bipolar #18, multifilar de cobre, marca Tigre",397.0,0.0,,1XXRo-vB8BM7178SQMe-bxgD5rlPtzLK2,,,,"{""isCatalog"": false}",,,Unidad,,,
1758,"Grifo llave final para pila de 1/2""",75.0,0.0,,1xXSakStpS-s8c0bjblTQUcEnSoPKXhe3,,,,"{""isCatalog"": false}",,,Unidad,,,
1759,Alambre aislado de cobre N° 12 (de 1 hebra) METRO,13.0,0.0,,1Xy1jCFpVp3bMOP9VbZdW6Zh7DVUCunMG,,,,"{""isCatalog"": false}",,,Unidad,,,
1760,Fuente de 12V generico,80.0,0.0,,1XY5NHEYMGctegt7bcj6OxmDHjzV0-RLc,,,,"{""isCatalog"": false}",,,Unidad,,,
1761,Panel LED 18W para empotrar,42.0,0.0,,1Xy6eosYnGiPNau4mjfSFzEWeyjcQZHFq,,,,"{""isCatalog"": false}",,,Unidad,,,
1762,Driver para LED 24W,25.0,0.0,,1XyA83skKwpBTm2XH1bye7HNnGCQE-MV2,,,,"{""isCatalog"": false}",,,Unidad,,,
1763,Placa tomacorriente tipo nema doble,35.0,0.0,,1Xyi53KurpMw231UdLHf8GgDLt1EcmOKu,,,,"{""isCatalog"": false}",,,Unidad,,,
1764,Cable bipolar #12 tigre,1650.0,0.0,,1xzI7fu06a7xyzOeu13lsd7I7JS_uPCLC,,,,"{""isCatalog"": false}",,,Unidad,,,
1765,Cable UTP cat5 100% cobre 24awg para exterior,850.0,0.0,,1XzwfMSiaihSyPAmT9R_uk0qO1ssi4V2h,,,,"{""isCatalog"": false}",,,Unidad,,,
1766,Foco tipo botellon 28W,32.0,0.0,,1y-yDZz8OoLNcYxQVg2At607zfAFRa5E7,,,,"{""isCatalog"": false}",,,Unidad,,,
1767,"Cable de cobre 7 hilos #14 marca Tigre, Negro (Rollo 100 metros)",590.0,0.0,,1Y0GuF_OBMGllBRZRdfbIih9UBq97HEZ-,,,,"{""isCatalog"": false}",,,Unidad,,,
1768,"Reflector LED 200W plomo, semi industrial, IP66 para interperie, AC220, 50/60Hz, Luz Blanca 6500K",320.0,0.0,,1Y2-k6n3s02xgXdAgdE0wA0lKC1PSVChd,,,,"{""isCatalog"": false}",,,Unidad,,,
1769,"Pantalla cuadrada 60*60, 60W",230.0,0.0,,1Y2P_5OtMWMfnujGNS9Aaakri3qAMW7co,,,,"{""isCatalog"": false}",,,Unidad,,,
1770,Regleta bornera en barra 6 pares,18.0,0.0,,1y69Ml11YAi18YJH8swHzTZXlfYG7GmQ0,,,,"{""isCatalog"": false}",,,Unidad,,,
1771,Canoa doble p/dos tubos LED 120cm,35.0,0.0,,1yb5fJ4FCkVUoab7CLCo8PAai_hetE-RQ,,,,"{""isCatalog"": false}",,,Unidad,,,
1772,Tornillo 6 (500U),115.0,0.0,,1ybgOd2lLXIC5a5GU5qKaV0GhQxiOkVY2,,,,"{""isCatalog"": false}",,,Unidad,,,
1773,Foco LED de 9W,14.0,0.0,,1yBKZpOsnB2SNxoS9pvC9gdh4EYMuiEiM,,,,"{""isCatalog"": false}",,,Unidad,,,
1774,Rack Tipo Carrete de 1 via con aisladores tipo carrete,55.0,0.0,,1YBPs4x8LmrvgTwpGClPOUDYTRk2oDV-8,,,,"{""isCatalog"": false}",,,Unidad,,,
1775,Rollo de 100 Mt de cable cordón 2x10 AWG cobre TIGRE,3780.0,0.0,,1YC2nzY_ZQSW91vaif_NeOXSL6HU6j8QL,,,,"{""isCatalog"": false}",,,Unidad,,,
1776,Pula Duracell AAA,10.0,0.0,,1yD19PH2bmiGIHL0GQk7J5ayQKRJ9Y9Zn,,,,"{""isCatalog"": false}",,,Unidad,,,
1777,Reflector con halógeno de 500W,82.0,0.0,,1yD8_WwP7V9mTMOBDq0rq-ix_Z-AqYjfs,,,,"{""isCatalog"": false}",,,Unidad,,,
1778,Enchufe doble de empotrar,26.0,0.0,,1ydF2hiHllEQZ_-EIuMLfDpIiGNB9zyNH,,,,"{""isCatalog"": false}",,,Unidad,,,
1779,Cajas De sobreponer,15.0,0.0,,1ydLZD1IFHGK5VyE1yo8sjL72U7wNVjY7,,,,"{""isCatalog"": false}",,,Unidad,,,
1780,Reactancia de 20W 220V Marca ELT (España),20.0,0.0,,1YDPSlM9NRDxK3564gQi1lbFZfx6ERKlI,,,,"{""isCatalog"": false}",,,Unidad,,,
1781,Tornillo de 3.5 X 16 MM ( caja de 1000 unidades),80.0,0.0,,1yDqT9fUI69eJrmAIthZmiL9s5JyOwSpP,,,,"{""isCatalog"": false}",,,Unidad,,,
1782,"Panel LED redondo empotrable de 18W, luz blanca",45.0,0.0,,1yeapQ7jOXegbftDlq4vTi3ZRpsjzOfcr,,,,"{""isCatalog"": false}",,,Unidad,,,
1783,Panel LED de 36W tipo torta para sobreponer,95.0,0.0,,1yEEXP8rQeKJhEM8L4Dg5UOu0zY4C0LAJ,,,,"{""isCatalog"": false}",,,Unidad,,,
1784,Soquet cerámico E14 miñón,8.0,0.0,,1yeNtr01_BB6oE5ed9ruDb8EIxSZulGoS,,,,"{""isCatalog"": false}",,,Unidad,,,
1785,Cable de cobre 7 hilos #10 (Rollo 100 metros),1510.0,0.0,,1YeP2Zb6uGpAN3f4HXgPsGHWeWv4h9Tbz,,,,"{""isCatalog"": false}",,,Unidad,,,
1786,TUBO LED 120CM (CAJA 30U),750.0,0.0,,1YFCghOZH-LB03VT8DHFwDd4vRqKF1uLU,,,,"{""isCatalog"": false}",,,Unidad,,,
1787,Grapas sujeta vable color negro con clavo (bolsa 50U),17.0,0.0,,1YFiqmmzCdFOtQmOD3Ro__4xt2B5CYsP3,,,,"{""isCatalog"": false}",,,Unidad,,,
1788,Cinta LED cálido con puntos (carreta 100 metros),1300.0,0.0,,1yGqicVWypJo6ls6JmwwOdEHM7DgV34HR,,,,"{""isCatalog"": false}",,,Unidad,,,
1789,Interruptor colgante,10.0,0.0,"Materila PVC
Marca Ultra, Industria Peruana",1YGtezkKHpfVOdQ1Z7HVkMKF8de_KPXdy,,,,"{""isCatalog"": false}",,,Unidad,,,
1790,Cajas T-2 térmicos,45.0,0.0,,1yHtT0AmhnYyiXAzJxHKTwgLaaU9o8RVK,,,,"{""isCatalog"": false}",,,Unidad,,,
1791,Lampara de Haluro de 250W,130.0,0.0,,1yiKISjBJboX_ImmyrSKFM-ElXi2DYDoO,,,,"{""isCatalog"": false}",,,Unidad,,,
1792,,12.0,55.0,,1YIY90G9lIvr3amUYnzsqZZKQuSxzOrmj,,,,"{""isCatalog"":true,""driveModifiedTime"":""2026-06-17T20:40:48.923Z"",""medidas"":{},""imageIds"":[],""camposModificados"":[]}",FOCO,FOCO FILAMENTO,Unidad,,,
1793,Tomacorriente regleta de 4 tomas,120.0,0.0,,1yJZqshS9_BgjBgdeHCYbEeNpAziO8bwb,,,,"{""isCatalog"": false}",,,Unidad,,,
1794,"Cable cordón bipolar blanco de cobre No 12, marca Tigre",1250.0,0.0,,1YkfTpMyihVA2uVfAp_jTg8E9ENBftk1s,,,,"{""isCatalog"": false}",,,Unidad,,,
1795,Cable monopolar CU #10 7hilos 100 metros REVAIS Ind. Boliviana,750.0,0.0,Cable 100% Cobre  #10 - 7 hilos (marca REVAIS Ind. Boliviana),1YkQD3DuS6puAl2YshSy0oTKPFkjrtB-d,,,,"{""isCatalog"": false}",,,Unidad,,,
1796,"Perno carrocero 1"" (caja 100U)",110.0,0.0,,1YLWPydppwgI2yFt38Zlk61sv-wiQAI08,,,,"{""isCatalog"": false}",,,Unidad,,,
1797,Pintura tradicional de 18 litros para interior,410.0,0.0,,1yMefPKTRavK3eG09yA8Rhhx_rnGJyDvy,,,,"{""isCatalog"": false}",,,Unidad,,,
1798,Foco LED de 60W tipo botellón,75.0,0.0,,1Yn2f52GlzKCsKs8F686ruC_Oh-Rcpq1k,,,,"{""isCatalog"": false}",,,Unidad,,,
1799,Caja circular p/distribución con tapa,3.0,0.0,,1YNndyOwFARDEMsvU8obqw0mv4F8czUgs,,,,"{""isCatalog"": false}",,,Unidad,,,
1800,"Juego de Brocas para concreto, madera y metal",120.0,0.0,,1ynoA-F0B2mVf6K_jCVlOROEc-UXy1w1Y,,,,"{""isCatalog"": false}",,,Unidad,,,
1801,"Reflector LED de 50W, luz blanca",100.0,0.0,,1yOZfSVSl4cmwLYVtHmNX-TJjEOlSVV1a,,,,"{""isCatalog"": false}",,,Unidad,,,
1802,Soquet de porcelana para foco bombilla,10.0,0.0,,1ypEBzUly_LB-Y02YVc_sdTfOcQXRZ_bq,,,,"{""isCatalog"": false}",,,Unidad,,,
1803,TOMACORRIENTE TIPO NEMA DOBLE SOBREPUESTO,0.0,0.0,,1YQIl4_LIfWeUItkRK-bPkJKrbrkVk8PM,,,,"{""isCatalog"": false}",,,Unidad,,,
1804,GUIRNALDA (CABLE EN TIRA CON SOQUET CON FOCOS) DE 10M,250.0,0.0,,1Yrq9qtZp6AG9lDA61a94D-5uORjn62zE,,,,"{""isCatalog"": false}",,,Unidad,,,
1805,Panel LED 60*60cm 60W luz blanca para empotrar,185.0,0.0,,1YS97WiCr8dqRy34Ah-rB-4qvA8iXQDdG,,,,"{""isCatalog"": false}",,,Unidad,,,
1806,"TUBOS LED 1,2 MT, TRANSPARENTES 20W",18.0,0.0,,1Yt28_XC8q-_E8iR_0B2gGhN0Nk2F7FNe,,,,"{""isCatalog"": false}",,,Unidad,,,
1807,Foco LED 10W luz cálida,14.0,0.0,,1Yt2q5362PoEsMl6zKxjPaYjpHFPT0SJQ,,,,"{""isCatalog"": false}",,,Unidad,,,
1808,"Clavo 1 1/5"" (kilo)",27.0,0.0,,1yuiXdSp_Ti-k3Uo8jTqGf72pCQA-F8Se,,,,"{""isCatalog"": false}",,,Unidad,,,
1809,Soquet Grafito con base,60.0,0.0,,1yuNCxuG8WbSkgzM579kGmrvDGgWmqlMj,,,,"{""isCatalog"": false}",,,Unidad,,,
1810,Rollo 305mts cable UTP CAT5E con mensajero,670.0,0.0,,1YvkLCalGMJOmYac_RGXutv_sKyqepbzP,,,,"{""isCatalog"": false}",,,Unidad,,,
1811,"Foco 60W, 220V, rosca normal E27",2.3,0.0,,1YVw4BmUUL3RcALISuEODyxadJ8orphHE,,,,"{""isCatalog"": false}",,,Unidad,,,
1812,Poxipol,15.0,0.0,,1yWXURZZLHTM0bAru_16niZUS2hB6KtHa,,,,"{""isCatalog"": false}",,,Unidad,,,
1813,Foco LED tipo bombilla 12W luz blanca,15.0,0.0,,1YWXYjIspFr7ZxS9by0VTWwzD5uPjGREV,,,,"{""isCatalog"": false}",,,Unidad,,,
1814,Caja para térmico sobrepuesto T2,28.0,0.0,,1yxeSFjCbLjGhFPjnLJLkUi_6YFCoyyBD,,,,"{""isCatalog"": false}",,,Unidad,,,
1815,Cable bipolar calibre/awg N°16 100 metros,650.0,0.0,,1YY17Fd613tJwOGO2Sr6xCtPn94bLXcBp,,,,"{""isCatalog"": false}",,,Unidad,,,
1816,Reflector LED portatil con panel solar pequeño,140.0,0.0,,1Yyv8T_ZYXKSVyYC4jo9Ihk0D5ZvjYE8u,,,,"{""isCatalog"": false}",,,Unidad,,,
1817,Foco LED 60W,85.0,0.0,,1YZ6CtI-lTbU_62SdmNgWI7uXtyLSvHDz,,,,"{""isCatalog"": false}",,,Unidad,,,
1818,Termocontraible 35mm,30.0,0.0,,1z0RoiDI3Cz432wQDNVVC7s8a5jHn9f6N,,,,"{""isCatalog"": false}",,,Unidad,,,
1819,Bateria recargable AA,130.0,0.0,,1Z1o4U8YuV3mN_sVEAa0V2o3bKX2tb57Y,,,,"{""isCatalog"": false}",,,Unidad,,,
1820,Termico bipolar de 100A,140.0,0.0,,1Z3eDhgY-G_6qacBkAd0BKBcRprQtrrVx,,,,"{""isCatalog"": false}",,,Unidad,,,
1821,Cable desnudo 50mm2 - 1/0 (metro),152.0,0.0,,1Z3VkkTE1UQFWNWB5lfJjq1umbAYOQMIk,,,,"{""isCatalog"": false}",,,Unidad,,,
1822,Panel LED 60x60 empotrable,230.0,0.0,,1z5UGkWkESSELfnNsTlDDzjhBIfsxgRrx,,,,"{""isCatalog"": false}",,,Unidad,,,
1823,Interruptor simple de pared,18.0,0.0,,1Z8gBPQ4-qc1F_NMSrNu5bLpEQ5S4EWgN,,,,"{""isCatalog"": false}",,,Unidad,,,
1824,Toma corriente clavija shucko 15 Amp,18.0,0.0,,1z8rKyyxo7vp9761Eld_DjDmI-lrO5bWh,,,,"{""isCatalog"": false}",,,Unidad,,,
1825,REGLETA CORTA PICOS DE 6 TOMAS                                    Capacidad: 2200W                                           Voltaje: 110V/220V                                     Tipo de entrada: NEMA                                 Tipo de salida: 6 x N,85.0,0.0,,1zAOmGOjkJHnyxfZwkBIXfZMI086-Re51,,,,"{""isCatalog"": false}",,,Unidad,,,
1826,Clavija Plana 15A,10.0,0.0,,1zcG1rAVF24uZpyjozr49J6BM_2Wi-B5A,,,,"{""isCatalog"": false}",,,Unidad,,,
1827,Termico monopolar 20A,35.0,0.0,,1ZD9aJwGpOOndavoljZO542DujE2wem2u,,,,"{""isCatalog"": false}",,,Unidad,,,
1828,Cable cordón N°10 (rollo de 100 metros),2300.0,0.0,,1ZFkC6eqxQSoBu6Z8Lbm7gnLFkxFRkUV-,,,,"{""isCatalog"": false}",,,Unidad,,,
1829,Tornillo de 3.5 X 25 MM ( caja de 1000 unidades),90.0,0.0,,1ZFTFesi6IrCp4hB8Zsmqdoghc8lzu4fr,,,,"{""isCatalog"": false}",,,Unidad,,,
1830,Candado 70mm,70.0,0.0,,1ZGTF8_CsdyzFDOGVV6xKFQrgPpShfMvr,,,,"{""isCatalog"": false}",,,Unidad,,,
1831,Marcador grueso indeleble permanente (azul o negro),8.0,0.0,,1ZH5HU-lBsx63vHESbXWzYen6JJjBCkIL,,,,"{""isCatalog"": false}",,,Unidad,,,
1832,Placa interruptor simple 10A,35.0,0.0,,1zHdXLI9N5zzMMhqJSSOHB5Cos7xOx1-m,,,,"{""isCatalog"": false}",,,Unidad,,,
1833,Panel LED 60*60cm sobrepuesto,350.0,0.0,,1ZHYL20ANc_p3odYdlP5y6QQDunSG7VD8,,,,,,,Unidad,,,
1834,"Focos LED ampolla de 9W, luz blanca",10.0,0.0,,1zi7w5r0zpRRdOvPDjBK5WaM103sqf1sS,,,,"{""isCatalog"": false}",,,Unidad,,,
1835,"Tornillo 1 1/2"" (bolsa 500U)",160.0,0.0,,1ziS1Cg20HFZVxYZt7vLyTmU7K8VoQQ5-,,,,"{""isCatalog"": false}",,,Unidad,,,
1836,Placa enchufe doble,40.0,0.0,,1ZJ8WT9A8mp1H4iWPRg4zxVquMTheY_vA,,,,"{""isCatalog"": false}",,,Unidad,,,
1837,Reflector LED,300.0,0.0,,1ZjBlny3wVN_Q-kprYgj9dsXJNT-J9DPC,,,,"{""isCatalog"": false}",,,Unidad,,,
1838,Juego de brocas de metal,0.0,0.0,,1zjMGzuIPbmbSGQKxKQTo1iVrjkQamZF2,,,,"{""isCatalog"": false}",,,Unidad,,,
1839,"Brocha 2 1/2"" Tigre",0.0,0.0,,1ZKhwE4vjy00Qo_WZOtfBX7xi-_uZFpD9,,,,"{""isCatalog"": false}",,,Unidad,,,
1840,Aplique LED p/exterior tipo tortuga 15W,68.0,0.0,,1zKIlw_lDl9J12D-TSprVJ3xwY83bUhag,,,,"{""isCatalog"": false}",,,Unidad,,,
1841,Cinta teflón,6.0,0.0,,1zKJP3TRikGIBp_KOYte1jDBog3tYgqrm,,,,"{""isCatalog"": false}",,,Unidad,,,
1842,Enchufe tipo shuko,15.0,0.0,,1ZKzis8ExSVJ55YbbGSP9zNSqi_e_uqid,,,,"{""isCatalog"": false}",,,Unidad,,,
1843,Clavija engomada,5.0,0.0,,1zL1TIh-L4TdjGQET9AK7rWQ7tbL8_2CQ,,,,"{""isCatalog"": false}",,,Unidad,,,
1844,"Tubo LED de 60 cm 10W, 220V, luz blanca",16.25,0.0,,1Zl9ND-iCFpPSjh90hJgjdpe-Utz6tsmT,,,,"{""isCatalog"": false}",,,Unidad,,,
1845,Bisagras de 4 pulgadas Vaivén marca Ferrawy Peru (par),290.0,0.0,,1ZlogQakm91DjRXKyJZ18QjuoTlyWoc9e,,,,"{""isCatalog"": false}",,,Unidad,,,
1846,CABLE MONOPOLAR DE CU.AWG #10-7HILOW x 100 MTR,2000.0,0.0,,1ZlSixd9iZzUKOtrXHc8a0Kj4-pFTHqgK,,,,"{""isCatalog"": false}",,,Unidad,,,
1847,"Tubo LED de 18W, luz blanca",20.0,0.0,,1ZMAh2pEGzxiw3fvdrGJVyetdE5Gdu6Fa,,,,"{""isCatalog"": false}",,,Unidad,,,
1848,Socalo para tubo led,4.0,0.0,,1ZMlyJyrtrpCBwYcrjqK7I7u1qaqVTiFQ,,,,"{""isCatalog"": false}",,,Unidad,,,
1849,Clavija 15/16Amp plano,12.0,0.0,,1zmmP6tZtIqGRiw30LdV-sEe1Q5AOfEU8,,,,"{""isCatalog"": false}",,,Unidad,,,
1850,ARMELLAS,3.5,0.0,,1Zo1HZvoFgCC4R5mcPaHR3dvn8LifL8kb,,,,"{""isCatalog"": false}",,,Unidad,,,
1851,Cable bajo goma 2x2.5 mm2 (rollo de 100 metros),1850.0,0.0,,1zOeVGOr8eQSgtAzvrcbQjur1XdkZnQu9,,,,"{""isCatalog"": false}",,,Unidad,,,
1852,Cable eléctrico mellizo bicolor 2*12 (cobre) de 100m,980.0,0.0,,1zqPcAnP6V-OYtYG9ly2LwEgOj9-TkMwR,,,,"{""isCatalog"": false}",,,Unidad,,,
1853,Picaporte Colonial,32.0,0.0,,1Zqqqtn0BX3cRyMvuvl-3GKEVWFdaENvP,,,,"{""isCatalog"": false}",,,Unidad,,,
1854,Foco LED 25W,30.0,0.0,,1zrnj8uUrINnf6dE3_fPiDxEaFATn4-2O,,,,"{""isCatalog"": false}",,,Unidad,,,
1855,"Unión universal de 1/2""",12.2,0.0,,1zS1NMEwPvjor2E_9jLo60JiNd11WdnL4,,,,"{""isCatalog"": false}",,,Unidad,,,
1856,Soquets colgante negro,45.0,0.0,,1zsdN4YoscmJuha9h5gkmSxQ8rxMv_360,,,,"{""isCatalog"": false}",,,Unidad,,,
1857,Caja de distribución 20x20,45.0,0.0,,1ZSGznKgO44GJaeDoLl-5kryBGYkRLkKa,,,,"{""isCatalog"": false}",,,Unidad,,,
1858,Cable #10,1250.0,0.0,,1zstqkomnbJ_0_aHcyn6uHMRYWKV3urOC,,,,"{""isCatalog"": false}",,,Unidad,,,
1859,Cableducto de piso media luna 50*15 marca DYP (Chile),35.0,0.0,,1zTFiSNrNeqRCcz1D-JF6bIO3MHaZW5mx,,,,"{""isCatalog"": false}",,,Unidad,,,
1860,Caja Arrancadores de 40W marca Philips (25 unidades),105.0,0.0,,1ZtWJZrntLf0RAeYdNblXmxQ_gM6Hjxh4,,,,"{""isCatalog"": false}",,,Unidad,,,
1861,Flexometro 10 UYUSTOOLS,160.0,0.0,,1ZvhmIpqEssrEn7XnbhBFN-rB24k3F9U9,,,,"{""isCatalog"": false}",,,Unidad,,,
1862,TUBOS LED DE 20W,25.0,0.0,,1ZvjXwbqsuwwuqwny8aW36MrBqYAnj3Lp,,,,"{""isCatalog"": false}",,,Unidad,,,
1863,Rodillos de Esponja,38.0,0.0,,1zvK1sWQTVMgvVcP-ngJqzuth4wIccO8v,,,,"{""isCatalog"": false}",,,Unidad,,,
1864,Tubo LED 20w vidrio transparente,25.0,0.0,,1zvMd6RpejB1fYG-hFCwpmfssTT6zX1Yh,,,,"{""isCatalog"": false}",,,Unidad,,,
1865,Cable 7x6 AWG Negro (metro),0.0,0.0,,1ZvwLiWONd1I_A9wuO9xCtITibThczJle,,,,"{""isCatalog"": false}",,,Unidad,,,
1866,Foco vela incandescente E12 Luz cálida,15.0,0.0,,1ZwL72n8hxj5pX1ALqwkXEE2dttUyjwGs,,,,"{""isCatalog"": false}",,,Unidad,,,
1867,Cable,100.0,0.0,,1ZwvnTodUgbmrNZhkzngLjb7XKRsK8_G_,,,,"{""isCatalog"": false}",Electricidad,Cables,Unidad,,,
1868,"Juego de desarmadores aislados de 1000V, 6 piezas",250.0,0.0,,1ZWW9NHUHeMftEq_X_pRVeG2xVUqwgkY_,,,,"{""isCatalog"": false}",,,Unidad,,,
1869,Chapa frontal,35.0,0.0,,1zX5S4tCDw32Gm-_HZSjsnLqd5NXh1AVA,,,,"{""isCatalog"": false}",,,Unidad,,,
1870,"Cinta de seguridad de PRECAUCIÓN - PROHIBIDO PASAR  ancho estandar de 7,5 - 15cm (rollo 10 mts)",150.0,0.0,,1ZXILyzuJyCkmPBasC-v7uPF-XP2U32yR,,,,"{""isCatalog"": false}",,,Unidad,,,
1871,Cinta Aislante 3M 20Y,20.0,0.0,,1ZXZZH5dcIHhPWH1Mh5LJsvXQ2MlVN6I7,,,,"{""isCatalog"": false}",,,Unidad,,,
1872,Estabilizador de 1200VA,490.0,0.0,,1ZYib7s1pTRs7FlGtI9rqpL4Ms6fYDqru,,,,"{""isCatalog"": false}",,,Unidad,,,
1873,Soquet de porcelana para colgar,10.0,0.0,,1zzXP2NSvPr7KDsVoG5fPbhfcZHfDhW6M,,,,"{""isCatalog"": false}",,,Unidad,,,
1874,Articulo Test 238,10.5,0.0,Desc,ART_TEST_1471,,Novaled,C-123,"{""isCatalog"":false}",Familia,Subcat,Unidad,,,
1875,Articulo Test 972,10.5,0.0,Desc,ART_TEST_6659,,Novaled,C-123,"{""isCatalog"":false}",Familia,Subcat,Unidad,,,
1876,Asunteño,11.0,0.0,,ARTICULOS_1781884635322_508798,,Novaled,,"{""isCatalog"":false,""general"":11}",,,Unidad,,ART_1781884633_acb11471.jpg,
1877,prueba 25_6_26,2.5,0.0,,ARTICULOS_1782402764861_860866,,Novaled,,"{""isCatalog"":false,""general"":1}",,,Unidad,,,2026-06-25
1878,Placa tomacorriente doble,45.0,0.0,,ARTICULOS_1782404865843_627211,,Novaled,,"{""isCatalog"":false,""general"":150}",,,Unidad,,,2026-06-25
1879,PEGA MENTO ADHESIVO (CLEFA),0.0,0.0,Presentación: Frasco de metal; Contenido: 3.5 Litros,ARTICULOS_1782506932031_253417,,,,,Adhesivos,Pegamentos,FRASCO,,,2026-06-26T16:48:51.410590
1880,BROCHA DE 2'',0.0,0.0,Tipo: Plana; Medida: de 2''; Mango: Madera; Cerdas: Sintéticas,ARTICULOS_1782506933321_514492,,,,,Construcción,Brochas,PIEZA,,,2026-06-26T16:48:52.712571
1881,BROCHA DE 1'',0.0,0.0,Tipo: Plana; Medida: de 1''; Mango: Madera; Cerdas: Sintética,ARTICULOS_1782506933605_610833,,,,,Construcción,Brochas,PIEZA,,,2026-06-26T16:48:53.029613
1882,TUBO LED,0.0,0.0,"Voltaje: 30 W, Color: Blanco neutro y semicíldico, Medida: Largo de 1,20 mts, Embalaje: Esponja flexible",ARTICULOS_1782517992781_372529,,,,"{""isCatalog"":true}",Iluminación,Tubos LED,PIEZA,,,2026-06-26T19:53:12.718980
1883,PANEL LED,212.0,0.0,"Tipo: Empotrable, Medidas: 60 x 60 cm, Voltaje: 48 W, Color: Blanco neutro y semicíldico, Presentación: En caja individual",ARTICULOS_1782517992819_538798,,Novaled,,"{""isCatalog"":false,""general"":1}",Iluminación,Paneles LED,Metros,,,2026-06-26T19:53:12.746431
1884,JUEGO DE BAÑO,0.0,0.0,"Material: Porcelanato, Color: Blanco, Componentes: Lavamanos, Tanque de inodoro (incluido batería), Tasa de Inodoro, Set de lavamanos",ARTICULOS_1782517992876_613473,,,,"{""isCatalog"":true}",Sanitarios,Juegos de baño,JUEGO,,,2026-06-26T19:53:12.781667
1885,CORTAPICO,0.0,0.0,"Número de vías: 6 salidas, Longitud de cable: > 1 metro, Presentación: Individual",ARTICULOS_1782517992927_56292,,,,"{""isCatalog"":true}",Ferretería,Cortapicos,PIEZA,,,2026-06-26T19:53:12.819897
1886,LLAVE DE GRIFO,0.0,0.0,"Medidas: ½"" x ½"", Material: Metálico",ARTICULOS_1782517992969_170299,,,,"{""isCatalog"":true}",Plomería,Grifería,PIEZA,,,2026-06-26T19:53:12.876932
1887,TERMICO DE 20 AMP.,0.0,0.0,"Capacidad: de 20 AMP., Material: Plástico, Presentación: Unipolar",ARTICULOS_1782517993307_286783,,,,,Electricidad,Termomagneticos,PIEZA,,,2026-06-26T19:53:13.181168
1888,ENCHUFE CLAVIJA,0.0,0.0,"Tipo de clavija: Plana, Número de entradas: 2, Material del cuerpo: Plástico, Color: Diferentes Colores",ARTICULOS_1782517993513_721081,,,,,Electricidad,Clavijas,PIEZA,,,2026-06-26T19:53:13.380720
1889,"Estabilizador de voltaje 6000VA, 3000W, 50/60Hz, 3 x nema 5-15p, marca FORZA",1650.0,0.0,,ARTICULOS_1782576245269_128206,,Novaled,,"{""isCatalog"":false,""general"":4}",,,Unidad,,,2026-06-27
1890,"Panel LED 24W empotrable, luz blanca 6500K, 220v, 28CM, 2000LM",85.0,0.0,,ARTICULOS_1782576300566_888366,,Novaled,,"{""isCatalog"":false,""general"":6}",,,Unidad,,,2026-06-27
1891,"Panel LED 36W empotrable tipo torta, luz blanca 6500K, 220V, 22cm, 3240Lm",120.0,0.0,,ARTICULOS_1782576376543_796072,,Novaled,,"{""isCatalog"":false,""general"":6}",,,Unidad,,,2026-06-27
1892,"Cortapico de 4 Entradas, tomas Universales, 2300W, 10A/250V, cable de 3Metros, marca UYUSTOOLS",150.0,0.0,,ARTICULOS_1782576497291_100731,,Novaled,,"{""isCatalog"":false,""general"":6}",,,Unidad,,,2026-06-27
1893,"Placa tomacorriente doble universal, 2P+T, marca GREENHOME",55.0,0.0,,ARTICULOS_1782576531158_66409,,Novaled,,"{""isCatalog"":false,""general"":8}",,,Unidad,,,2026-06-27
1894,Caja plástica placa electrica de empotrar Ind. Boliviana,0.0,0.0,,ARTICULOS_1782576603856_845221,,Novaled,,"{""isCatalog"":false,""general"":13}",,,Unidad,,,2026-06-27
1895,"Cableducto plástico 20*10mm, 2 metros de largo, marca DIMAX",144.0,0.0,,ARTICULOS_1782576636926_686263,,Novaled,,"{""isCatalog"":false,""general"":12}",,,Unidad,,,2026-06-27
1896,"Ducha Electrica marca Lorenzetti, 220V, 6800W",300.0,0.0,,ARTICULOS_1782576700452_574473,,Novaled,,"{""isCatalog"":false,""general"":12}",,,Unidad,,,2026-06-27
1897,"Extensor de corriente 10M, Cable de cobre N°12 Tigre, Clavija 20A marca MG Brasil, Tomacorriente Triple 25Amp marca Star Ind. Peru",345.0,0.0,,ARTICULOS_1782576763379_239790,,Novaled,,"{""isCatalog"":false,""general"":10}",,,Unidad,,,2026-06-27
1898,"Placa tomacorriente mixta Schuko + tomacorriente, 16Amp, marca Argo Ind. Brasil",70.0,0.0,,ARTICULOS_1782576801308_156837,,Novaled,,"{""isCatalog"":false,""general"":24}",,,Unidad,,,2026-06-27
1899,"Enchufe Schuko macho engomado 16Amp, 250V",25.0,0.0,,ARTICULOS_1782576824864_646235,,Novaled,,"{""isCatalog"":false,""general"":18}",,,Unidad,,,2026-06-27
1900,"Panel LED 60W de Empotrar 60*60cm, luz blanca 6500K, 220V, marco blanco, marca BRASILUM",220.0,0.0,,ARTICULOS_1782576846948_283194,,Novaled,,"{""isCatalog"":false,""general"":22}",,,Unidad,,,2026-06-27
1901,"Cableducto plástico 20*10mm, 2 metros de largo, marca DIMAX",12.0,0.0,,ARTICULOS_1782576900009_732362,,Novaled,,"{""isCatalog"":false,""general"":12}",,,Unidad,,,2026-06-27
1902,Luminaria Publica 100W,0.0,0.0,,ARTICULOS_1782582251903_690931,,Novaled,,"{""isCatalog"":false,""general"":1}",,,Unidad,,,2026-06-27
1903,Fotocelula,0.0,0.0,,ARTICULOS_1782582762454_203344,,Novaled,,"{""isCatalog"":false,""general"":1}",,,Unidad,,,2026-06-27
1904,Luminaria Publica 100W,0.0,0.0,,ARTICULOS_1782583218631_744292,,Novaled,,"{""isCatalog"":false,""general"":30}",,,Unidad,,,2026-06-27
1905,Fotocelula,0.0,0.0,,ARTICULOS_1782583222539_48196,,Novaled,,"{""isCatalog"":false,""general"":30}",,,Unidad,,,2026-06-27
1906,Brazo metálico para luminaria publica,80.0,0.0,,ARTICULOS_1782584978989_568627,,Novaled,,"{""isCatalog"":false,""general"":30}",,,Unidad,,,2026-06-27
1907,Driver LED 60W,75.0,0.0,,ARTICULOS_1782742677936_209823,,Novaled,,"{""isCatalog"":true,""general"":6}",,,Unidad,,,2026-06-29
1908,Foco LED vela E12 luz cálida 3000K,25.0,0.0,,ARTICULOS_1782742731133_927839,,Novaled,,"{""isCatalog"":true,""general"":20}",,,Unidad,,,2026-06-29
1909,Foco LED E27 12W luz cálida 3000K,14.0,0.0,,ARTICULOS_1782742772150_805364,,Novaled,,"{""isCatalog"":true,""general"":20}",,,Unidad,,,2026-06-29
1910,Foco LED filamento 8W,40.0,0.0,,ARTICULOS_1782742803441_162967,,Novaled,,"{""isCatalog"":true,""general"":4}",,,Unidad,,,2026-06-29
1911,Lámpara tortuga LED ovalada 24W,85.0,0.0,,ARTICULOS_1782744597732_448902,,Novaled,,"{""isCatalog"":false,""general"":4}",,,Unidad,,,2026-06-29
1912,Luminaria publica LED de 100W IP65 220V con fotocélula y brazo,695.0,0.0,,ARTICULOS_1782744742068_697301,,Novaled,,"{""isCatalog"":false,""general"":7}",,,Unidad,,,2026-06-29
1913,Luminaria publica LED de 100W IP65 220V con fotocélula y brazo,750.0,0.0,,ARTICULOS_1782744768814_406082,,Novaled,,"{""isCatalog"":true,""general"":7}",,,Unidad,,,2026-06-29
1914,Panel LED 6W empotrable luz blanca,25.0,0.0,,ARTICULOS_1782744806509_77630,,Novaled,,"{""isCatalog"":false,""general"":6}",,,Unidad,,,2026-06-29
1915,Lámpara hermética 2*18W IP65,250.0,0.0,,ARTICULOS_1782746677647_359171,,Novaled,,"{""isCatalog"":false,""general"":3}",,,Unidad,,,2026-06-29
1916,Lámpara LED Pública,0.0,0.0,"75W, 6500 K",ARTICULOS_1782749707458_237353,,,,"{""isCatalog"":true}",Iluminación,Lámparas LED,Pza,,,2026-06-29T12:15:07.343301
1917,Lámpara LED Redonda,0.0,0.0,"75W, 3000 K",ARTICULOS_1782749707523_774049,,,,"{""isCatalog"":true}",Iluminación,Lámparas LED,Pza,,,2026-06-29T12:15:07.412488
1918,Lámpara LED Empotrable,0.0,0.0,"210 mm, 3000 K",ARTICULOS_1782749707578_572189,,,,"{""isCatalog"":true}",Iluminación,Lámparas LED,Pza,,,2026-06-29T12:15:07.480402
1919,Lámpara LED Hermética,0.0,0.0,"IP65, 3000 K",ARTICULOS_1782749707657_575514,,,,"{""isCatalog"":true}",Iluminación,Lámparas LED,Pza,,,2026-06-29T12:15:07.541453
1920,Foco LED dicroico GU5.3 luz cálida 3000K,23.0,0.0,,ARTICULOS_1782749823665_973711,,Novaled,,"{""isCatalog"":false,""general"":10}",,,Unidad,,,2026-06-29
1921,Foco LED dicroico GU5.3 luz cálida 3000K 7W,23.0,0.0,,ARTICULOS_1782749832501_791481,,Novaled,,"{""isCatalog"":true,""general"":10}",,,Unidad,,,2026-06-29
1922,Foco LED E27 12W luz blanca 6500K,14.0,0.0,,ARTICULOS_1782749884251_810611,,Novaled,,"{""isCatalog"":true,""general"":30}",,,Unidad,,,2026-06-29
1923,Tubos Let 20w. de 1.20m de 220v blanca ahumado,0.0,0.0,Creado automáticamente vía escaneo,ARTICULOS_1782750942343_948798,,,,"{""isCatalog"":true}",Material Eléctrico,Tubos LED,Caja,,,2026-06-29T12:35:42.278371
1924,Panel Let 20w. Circular de sobre poner,0.0,0.0,Creado automáticamente vía escaneo,ARTICULOS_1782750942404_16755,,,,"{""isCatalog"":true}",Material Eléctrico,Paneles,Unidad,,,2026-06-29T12:35:42.310152
1925,Panel Let 24 w. 60x60 de empotrar,0.0,0.0,Creado automáticamente vía escaneo,ARTICULOS_1782750942487_455225,,,,"{""isCatalog"":true}",Material Eléctrico,Paneles,Unidad,,,2026-06-29T12:35:42.361680
1926,Supresor de picos,0.0,0.0,Creado automáticamente vía escaneo,ARTICULOS_1782750942647_350196,,,,"{""isCatalog"":true}",Material Eléctrico,Supresores,unidad,,,2026-06-29T12:35:42.509443
1927,"Tubo LED 12W, 60cm luz blanca",0.0,0.0,,ARTICULOS_1782758364290_767594,,Novaled,,"{""isCatalog"":false,""general"":1}",,,Unidad,,,2026-06-29
1928,"Tubo LED 12W, 60cm luz blanca",22.0,0.0,,ARTICULOS_1782758523514_6159,,Novaled,,"{""isCatalog"":false,""general"":60}",,,Unidad,,,2026-06-29
1929,"Tubo LED 12W, 60cm luz blanca",20.0,0.0,,ARTICULOS_1782758616870_164564,,Novaled,,"{""isCatalog"":false,""general"":60}",,,Unidad,,,2026-06-29
1930,Tubos LED 20w. de 1.20m de 220v blanca ahumado (caja 30U),750.0,0.0,Creado automáticamente vía escaneo,ARTICULOS_1782759089044_43368,,Novaled,,"{""isCatalog"":true,""general"":1}",,,Caja,,,2026-06-29
1931,Panel LED 18w. Circular de sobre poner,48.0,0.0,Creado automáticamente vía escaneo,ARTICULOS_1782759119809_927511,,Novaled,,"{""isCatalog"":true,""general"":10}",,,Unidad,,,2026-06-29
1932,Panel LED Led 24 w. 28*28cm de empotrar,70.0,0.0,Creado automáticamente vía escaneo,ARTICULOS_1782759211170_49577,,Novaled,,"{""isCatalog"":true,""general"":6}",,,Unidad,,,2026-06-29
1933,Panel LED 60X60 60W de empotrar,195.0,0.0,,ARTICULOS_1782759280053_660830,,Novaled,,"{""isCatalog"":true,""general"":6}",,,Unidad,,,2026-06-29
1934,Clavija Schuko,18.0,0.0,,ARTICULOS_1782759503378_270296,,Novaled,,"{""isCatalog"":true,""general"":6}",Material Eléctrico,Conectores,Unidad,,,2026-06-29
1935,Panel LED 60X60 60W de empotrar,195.0,0.0,,ARTICULOS_1782768525492_905236,,Novaled,,"{""isCatalog"":true,""general"":5}",,,Unidad,,,2026-06-29
1936,Clavija Schuko,12.0,0.0,,ARTICULOS_1782768583394_793441,,Novaled,,"{""isCatalog"":true,""general"":6}",,,Unidad,,,2026-06-29
1937,Clavija Schuko,18.0,0.0,,ARTICULOS_1782768589343_936026,,Novaled,,"{""isCatalog"":true,""general"":6}",,,Unidad,,,2026-06-29
1938,Clavija sobrepuesto,12.0,0.0,,ARTICULOS_1782835934150_301145,,Novaled,,"{""isCatalog"":true,""general"":6}",,,Unidad,,,2026-06-30
1939,lapiz,10.0,0.0,,ARTICULOS_1782932333546_284132,,Novaled,,"{""isCatalog"":false,""general"":4}",,,Unidad,,,2026-07-01
1940,Cortapico,120.0,0.0,,ARTICULOS_1782940485708_338183,,Novaled,,"{""isCatalog"":true,""general"":11}",,,Unidad,,,2026-07-01
1941,"Cortapico UYUSTOOLS de 6 tomas, cable de 3 metros",120.0,0.0,,ARTICULOS_1782940544151_275712,,Novaled,,"{""isCatalog"":true,""general"":11}",,,Unidad,,,2026-07-01
1942,xbdbdb,797.0,0.0,,ARTICULOS_1782940900171_157935,,Novaled,,"{""isCatalog"":false,""general"":199}",,,Unidad,,,2026-07-01
1943,"Cortapico UYUSTOOLS de 6 tomas, 3 metros de cable",120.0,0.0,,ARTICULOS_1782940912203_472708,,Novaled,,"{""isCatalog"":false,""general"":11}",,,Unidad,,,2026-07-01
1944,fjdjjdjf,86.0,0.0,,ARTICULOS_1783015844825_827690,,Novaled,,"{""isCatalog"":false,""general"":1}",,,Unidad,,,2026-07-02
1945,Distanciómetro digital láser de 50 mts (laser verde),2290.0,0.0,"Rango de medición: Mínimo de 0.05 a 50 metros. Tipo de Láser: Clase 2, Láser Color Verde (alta visibilidad en condiciones de mucha luz o exteriores). Precisión: +/- 1.5 mm. Funciones: Cálculo automático de área (m2), volumen (m3), medición continua (tracking) y Pitagoros sencillo. Protección: Certificación IP54 (resistente a polvo y salpicaduras).",ARTICULOS_1783016643428_629663,,,,,Medición,Distanciómetros,PZAS,,,2026-07-02T14:24:03.346882
1946,Distanciómetro digital láser de 100 mts con cámara integrada,5500.0,0.0,"Rango de medición: Mínimo de 0.05 a 100 metros. Visor Digital con Cámara (Puntero Digital): Zoom integrado (4x) que permite localizar el punto en la pantalla a largas distancias o a pleno. Precisión: +/- 1.5 mm. Funciones Avanzadas: Medición de inclinación (360°), medición horizontal automática, cálculo de áreas, volúmenes, Pitágoros avanzados y función de replanteo.",ARTICULOS_1783016643486_697178,,,,,Medición,Distanciómetros,PZAS,,,2026-07-02T14:24:03.377860
1947,DISTANCIOMETRO LASER DE 80 METROS LD080P (MAKITA),3430.0,0.0,,ARTICULOS_1783021762638_8892,,Novaled,,"{""isCatalog"":false,""general"":1}",,,Unidad,,,2026-07-02
1948,Distanciómetro digital láser de 50 mts (laser verde) marca BOSCH,2550.0,0.0,"Rango de medición: Mínimo de 0.05 a 50 metros. Tipo de Láser: Clase 2, Láser Color Verde (alta visibilidad en condiciones de mucha luz o exteriores). Precisión: +/- 1.5 mm. Funciones: Cálculo automático de área (m2), volumen (m3), medición continua (tracking) y Pitagoros sencillo. Protección: Certificación IP54 (resistente a polvo y salpicaduras).",ARTICULOS_1783022416801_382000,,Novaled,,"{""isCatalog"":false,""general"":1}",,,Unidad,,,2026-07-02
1949,Visor digital,0.0,0.0,integrada,ARTICULOS_1783022986314_659453,,,,,Herramientas,Medición,Unidad,,,2026-07-02T16:09:46.252476
1950,Transmisión de datos,0.0,0.0,Bluetooth™ 4.2 Low Energy,ARTICULOS_1783022986382_559717,,,,,Herramientas,Medición,Unidad,,,2026-07-02T16:09:46.283242
1951,Color del láser,0.0,0.0,Rojo,ARTICULOS_1783022986463_310934,,,,,Herramientas,Medición,Unidad,,,2026-07-02T16:09:46.338053
1952,Dimensiones del embalaje,0.0,0.0,112 x 177 x 77 mm,ARTICULOS_1783022986539_786442,,,,,Herramientas,Medición,Unidad,,,2026-07-02T16:09:46.405555
1953,"Distanciómetro digital láser de 50 mts (laser verde) marca BOSCH, GLM50-27 CG",2550.0,0.0,"Rango de medición: Mínimo de 0.05 a 50 metros. Tipo de Láser: Clase 2, Láser Color Verde (alta visibilidad en condiciones de mucha luz o exteriores). Precisión: +/- 1.5 mm. Funciones: Cálculo automático de área (m2), volumen (m3), medición continua (tracking) y Pitagoros sencillo. Protección: Certificación IP54 (resistente a polvo y salpicaduras).",ARTICULOS_1783023092787_848256,,Novaled,,"{""isCatalog"":false,""general"":1}",,,Unidad,,,2026-07-02
1954,"Distanciómetro digital láser de 100 mts con cámara integrada marca BOSCH, GLM 100",5500.0,0.0,"Rango de medición: Mínimo de 0.05 a 100 metros. Visor Digital con Cámara (Puntero Digital): Zoom integrado (4x) que permite localizar el punto en la pantalla a largas distancias o a pleno. Precisión: +/- 1.5 mm. Funciones Avanzadas: Medición de inclinación (360°), medición horizontal automática, cálculo de áreas, volúmenes, Pitágoros avanzados y función de replanteo.",ARTICULOS_1783023132575_504162,,Novaled,,"{""isCatalog"":false,""general"":1}",,,Unidad,,,2026-07-02
1955,"Distanciómetro digital láser de 100 mts con cámara integrada marca BOSCH, GLM 100",6650.0,0.0,"Rango de medición: Mínimo de 0.05 a 100 metros. Visor Digital con Cámara (Puntero Digital): Zoom integrado (4x) que permite localizar el punto en la pantalla a largas distancias o a pleno. Precisión: +/- 1.5 mm. Funciones Avanzadas: Medición de inclinación (360°), medición horizontal automática, cálculo de áreas, volúmenes, Pitágoros avanzados y función de replanteo.",ARTICULOS_1783023199753_506172,,Novaled,,"{""isCatalog"":false,""general"":1}",,,Unidad,,,2026-07-02
1956,"Distanciómetro digital láser de 50 mts (laser verde) marca BOSCH, GLM50",2550.0,0.0,"Rango de medición: Mínimo de 0.05 a 50 metros. Tipo de Láser: Clase 2, Láser Color Verde (alta visibilidad en condiciones de mucha luz o exteriores). Precisión: +/- 1.5 mm. Funciones: Cálculo automático de área (m2), volumen (m3), medición continua (tracking) y Pitagoros sencillo. Protección: Certificación IP54 (resistente a polvo y salpicaduras).",ARTICULOS_1783023218666_94330,,Novaled,,"{""isCatalog"":false,""general"":1}",,,Unidad,,,2026-07-02
1957,DISTANCIOMETRO LASER DE 80 METROS (MAKITA),3450.0,0.0,,ARTICULOS_1783023276141_633989,,Novaled,,"{""isCatalog"":false,""general"":1}",,,Unidad,,,2026-07-02
1958,PLAFON CAPITAN AMÉRICA,470.0,0.0,,ARTICULOS_1783200715445_514935,,Novaled,,"{""isCatalog"":false,""general"":1}",,,Unidad,,,2026-07-04
1959,LUZ CON SENSOR,110.0,0.0,,ARTICULOS_1783200737590_633219,,Novaled,,"{""isCatalog"":false,""general"":1}",,,Unidad,,,2026-07-04
1960,yvyvyvy,5958.0,0.0,,ARTICULOS_1783365122577_750418,,Novaled,,"{""isCatalog"":false,""general"":158582}",,,Barra,,,2026-07-06
1961,Alambre Tigre #10 (rollo 100 mts),1491.0,0.0,,ARTICULOS_1783367644228_338944,,Novaled,,"{""isCatalog"":false,""general"":1}",,,Rollo,,,2026-07-06
1962,HDMI 3 METROS,62.0,0.0,,ARTICULOS_1783367666272_52632,,Novaled,,"{""isCatalog"":false,""general"":2}",,,Unidad,,,2026-07-06
1963,Cable HDMI 3 METROS,62.0,0.0,,ARTICULOS_1783367714393_125879,,Novaled,,"{""isCatalog"":false,""general"":2}",,,Unidad,,,2026-07-06
1964,Foco tipo UFO luz cálida de,80.0,0.0,Creado automáticamente vía escaneo,ARTICULOS_1783451661769_461992,,,39700,,Iluminación,Focos,Unidad,,,2026-07-07T15:14:21.715926
1965,Foco tubo LED,65.0,0.0,Creado automáticamente vía escaneo,ARTICULOS_1783451743375_12796,,Novaled,,"{""isCatalog"":false,""general"":50}",,,Unidad,,,2026-07-07
1966,Vernier,160.0,0.0,,ARTICULOS_1783451767372_883810,,Novaled,,"{""isCatalog"":false,""general"":12}",,,Unidad,,,2026-07-07
1967,Vernier,170.0,0.0,,ARTICULOS_1783451775846_427147,,Novaled,,"{""isCatalog"":false,""general"":12}",,,Unidad,,,2026-07-07
1968,Flexometro,125.0,0.0,,ARTICULOS_1783451805226_723125,,Novaled,,"{""isCatalog"":false,""general"":6}",,,Unidad,,,2026-07-07
1969,Tester Multímetro Digital,80.0,0.0,Creado automáticamente vía escaneo,ARTICULOS_1783451823979_627783,,Novaled,,"{""isCatalog"":false,""general"":6}",,,Unidad,,,2026-07-07
1970,Tester Multímetro Digital,200.0,0.0,Creado automáticamente vía escaneo,ARTICULOS_1783451834068_166804,,Novaled,,"{""isCatalog"":false,""general"":6}",,,Unidad,,,2026-07-07
1971,Foco tipo UFO luz cálida de 50W,80.0,0.0,Creado automáticamente vía escaneo,ARTICULOS_1783451903012_419135,,Novaled,,"{""isCatalog"":false,""general"":8}",,,Unidad,,,2026-07-07
1972,"Cable Multifilar 6mm equivalente a #10, cable de Cobre (rollo 100 mts)",1540.0,0.0,,ARTICULOS_1783454875075_614223,,Novaled,,"{""isCatalog"":false,""general"":1}",,,Rollo,,,2026-07-07
1973,"Regleta de 4 salidas, toma con NEMA",120.0,0.0,,ARTICULOS_1783454897239_709636,,Novaled,,"{""isCatalog"":false,""general"":24}",,,Unidad,,,2026-07-07
1974,Panel LED 60X60 60W BRASILUM,180.0,0.0,,ARTICULOS_1783468093684_766820,,Novaled,,"{""isCatalog"":false,""general"":20}",,,Unidad,,,2026-07-07
1975,Panel LED 60X60 60W marca FSL,220.0,0.0,,ARTICULOS_1783468113746_819647,,Novaled,,"{""isCatalog"":false,""general"":20}",,,Unidad,,,2026-07-07
1976,TRANSFORMADOR 2000W marca ZAFIRO hecho en China,950.0,0.0,,ARTICULOS_1783609812632_721650,,Novaled,,"{""isCatalog"":false,""general"":1}",,,Unidad,,,2026-07-09
1977,TRANSFORMADOR 2000W marca PHONOVOX hecho en ESPAÑA,1980.0,0.0,,ARTICULOS_1783609848058_298520,,Novaled,,"{""isCatalog"":false,""general"":1}",,,Unidad,,,2026-07-09
1978,ENCHUFE SHUKO DE SOBRERENDER DE 16A SIMPLE,25.0,0.0,Creado automáticamente vía escaneo,ARTICULOS_1783955916975_875233,,,,,Electricidad,Enchufes,Unidad,,,2026-07-13T11:18:36.886693
1979,INTERRUPTOR (ARMABLE DOBLE),12.0,0.0,Creado automáticamente vía escaneo,ARTICULOS_1783955917030_838767,,,,,Electricidad,Interruptores,Pieza,,,2026-07-13T11:18:36.939466
1980,TOMA CORRIENTE (ARMABLE SHUKO Y NEMA),65.0,0.0,Creado automáticamente vía escaneo,ARTICULOS_1783955917111_895363,,,,,Electricidad,Tomas,Unidad,,,2026-07-13T11:18:37.002784
1981,ELECTRODO 7018,420.0,0.0,Creado automáticamente vía escaneo,ARTICULOS_1783955917563_656741,,,,,Electricidad,Electrodos,Kg,,,2026-07-13T11:18:37.453566
1982,BATERIA RECARGABLE (9V),12.0,0.0,Creado automáticamente vía escaneo,ARTICULOS_1783955917699_78062,,,,,Electricidad,Baterías,Pieza,,,2026-07-13T11:18:37.583502
1983,BATERIA ALCALINA (PILA) (1.5V),25.0,0.0,Creado automáticamente vía escaneo,ARTICULOS_1783955917785_137220,,,,,Electricidad,Baterías,Pieza,,,2026-07-13T11:18:37.633470
1984,"CARGADOR DE BATERIA (AAA, 9V)",0.0,0.0,Creado automáticamente vía escaneo,ARTICULOS_1783955917869_809228,,,,,Electricidad,Cargadores,Unidad,,,2026-07-13T11:18:37.735707
1985,FUENTE ELÉCTRICA (REGULABLE),25.0,0.0,Creado automáticamente vía escaneo,ARTICULOS_1783955917976_546750,,,,,Electricidad,Fuentes,Pieza,,,2026-07-13T11:18:37.805514
1986,PANEL LED (30X30 60W),25.0,0.0,Creado automáticamente vía escaneo,ARTICULOS_1783955918047_482832,,,,,Iluminación,Paneles LED,Unidad,,,2026-07-13T11:18:37.888906
1987,FUENTE DE ALIMENTACIÓN (ORIGINAL/60W),95.0,0.0,Creado automáticamente vía escaneo,ARTICULOS_1783955918250_585808,,,,,Electricidad,Fuentes,Unidad,,,2026-07-13T11:18:38.071786
1988,TUBO LED (45CM),75.0,0.0,Creado automáticamente vía escaneo,ARTICULOS_1783955918283_766304,,,,,Iluminación,Tubo LED,Unidad,,,2026-07-13T11:18:38.164763
1989,REFLECTOR (100W),250.0,0.0,Creado automáticamente vía escaneo,ARTICULOS_1783955918452_934483,,,,,Iluminación,Reflectores,Unidad,,,2026-07-13T11:18:38.330615
1990,FUSIBLE (5A),0.0,0.0,Creado automáticamente vía escaneo,ARTICULOS_1783955918507_219401,,,,,Electricidad,Fusibles,Unidad,,,2026-07-13T11:18:38.381655
1991,FUSIBLE (10A),0.0,0.0,Creado automáticamente vía escaneo,ARTICULOS_1783955918612_490965,,,,,Electricidad,Fusibles,Unidad,,,2026-07-13T11:18:38.474220
1992,ALARMA (CÓDIGO ROJO),0.0,0.0,Creado automáticamente vía escaneo,ARTICULOS_1783955918714_476017,,,,,Seguridad,Alarmas,Unidad,,,2026-07-13T11:18:38.565663
1993,JUEGO DE BAÑO,1400.0,0.0,Creado automáticamente vía escaneo,ARTICULOS_1783960159622_789978,,,,,Sanitarios,Juegos de baño,Juego,,,2026-07-13T12:29:19.482229
1994,LLAVE DE GRIFO,180.0,0.0,Creado automáticamente vía escaneo,ARTICULOS_1783960159677_71710,,,,,Plomería,Llaves,Pieza,,,2026-07-13T12:29:19.569238
1995,DETECTOR DE MOVIMIENTO,95.0,0.0,Creado automáticamente vía escaneo,ARTICULOS_1783960159860_184558,,,,,Seguridad,Sensores,Pieza,,,2026-07-13T12:29:19.726168
1996,TERMICO DE 60 AMP.,66.5,0.0,Creado automáticamente vía escaneo,ARTICULOS_1783960159915_500634,,,,,Electricidad,Protecciones,Pieza,,,2026-07-13T12:29:19.801811
1997,TERMICO DE 32 AMP.,65.0,0.0,Creado automáticamente vía escaneo,ARTICULOS_1783960159991_62362,,,,,Electricidad,Protecciones,Pieza,,,2026-07-13T12:29:19.880886
1998,TERMICO DE 25 AMP.,65.0,0.0,Creado automáticamente vía escaneo,ARTICULOS_1783960160075_887436,,,,,Electricidad,Protecciones,Pieza,,,2026-07-13T12:29:19.935533
1999,TERMICO DE 20 AMP.,65.0,0.0,Creado automáticamente vía escaneo,ARTICULOS_1783960160153_408795,,,,,Electricidad,Protecciones,Pieza,,,2026-07-13T12:29:20.011450
2000,GRIFO PARA URINARIO,160.0,0.0,Creado automáticamente vía escaneo,ARTICULOS_1783960160333_938938,,,,,Plomería,Grifería,Pieza,,,2026-07-13T12:29:20.172447
2001,PEGAMENTO ADHESIVO (CLEFA),250.0,0.0,Creado automáticamente vía escaneo,ARTICULOS_1783960160610_902814,,,,,Materiales,Adhesivos,Frasco,,,2026-07-13T12:29:20.432395
2002,PICAPORTE PARA PUERTA,15.0,0.0,Creado automáticamente vía escaneo,ARTICULOS_1783960160685_35374,,,,,Ferretería,Accesorios,Pieza,,,2026-07-13T12:29:20.538181
2003,CAJAS SOBREPUESTAS,12.0,0.0,Creado automáticamente vía escaneo,ARTICULOS_1783960160777_310664,,,,,Electricidad,Accesorios,Pieza,,,2026-07-13T12:29:20.647571
2004,PLACA TOMA DOBLE,35.0,0.0,Creado automáticamente vía escaneo,ARTICULOS_1783960160870_322467,,,,,Electricidad,Accesorios,Pieza,,,2026-07-13T12:29:20.706776
2005,Clavija (Plano),12.0,0.0,,ARTICULOS_1784035915761_319011,,Novaled,,"{""isCatalog"":false,""general"":40}",,,Unidad,,,2026-07-14
2006,INTERRUPTOR (ARMABLE Doble),35.0,0.0,Creado automáticamente vía escaneo,ARTICULOS_1784035957857_810901,,Novaled,,"{""isCatalog"":false,""general"":20}",,,Unidad,,,2026-07-14
2007,TOMA CORRIENTE (ARMABLE SHUKO Y NEMA),65.0,0.0,Creado automáticamente vía escaneo,ARTICULOS_1784035986017_241977,,Novaled,,"{""isCatalog"":false,""general"":30}",,,Pieza,,,2026-07-14
2008,CABLE ELÉCTRICO #8,2420.0,0.0,10,ARTICULOS_1784036020816_802152,,Novaled,,"{""isCatalog"":false,""general"":1}",,,Rollo,,,2026-07-14
2009,CABLE ELÉCTRICO #10,1495.0,0.0,Creado automáticamente vía escaneo,ARTICULOS_1784036044715_682862,,Novaled,,"{""isCatalog"":false,""general"":1}",,,Rollo,,,2026-07-14
2010,CABLE ELECTRICO #14,660.0,0.0,,ARTICULOS_1784036090864_440702,,Novaled,,"{""isCatalog"":false,""general"":1}",,,Rollo,,,2026-07-14
2011,CINTA AISLANTE,15.0,0.0,Creado automáticamente vía escaneo,ARTICULOS_1784036121183_879713,,Novaled,,"{""isCatalog"":false,""general"":20}",,,Unidad,,,2026-07-14
2012,Térmico 63A,65.0,0.0,,ARTICULOS_1784036157664_25082,,Novaled,,"{""isCatalog"":false,""general"":10}",,,Unidad,,,2026-07-14
2013,Tomacorriente en regleta de 4 salidas toma Nema,95.0,0.0,,ARTICULOS_1784036221837_641601,,Novaled,,"{""isCatalog"":false,""general"":15}",,,Unidad,,,2026-07-14
2014,CORTAPICO FORZA,70.0,0.0,Creado automáticamente vía escaneo,ARTICULOS_1784036283305_542821,,Novaled,,"{""isCatalog"":false,""general"":15}",,,Unidad,,,2026-07-14
2015,DUCHA ELECTRICA,420.0,0.0,Creado automáticamente vía escaneo,ARTICULOS_1784036304736_994549,,Novaled,,"{""isCatalog"":false,""general"":6}",,,Unidad,,,2026-07-14
2016,ELECTRODO 7018,70.0,0.0,Creado automáticamente vía escaneo,ARTICULOS_1784036597641_498600,,Novaled,,"{""isCatalog"":false,""general"":4}",,,Kg,,,2026-07-14
2017,ELECTRODO 6013,70.0,0.0,,ARTICULOS_1784036624592_273878,,Novaled,,"{""isCatalog"":false,""general"":4}",,,Kg,,,2026-07-14
2018,PANEL LED (30X30cm 24W),75.0,0.0,Creado automáticamente vía escaneo,ARTICULOS_1784036681410_424352,,Novaled,,"{""isCatalog"":false,""general"":25}",,,Unidad,,,2026-07-14
2019,PANEL LED (60X60cm 60W),220.0,0.0,Creado automáticamente vía escaneo,ARTICULOS_1784036700398_239264,,Novaled,,"{""isCatalog"":false,""general"":35}",,,Unidad,,,2026-07-14
2020,FUENTE DE ALIMENTACIÓN (DRIVER/60W),95.0,0.0,Creado automáticamente vía escaneo,ARTICULOS_1784036717239_305132,,Novaled,,"{""isCatalog"":false,""general"":20}",,,Unidad,,,2026-07-14
2021,TUBO LED 15W (60CM),25.0,0.0,Creado automáticamente vía escaneo,ARTICULOS_1784036751778_315200,,Novaled,,"{""isCatalog"":false,""general"":10}",,,Unidad,,,2026-07-14
2022,REFLECTOR (100W),250.0,0.0,Creado automáticamente vía escaneo,ARTICULOS_1784036767775_418079,,Novaled,,"{""isCatalog"":false,""general"":10}",,,Unidad,,,2026-07-14
2023,REFLECTOR LED (100W),250.0,0.0,Creado automáticamente vía escaneo,ARTICULOS_1784036775043_924094,,Novaled,,"{""isCatalog"":false,""general"":10}",,,Unidad,,,2026-07-14
2024,ENCHUFE SHUKO DE SOBREPONER DE 16A SIMPLE,25.0,0.0,Creado automáticamente vía escaneo,ARTICULOS_1784036799493_353255,,Novaled,,"{""isCatalog"":false,""general"":50}",,,Unidad,,,2026-07-14
2025,TUBOS LED 20 W DE 1.20 M DE 220V BLANCO AHUMADO (CAJA 30 U.),750.0,0.0,Creado automáticamente vía escaneo,ARTICULOS_1784566930785_693464,,Novaled,,"{""isCatalog"":false,""general"":1}",,,Unidad,,,2026-07-20
2026,PANEL LED 18W CIRCULAR DE SOBRE PONER,50.0,0.0,Creado automáticamente vía escaneo,ARTICULOS_1784566939132_203216,,Novaled,,"{""isCatalog"":false,""general"":10}",,,Unidad,,,2026-07-20
2027,PANEL LED 60X60 W DE EMPOTRAR,195.0,0.0,Creado automáticamente vía escaneo,ARTICULOS_1784566953174_207089,,Novaled,,"{""isCatalog"":false,""general"":5}",,,Unidad,,,2026-07-20
2028,CINTA AISLANTE DE 20 YARDAS NEGRO,15.0,0.0,Creado automáticamente vía escaneo,ARTICULOS_1784566959234_684802,,Novaled,,"{""isCatalog"":false,""general"":10}",,,Unidad,,,2026-07-20
2029,CORTAPICO 6 TOMAS CON CABLE DE 3 METROS,110.0,0.0,Creado automáticamente vía escaneo,ARTICULOS_1784566965130_433112,,Novaled,,"{""isCatalog"":false,""general"":3}",,,Unidad,,,2026-07-20
2030,CLAVIJA SCHUKO,15.0,0.0,Creado automáticamente vía escaneo,ARTICULOS_1784566978376_956444,,Novaled,,"{""isCatalog"":false,""general"":6}",,,Unidad,,,2026-07-20
2031,CLAVIJA,12.0,0.0,Creado automáticamente vía escaneo,ARTICULOS_1784566983407_368697,,Novaled,,"{""isCatalog"":false,""general"":6}",,,Unidad,,,2026-07-20
2032,TUBOS LED 20 W DE 1.20 M DE 220V BLANCO AHUMADO (CAJA 30 U.),750.0,0.0,Creado automáticamente vía escaneo,ARTICULOS_1784567130574_512977,,Novaled,,"{""isCatalog"":false,""general"":1}",,,Caja,,,2026-07-20
2033,CLAVIJA,10.0,0.0,Creado automáticamente vía escaneo,ARTICULOS_1784567533824_569779,,Novaled,,"{""isCatalog"":false,""general"":6}",,,Unidad,,,2026-07-20
2034,ABRASADERAS DE 1 PULGADA BOLSA. DE 50 UNIDADES,0.0,0.0,,ARTICULOS_1784569732374_166034,,Novaled,,"{""isCatalog"":false,""general"":1}",,,Bolsa,,,2026-07-20
2035,TORNILLO DE ENCARNE NRO 10,0.0,0.0,,ARTICULOS_1784569760848_814108,,Novaled,,"{""isCatalog"":false,""general"":50}",,,Unidad,,,2026-07-20
2036,TORNILLO DE ENCARNE NRO 6,0.0,0.0,,ARTICULOS_1784569776198_358159,,Novaled,,"{""isCatalog"":false,""general"":3000}",,,Unidad,,,2026-07-20
2037,TORNILLO DE ENCARNE NRO 5,0.0,0.0,,ARTICULOS_1784569787949_165599,,Novaled,,"{""isCatalog"":false,""general"":1000}",,,Unidad,,,2026-07-20
2038,VOLANDA O ARANDELA NRO 10,0.0,0.0,,ARTICULOS_1784569809035_141614,,Novaled,,"{""isCatalog"":false,""general"":50}",,,Unidad,,,2026-07-20
2039,VOLANDA O ARANDELA NRO 6,0.0,0.0,,ARTICULOS_1784569824459_754692,,Novaled,,"{""isCatalog"":false,""general"":3000}",,,Unidad,,,2026-07-20
2040,VOLANDA O ARANDELA NRO 5,0.0,0.0,,ARTICULOS_1784569840349_720890,,Novaled,,"{""isCatalog"":false,""general"":1000}",,,Unidad,,,2026-07-20
2041,BROCA PARA CONCRETO NRO 10 MM,0.0,0.0,,ARTICULOS_1784569872240_94944,,Novaled,,"{""isCatalog"":false,""general"":5}",,,Unidad,,,2026-07-20
2042,BROCA PARA CONCRETO NRO 6 MM,0.0,0.0,,ARTICULOS_1784569890919_659836,,Novaled,,"{""isCatalog"":false,""general"":10}",,,Unidad,,,2026-07-20
2043,BROCA PARA CONCRETO NRO 5 MM,0.0,0.0,,ARTICULOS_1784569905481_700966,,Novaled,,"{""isCatalog"":false,""general"":10}",,,Unidad,,,2026-07-20
2044,BROCA PARA METAL NRO 6 MM,0.0,0.0,,ARTICULOS_1784569934442_235139,,Novaled,,"{""isCatalog"":false,""general"":5}",,,Unidad,,,2026-07-20
2045,BROCA PARA METAL NRO 5 MM,0.0,0.0,,ARTICULOS_1784569952375_880645,,Novaled,,"{""isCatalog"":false,""general"":5}",,,Unidad,,,2026-07-20
2046,BROCA PARA METAL NRO 3 MM,0.0,0.0,,ARTICULOS_1784569966170_700467,,Novaled,,"{""isCatalog"":false,""general"":5}",,,Unidad,,,2026-07-20
2047,GRAPAS DE PARED DE 1 PULGADA,0.0,0.0,,ARTICULOS_1784569989112_205513,,Novaled,,"{""isCatalog"":false,""general"":5}",,,Caja,,,2026-07-20
2048,GRAPAS DE PARED DE 3/4 DE PULGADA,0.0,0.0,,ARTICULOS_1784570026113_901675,,Novaled,,"{""isCatalog"":false,""general"":5}",,,Caja,,,2026-07-20
2049,HOJA DE SIERRA PARA METAL,0.0,0.0,,ARTICULOS_1784570045369_415763,,Novaled,,"{""isCatalog"":false,""general"":5}",,,Unidad,,,2026-07-20
2050,CUCHILLA PARA ESTILETTE,0.0,0.0,,ARTICULOS_1784570059179_83744,,Novaled,,"{""isCatalog"":false,""general"":10}",,,Unidad,,,2026-07-20
2051,CABLE UTP CAT 6 305MTS,0.0,0.0,,ARTICULOS_1784570083600_797690,,Novaled,,"{""isCatalog"":false,""general"":6}",,,Caja,,,2026-07-20
2052,PATCHCORD CAT 6 DE 5 MTS,0.0,0.0,,ARTICULOS_1784570106634_961018,,Novaled,,"{""isCatalog"":false,""general"":50}",,,Unidad,,,2026-07-20
2053,PATCH PANNEL DE 24 PUERTOS CAT 6,0.0,0.0,,ARTICULOS_1784570129206_702405,,Novaled,,"{""isCatalog"":false,""general"":4}",,,Unidad,,,2026-07-20
2054,MODULO PARA JACK DOBLE CAT 6,0.0,0.0,,ARTICULOS_1784570152785_356055,,Novaled,,"{""isCatalog"":false,""general"":60}",,,Unidad,,,2026-07-20
2055,JACK CAT 6,0.0,0.0,,ARTICULOS_1784570174199_16563,,Novaled,,"{""isCatalog"":false,""general"":120}",,,Unidad,,,2026-07-20
2056,PATCHCORD CAT 6 DE 1 MTW TIPO CINTA,0.0,0.0,,ARTICULOS_1784570199564_385878,,Novaled,,"{""isCatalog"":false,""general"":50}",,,Unidad,,,2026-07-20
2057,PATCHCORD CAT 6 DE 1 MTS TIPO CINTA,0.0,0.0,,ARTICULOS_1784570205831_127054,,Novaled,,"{""isCatalog"":false,""general"":50}",,,Unidad,,,2026-07-20
2058,RJ45 CAT 6 CARCASA METÁLICA CAJA DE 100 UNIDADES,0.0,0.0,,ARTICULOS_1784570238508_700341,,Novaled,,"{""isCatalog"":false,""general"":3}",,,Caja,,,2026-07-20
2059,CINTA VELCRO PARA CABLES ROLLO,0.0,0.0,,ARTICULOS_1784570262980_625692,,Novaled,,"{""isCatalog"":false,""general"":5}",,,Rollo,,,2026-07-20
2060,CABLE HDMI TIPO CINTA DE 30MTS,0.0,0.0,,ARTICULOS_1784570293936_458402,,Novaled,,"{""isCatalog"":false,""general"":6}",,,Unidad,,,2026-07-20
2061,CABLE HDMI TIPO CINTA DE 20MTS,0.0,0.0,,ARTICULOS_1784570310334_199837,,Novaled,,"{""isCatalog"":false,""general"":5}",,,Unidad,,,2026-07-20
2062,CABLE HDMI TIPO CINTA DE 10MTS,0.0,0.0,,ARTICULOS_1784570327427_135781,,Novaled,,"{""isCatalog"":false,""general"":5}",,,Unidad,,,2026-07-20
2063,HUB HDMI 4X1,0.0,0.0,,ARTICULOS_1784570347355_403881,,Novaled,,"{""isCatalog"":false,""general"":3}",,,Unidad,,,2026-07-20
2064,Candado Metalico 80x80mm marca PAPAIZ,140.0,0.0,Creado automáticamente vía escaneo,ARTICULOS_1784662477194_901189,,Novaled,,"{""isCatalog"":false,""general"":3}",,,Pza,,,2026-07-21
2065,Panel led 60x60 empotrable EUROLIGHTING,225.0,0.0,Creado automáticamente vía escaneo,ARTICULOS_1784662509933_708922,,Novaled,,"{""isCatalog"":false,""general"":20}",,,Unidad,,,2026-07-21
2066,Juego de Baño completo lavamanos y accesorios NACIONAL,1400.0,0.0,Creado automáticamente vía escaneo,ARTICULOS_1784662525830_975108,,Novaled,,"{""isCatalog"":false,""general"":1}",,,Unidad,,,2026-07-21
2067,Niple de Plástico de ½ x ½ IPS INDUSTRIA ARGENTINA,8.0,0.0,J.P.S Ind. Argentina,ARTICULOS_1784662600447_792943,,Novaled,,"{""isCatalog"":false,""general"":48}",,,Unidad,,,2026-07-21
2068,Detector de movimiento rango 360° BRASILIAN,95.0,0.0,Creado automáticamente vía escaneo,ARTICULOS_1784662627892_740458,,Novaled,,"{""isCatalog"":false,""general"":8}",,,Unidad,,,2026-07-21
2069,Térmico de 60 amp SICA,66.5,0.0,,ARTICULOS_1784662681554_27144,,Novaled,,"{""isCatalog"":false,""general"":4}",,,Unidad,,,2026-07-21
2070,Interruptor Simple UYUSTOOLS,25.0,0.0,Creado automáticamente vía escaneo,ARTICULOS_1784662723927_233114,,Novaled,,"{""isCatalog"":false,""general"":10}",,,Unidad,,,2026-07-21
2071,Grifo para urinario con pulsador temporizador FV,160.0,0.0,Creado automáticamente vía escaneo,ARTICULOS_1784662742207_782701,,Novaled,,"{""isCatalog"":false,""general"":2}",,,Unidad,,,2026-07-21
2072,"Balde de Masa corrida de 3,5 litros MONOPOL",115.0,0.0,Creado automáticamente vía escaneo,ARTICULOS_1784662757556_843937,,Novaled,,"{""isCatalog"":false,""general"":1}",,,Unidad,,,2026-07-21
2073,"Balde de Masa corrida de 3,5 litros MONOPOL",115.0,0.0,Creado automáticamente vía escaneo,ARTICULOS_1784662783200_427592,,Novaled,,"{""isCatalog"":false,""general"":1}",,,BALDE,,,2026-07-21
2074,"Pegamento adhesivo (Clefa) de 3,6 litros KISAFIX",250.0,0.0,Creado automáticamente vía escaneo,ARTICULOS_1784662810592_630992,,Novaled,,"{""isCatalog"":false,""general"":1}",,,Unidad,,,2026-07-21
2075,Picaporte metálico para puerta de 3” UYUSTOOLS,15.0,0.0,Creado automáticamente vía escaneo,ARTICULOS_1784662855770_835763,,Novaled,,"{""isCatalog"":false,""general"":6}",,,Unidad,,,2026-07-21
2076,Placa tomacorriente c/tierra UYUSTOOLS,35.0,0.0,,ARTICULOS_1784662898616_10028,,Novaled,,"{""isCatalog"":false,""general"":30}",,,Unidad,,,2026-07-21
2077,"BROCHA de 2"" TIGRE",35.0,0.0,,ARTICULOS_1784662919970_163452,,Novaled,,"{""isCatalog"":false,""general"":4}",,,Unidad,,,2026-07-21
2078,"BROCHA de 1"" TIGRE",25.0,0.0,,ARTICULOS_1784662941086_14505,,Novaled,,"{""isCatalog"":false,""general"":4}",,,Unidad,,,2026-07-21
2079,RODILLO ANTIGOTEO TIGRE,70.0,0.0,,ARTICULOS_1784662959548_756571,,Novaled,,"{""isCatalog"":false,""general"":6}",,,Unidad,,,2026-07-21
2080,Llave de grifo individual para lavamanos de ½ x ½ FV,180.0,0.0,Creado automáticamente vía escaneo,ARTICULOS_1784663009103_128621,,Novaled,,"{""isCatalog"":false,""general"":2}",,,Unidad,,,2026-07-21
2081,Detector de movimiento rango 360° BRASILIAN,95.0,0.0,Creado automáticamente vía escaneo,ARTICULOS_1784663017138_189647,,Novaled,,"{""isCatalog"":false,""general"":10}",,,Unidad,,,2026-07-21
2082,Enchufe clavija plana ULTRA,10.0,0.0,Creado automáticamente vía escaneo,ARTICULOS_1784663027643_141502,,Novaled,,"{""isCatalog"":false,""general"":15}",,,Unidad,,,2026-07-21
2083,JUEGO DE BAÑO,1400.0,0.0,Creado automáticamente vía escaneo,ARTICULOS_1784663459047_779379,,Novaled,,"{""isCatalog"":false,""general"":1}",,,Juego,,,2026-07-21
2084,MASA CORRIDA,115.0,0.0,Creado automáticamente vía escaneo,ARTICULOS_1784663472493_492910,,Novaled,,"{""isCatalog"":false,""general"":1}",,,Balde,,,2026-07-21
2085,PEGAMENTO ADHESIVO (CLEFA),250.0,0.0,Creado automáticamente vía escaneo,ARTICULOS_1784663489282_103087,,Novaled,,"{""isCatalog"":false,""general"":1}",,,Frasco,,,2026-07-21
2086,TUBO LED,27.0,0.0,Creado automáticamente vía escaneo,ARTICULOS_1784663504185_241059,,Novaled,,"{""isCatalog"":false,""general"":220}",,,Unidad,,,2026-07-21
2087,CANDADO,140.0,0.0,Creado automáticamente vía escaneo,ARTICULOS_1784663511267_640932,,Novaled,,"{""isCatalog"":false,""general"":3}",,,Unidad,,,2026-07-21
2088,PANELES LED 60X60 CM PARA SOBREPONER DE 60W 220V LUZ BLANCA,230.0,0.0,Creado automáticamente vía escaneo,ARTICULOS_1784823922048_309616,,Novaled,,"{""isCatalog"":false,""general"":80}",,,Pieza,,,2026-07-23
2089,FOCO LED TIPO BOTELLA DE 40 WHATTS 220V E27,45.0,0.0,Creado automáticamente vía escaneo,ARTICULOS_1784823927717_841332,,Novaled,,"{""isCatalog"":false,""general"":40}",,,Pieza,,,2026-07-23
2090,CABLE UTP CAT6 305MTS,1850.0,0.0,Creado automáticamente vía escaneo,ARTICULOS_1784823934352_67445,,Novaled,,"{""isCatalog"":false,""general"":5}",,,Caja,,,2026-07-23
2091,Rollo cable #12 de 7 hilos (Rollo de 100 metros),950.0,0.0,Creado automáticamente vía escaneo,ARTICULOS_1784830722867_127864,,Novaled,,"{""isCatalog"":false,""general"":1}",,,Rollo,,,2026-07-23
2092,Rollo cable #14 de 7 hilos (Rollo de 100 metros),680.0,0.0,Creado automáticamente vía escaneo,ARTICULOS_1784830732194_923748,,Novaled,,"{""isCatalog"":false,""general"":1}",,,Rollo,,,2026-07-23
2093,Cable N°12 de 7 hilos (rollo 100 metros),980.0,0.0,,ARTICULOS_1784920310675_563300,,Novaled,,"{""isCatalog"":false,""general"":1}",,,Rollo,,,2026-07-24
2094,PLACADOBLE TOMACORRIENTE,38.0,0.0,ENCHEFE,ARTICULOS_1784920321773_536332,,Novaled,,"{""isCatalog"":false,""general"":6}",,,Unidad,,,2026-07-24
2095,PLACA INTERRUPTOR SIMPLE,30.0,0.0,INTERRUPTOR,ARTICULOS_1784920337338_317864,,Novaled,,"{""isCatalog"":false,""general"":6}",,,Unidad,,,2026-07-24
2096,CAJA SOBREPUESTA,15.0,0.0,Creado automáticamente vía escaneo,ARTICULOS_1784920344661_220220,,Novaled,,"{""isCatalog"":false,""general"":6}",,,Unidad,,,2026-07-24
2097,CANDADO 60mm,180.0,0.0,60mm,ARTICULOS_1784920362654_894142,,Novaled,,"{""isCatalog"":false,""general"":5}",,,Unidad,,,2026-07-24
2098,"LUMINARIAS PUBLICAS DE 150WATTS, CON FOTOCELULA Y PROTECCIÓN SOBRETENSIÓN LUZ BLANCA TECNOLOGÍA LED Y BRAZO INCLUÍDO",950.0,0.0,"Fotocélula y protección sobretensión, luz blanca, tecnología LED, garantía un año",ARTICULOS_1785512148595_377012,,Novaled,,"{""isCatalog"":false,""general"":1}",,,Pieza,,,2026-07-31
2099,"LUMINARIAS PUBLICAS DE 150WATTS, CON FOTOCELULA Y PROTECCIÓN SOBRETENSIÓN LUZ BLANCA TECNOLOGÍA LED Y BRAZO INCLUÍDO",950.0,0.0,"Fotocélula y protección sobretensión, luz blanca, tecnología LED, garantía un año",ARTICULOS_1785512236096_342373,,Novaled,,"{""isCatalog"":false,""general"":7}",,,Pieza,,,2026-07-31
2100,TUBOS LED 20 W DE 1.20 m DE 220V BLANCO AHUMADO (CAJA 30 U.),750.0,0.0,(Según especificaciones técnicas y propuesta adjudicada),ARTICULOS_1785523634827_885906,,Novaled,,"{""isCatalog"":false,""general"":1}",,,Caja,,,2026-07-31
2101,PANEL LED 60X60 W DE EMPOTRAR,195.0,0.0,(Según especificaciones técnicas y propuesta adjudicada),ARTICULOS_1785523687732_119282,,Novaled,,"{""isCatalog"":false,""general"":5}",,,Metros,,,2026-07-31
2102,PANAL LED 18W CIRCULAR DE SOBRE PONER,50.0,0.0,(Según especificaciones técnicas y propuesta adjudicada),ARTICULOS_1785523712176_163048,,Novaled,,"{""isCatalog"":false,""general"":10}",,,Pieza,,,2026-07-31
2103,CINTA AISLANTE DE 20 YARDAS NEGRO,15.0,0.0,(Según especificaciones técnicas y propuesta adjudicada),ARTICULOS_1785523722312_755880,,Novaled,,"{""isCatalog"":false,""general"":10}",,,Metros,,,2026-07-31
2104,CORTAPICO 6 TOMAS CON CABLE DE 3 METROS,110.0,0.0,(Según especificaciones técnicas y propuesta adjudicada),ARTICULOS_1785523745269_794279,,Novaled,,"{""isCatalog"":false,""general"":3}",,,Pieza,,,2026-07-31
2105,CLAVIJAS SCHOCKO,15.0,0.0,(Según especificaciones técnicas y propuesta adjudicada),ARTICULOS_1785523790699_428275,,Novaled,,"{""isCatalog"":false,""general"":6}",,,Metros,,,2026-07-31
2106,CLAVIJAS,10.0,0.0,(Según especificaciones técnicas y propuesta adjudicada),ARTICULOS_1785523798341_288089,,Novaled,,"{""isCatalog"":false,""general"":6}",,,Metros,,,2026-07-31
