id,clienteNombre,fecha,subtotal,impuesto,descuento,descuentoPorcentaje,total,itemsJson,notas,terminos,incluyeFirmaEmpresa,incluyeFirmaCliente,mostrarTerminos,mostrarAhorro,tipo_venta,tipo_documento,vendedor,metodo_pago,estado_pago,comprobante_img,comprobado,saldo_cancelado,folderId,uuid,displayId,clienteTelefono,clienteCorreo,estado,sucursal
2,Test,2026-06-25,100.0,0.0,0.0,0.0,100.0,[],,,0,0,1,1,punto_venta,proforma,JOEL,Transferencia Bancaria,por_cobrar,,0,0.0,,PROF_TEST_3743,,,,pendiente,C. Isaac Tamayo #840 La Paz - Bolivia
4,FRATELLI,2026-07-09,2930.0,0.0,0.0,0.0,2930.0,"[{""articulo"":{""nombre"":""TRANSFORMADOR 2000W marca ZAFIRO hecho en China"",""precio"":950.0,""precioCaja"":0.0,""descripcion"":"""",""folderId"":null,""finalArtId"":null,""proveedor"":""Novaled"",""codCaja"":null,""stockJson"":""{\""isCatalog\"":false,\""general\"":1}"",""familia"":"""",""subcategoria"":"""",""unidad"":""Unidad"",""unidadDetalle"":"""",""imagen"":null,""fecha"":""2026-07-09"",""id"":1973},""precioOriginal"":950.0,""cantidad"":1},{""articulo"":{""nombre"":""TRANSFORMADOR 2000W marca PHONOVOX hecho en ESPAÑA"",""precio"":1980.0,""precioCaja"":0.0,""descripcion"":"""",""folderId"":null,""finalArtId"":null,""proveedor"":""Novaled"",""codCaja"":null,""stockJson"":""{\""isCatalog\"":false,\""general\"":1}"",""familia"":"""",""subcategoria"":"""",""unidad"":""Unidad"",""unidadDetalle"":"""",""imagen"":null,""fecha"":""2026-07-09"",""id"":1974},""precioOriginal"":1980.0,""cantidad"":1}]",Validez de cotización 10 días ,"- Validez de la oferta: 5 días.
- Garantía: Según especificaciones del fabricante.
- Forma de pago: Contado/Transferencia.",0,0,0,0,punto_venta,proforma,JOEL,Transferencia Bancaria,por_cobrar,,1,0.0,,04c898f3-6fad-4d2a-9f5d-d13b78b7dda0,66,,,pendiente,C. Isaac Tamayo #840 La Paz - Bolivia
5,Prueba,2026-07-13 12:04:30,480.0,0.0,0.0,0.0,480.0,"[{""articulo"":{""nombre"":""Cable pasa corriente bateria auto"",""precio"":160.0,""precioCaja"":0.0,""descripcion"":"""",""folderId"":""1__kAPQHi0o42DQMIaLTES_gg9UIkGSXO"",""finalArtId"":null,""proveedor"":""Novaled"",""codCaja"":null,""stockJson"":""{\""isCatalog\"":false}"",""familia"":"""",""subcategoria"":"""",""unidad"":""Unidad"",""unidadDetalle"":"""",""imagen"":null,""fecha"":"""",""id"":2},""precioOriginal"":160.0,""cantidad"":3}]",,"- Validez de la oferta: 5 días.
- Garantía: Según especificaciones del fabricante.
- Forma de pago: Contado/Transferencia.",0,0,0,0,punto_venta,proforma,JOEL,Transferencia Bancaria,por_cobrar,,1,0.0,,0e65ffaf-285d-42fa-aa27-06964335e86a,,,,pendiente,C. Isaac Tamayo #840 La Paz - Bolivia
6,Almir Villca,2026-07-10,160.0,0.0,0.0,0.0,160.0,"[{""articulo"":{""nombre"":""Cable pasa corriente bateria auto"",""precio"":160.0,""precioCaja"":0.0,""descripcion"":"""",""folderId"":""1__kAPQHi0o42DQMIaLTES_gg9UIkGSXO"",""finalArtId"":null,""proveedor"":""Novaled"",""codCaja"":null,""stockJson"":""{\""isCatalog\"":false}"",""familia"":"""",""subcategoria"":"""",""unidad"":""Unidad"",""unidadDetalle"":"""",""imagen"":null,""fecha"":"""",""id"":2},""precioOriginal"":160.0,""cantidad"":1}]",,"- Validez de la oferta: 3 días.
- Garantía: Según especificaciones del fabricante.
- Forma de pago: Contado/Transferencia.",0,0,1,0,punto_venta,proforma,JOEL,Transferencia Bancaria,por_cobrar,,1,0.0,,7952004e-3d1a-4914-8f60-5c96fd556a01,,,,pendiente,C. Isaac Tamayo #840 La Paz - Bolivia
7,Gabriel Cumali,2026-07-13 10:58:39,2050.0,0.0,0.0,0.0,2050.0,"[{""articulo"":{""nombre"":""Perfiles de Alumnio"",""precio"":70.0,""precioCaja"":0.0,""descripcion"":"""",""folderId"":null,""finalArtId"":null,""proveedor"":""Novaled"",""codCaja"":null,""stockJson"":""{}"",""familia"":"""",""subcategoria"":"""",""unidad"":""Barra"",""unidadDetalle"":"""",""imagen"":null,""fecha"":""2026-07-13""},""precioOriginal"":70.0,""cantidad"":5},{""articulo"":{""nombre"":""Cable N°12 de 7 hilos (rollo 100 metros)"",""precio"":850.0,""precioCaja"":0.0,""descripcion"":"""",""folderId"":""1DYUvQ9RJOKDSagYkDTyiu9Ez3lhTJ82K"",""finalArtId"":null,""proveedor"":""Novaled"",""codCaja"":null,""stockJson"":""{\""isCatalog\"":false}"",""familia"":"""",""subcategoria"":"""",""unidad"":""Rollo"",""unidadDetalle"":"""",""imagen"":null,""fecha"":"""",""id"":592},""precioOriginal"":470.0,""cantidad"":2}]",,"- Validez de la oferta: 10 días calendario
- Forma de pago: Vía SIGEP
- Lugar de entrega: Almacenes del cliente ",0,0,1,0,punto_venta,proforma,JOEL,Transferencia Bancaria,por_cobrar,,1,0.0,,411a49df-8102-43bf-9e32-0d3ffbc74f75,,,,pendiente,C. Isaac Tamayo #840 La Paz - Bolivia
8,SENASIR,2026-07-14,19577.0,0.0,0.0,0.0,19577.0,"[{""articulo"":{""nombre"":""Candado"",""precio"":140.0,""precioCaja"":0.0,""descripcion"":""Material: Metálico\nMedida: 80 x 80 mm\nAccesorios: Juego de 2 llaves"",""folderId"":""1meWQsVebfK4tcnqdy87ymyvT2_s3TtVt"",""finalArtId"":null,""proveedor"":""Novaled"",""codCaja"":null,""stockJson"":""{\""isCatalog\"":false,\""general\"":22}"",""familia"":""Ferretería"",""subcategoria"":""Candados"",""unidad"":""Pieza"",""unidadDetalle"":"""",""imagen"":null,""fecha"":""2026-07-01"",""id"":1115},""precioOriginal"":140.0,""cantidad"":3},{""articulo"":{""nombre"":""Tubo LED"",""precio"":27.0,""precioCaja"":0.0,""descripcion"":"""",""folderId"":""1_eES9hap0UM6sY6BPZEIlhCmRXON59YT"",""finalArtId"":null,""proveedor"":""Novaled"",""codCaja"":null,""stockJson"":""{\""isCatalog\"":false}"",""familia"":""Iluminación"",""subcategoria"":""Tubos LED"",""unidad"":""Unidad"",""unidadDetalle"":"""",""imagen"":null,""fecha"":"""",""id"":10},""precioOriginal"":27.0,""cantidad"":220},{""articulo"":{""nombre"":""Panel LED"",""precio"":225.0,""precioCaja"":0.0,""descripcion"":"""",""folderId"":""104WXxeuOvf_rZFLsDk0VX7BxHlReVPvB"",""finalArtId"":null,""proveedor"":""Novaled"",""codCaja"":null,""stockJson"":""{\""isCatalog\"":false}"",""familia"":""Iluminación"",""subcategoria"":""Paneles LED"",""unidad"":""Unidad"",""unidadDetalle"":"""",""imagen"":null,""fecha"":"""",""id"":55},""precioOriginal"":55.0,""cantidad"":20},{""articulo"":{""nombre"":""JUEGO DE BAÑO"",""precio"":1400.0,""precioCaja"":0.0,""descripcion"":""Creado automáticamente vía escaneo"",""folderId"":null,""finalArtId"":null,""proveedor"":null,""codCaja"":null,""stockJson"":null,""familia"":""Sanitarios"",""subcategoria"":""Juegos de baño"",""unidad"":""Juego"",""unidadDetalle"":"""",""imagen"":null,""fecha"":""2026-07-13T12:29:19.482229"",""id"":2012},""precioOriginal"":1400.0,""cantidad"":1},{""articulo"":{""nombre"":""CORTAPICO"",""precio"":68.0,""precioCaja"":0.0,""descripcion"":""Número de vías: 6 salidas, Longitud de cable: > 1 metro, Presentación: Individual"",""folderId"":""ARTICULOS_1782517992927_56292"",""finalArtId"":null,""proveedor"":""Novaled"",""codCaja"":null,""stockJson"":""{\""isCatalog\"":true}"",""familia"":""Ferretería"",""subcategoria"":""Cortapicos"",""unidad"":""PIEZA"",""unidadDetalle"":"""",""imagen"":null,""fecha"":""2026-06-26T19:53:12.819897"",""id"":1989},""precioOriginal"":68.0,""cantidad"":20},{""articulo"":{""nombre"":""LLAVE DE GRIFO"",""precio"":180.0,""precioCaja"":0.0,""descripcion"":""Creado automáticamente vía escaneo"",""folderId"":null,""finalArtId"":null,""proveedor"":null,""codCaja"":null,""stockJson"":null,""familia"":""Plomería"",""subcategoria"":""Llaves"",""unidad"":""Pieza"",""unidadDetalle"":"""",""imagen"":null,""fecha"":""2026-07-13T12:29:19.569238"",""id"":2013},""precioOriginal"":180.0,""cantidad"":3},{""articulo"":{""nombre"":""Niple"",""precio"":8.0,""precioCaja"":0.0,""descripcion"":"""",""folderId"":""1Jt8tx925SrnexHg-ynlGRJxAKJR_twAA"",""finalArtId"":null,""proveedor"":""Novaled"",""codCaja"":null,""stockJson"":""{\""isCatalog\"":false}"",""familia"":""Plomería"",""subcategoria"":""Conectores"",""unidad"":""Unidad"",""unidadDetalle"":"""",""imagen"":null,""fecha"":"""",""id"":968},""precioOriginal"":8.0,""cantidad"":48},{""articulo"":{""nombre"":""DETECTOR DE MOVIMIENTO"",""precio"":95.0,""precioCaja"":0.0,""descripcion"":""Creado automáticamente vía escaneo"",""folderId"":null,""finalArtId"":null,""proveedor"":null,""codCaja"":null,""stockJson"":null,""familia"":""Seguridad"",""subcategoria"":""Sensores"",""unidad"":""Pieza"",""unidadDetalle"":"""",""imagen"":null,""fecha"":""2026-07-13T12:29:19.726168"",""id"":2014},""precioOriginal"":95.0,""cantidad"":8},{""articulo"":{""nombre"":""TERMICO DE 60 AMP."",""precio"":66.5,""precioCaja"":0.0,""descripcion"":""Creado automáticamente vía escaneo"",""folderId"":null,""finalArtId"":null,""proveedor"":null,""codCaja"":null,""stockJson"":null,""familia"":""Electricidad"",""subcategoria"":""Protecciones"",""unidad"":""Pieza"",""unidadDetalle"":"""",""imagen"":null,""fecha"":""2026-07-13T12:29:19.801811"",""id"":2015},""precioOriginal"":66.5,""cantidad"":4},{""articulo"":{""nombre"":""TERMICO DE 32 AMP."",""precio"":65.0,""precioCaja"":0.0,""descripcion"":""Creado automáticamente vía escaneo"",""folderId"":null,""finalArtId"":null,""proveedor"":null,""codCaja"":null,""stockJson"":null,""familia"":""Electricidad"",""subcategoria"":""Protecciones"",""unidad"":""Pieza"",""unidadDetalle"":"""",""imagen"":null,""fecha"":""2026-07-13T12:29:19.880886"",""id"":2016},""precioOriginal"":65.0,""cantidad"":4},{""articulo"":{""nombre"":""TERMICO DE 25 AMP."",""precio"":65.0,""precioCaja"":0.0,""descripcion"":""Creado automáticamente vía escaneo"",""folderId"":null,""finalArtId"":null,""proveedor"":null,""codCaja"":null,""stockJson"":null,""familia"":""Electricidad"",""subcategoria"":""Protecciones"",""unidad"":""Pieza"",""unidadDetalle"":"""",""imagen"":null,""fecha"":""2026-07-13T12:29:19.935533"",""id"":2017},""precioOriginal"":65.0,""cantidad"":8},{""articulo"":{""nombre"":""TERMICO DE 20 AMP."",""precio"":65.0,""precioCaja"":0.0,""descripcion"":""Creado automáticamente vía escaneo"",""folderId"":null,""finalArtId"":null,""proveedor"":null,""codCaja"":null,""stockJson"":null,""familia"":""Electricidad"",""subcategoria"":""Protecciones"",""unidad"":""Pieza"",""unidadDetalle"":"""",""imagen"":null,""fecha"":""2026-07-13T12:29:20.011450"",""id"":2018},""precioOriginal"":65.0,""cantidad"":4},{""articulo"":{""nombre"":""INTERRUPTOR"",""precio"":25.0,""precioCaja"":0.0,""descripcion"":"""",""folderId"":""1_1kPC1NISAUNZc6QZYlg7KN0Go8W91q5"",""finalArtId"":null,""proveedor"":""Novaled"",""codCaja"":null,""stockJson"":""{\""isCatalog\"":false}"",""familia"":""Electricidad"",""subcategoria"":""Interruptores"",""unidad"":""Unidad"",""unidadDetalle"":"""",""imagen"":null,""fecha"":"""",""id"":4},""precioOriginal"":25.0,""cantidad"":10},{""articulo"":{""nombre"":""GRIFO PARA URINARIO"",""precio"":160.0,""precioCaja"":0.0,""descripcion"":""Creado automáticamente vía escaneo"",""folderId"":null,""finalArtId"":null,""proveedor"":null,""codCaja"":null,""stockJson"":null,""familia"":""Plomería"",""subcategoria"":""Grifería"",""unidad"":""Pieza"",""unidadDetalle"":"""",""imagen"":null,""fecha"":""2026-07-13T12:29:20.172447"",""id"":2019},""precioOriginal"":160.0,""cantidad"":2},{""articulo"":{""nombre"":""Masa corrida"",""precio"":115.0,""precioCaja"":0.0,""descripcion"":"""",""folderId"":""1pHuIqQIcL_WnTBprUQdIyyG-Gu-CRyLU"",""finalArtId"":null,""proveedor"":""Novaled"",""codCaja"":null,""stockJson"":""{\""isCatalog\"":false}"",""familia"":""Construcción"",""subcategoria"":""Materiales"",""unidad"":""Unidad"",""unidadDetalle"":"""",""imagen"":null,""fecha"":"""",""id"":1297},""precioOriginal"":115.0,""cantidad"":1},{""articulo"":{""nombre"":""Enchufe clavija plana"",""precio"":10.0,""precioCaja"":0.0,""descripcion"":"""",""folderId"":""13daEm-y5_IpxC4oO9SkD_3dPb2MEUuPf"",""finalArtId"":null,""proveedor"":""Novaled"",""codCaja"":null,""stockJson"":""{\""isCatalog\"":false}"",""familia"":""Electricidad"",""subcategoria"":""Conectores"",""unidad"":""Unidad"",""unidadDetalle"":"""",""imagen"":null,""fecha"":"""",""id"":138},""precioOriginal"":10.0,""cantidad"":16},{""articulo"":{""nombre"":""PEGAMENTO ADHESIVO (CLEFA)"",""precio"":250.0,""precioCaja"":0.0,""descripcion"":""Creado automáticamente vía escaneo"",""folderId"":null,""finalArtId"":null,""proveedor"":null,""codCaja"":null,""stockJson"":null,""familia"":""Materiales"",""subcategoria"":""Adhesivos"",""unidad"":""Frasco"",""unidadDetalle"":"""",""imagen"":null,""fecha"":""2026-07-13T12:29:20.432395"",""id"":2020},""precioOriginal"":250.0,""cantidad"":1},{""articulo"":{""nombre"":""PICAPORTE PARA PUERTA"",""precio"":15.0,""precioCaja"":0.0,""descripcion"":""Creado automáticamente vía escaneo"",""folderId"":null,""finalArtId"":null,""proveedor"":null,""codCaja"":null,""stockJson"":null,""familia"":""Ferretería"",""subcategoria"":""Accesorios"",""unidad"":""Pieza"",""unidadDetalle"":"""",""imagen"":null,""fecha"":""2026-07-13T12:29:20.538181"",""id"":2021},""precioOriginal"":15.0,""cantidad"":6},{""articulo"":{""nombre"":""CAJAS SOBREPUESTAS"",""precio"":12.0,""precioCaja"":0.0,""descripcion"":""Creado automáticamente vía escaneo"",""folderId"":null,""finalArtId"":null,""proveedor"":null,""codCaja"":null,""stockJson"":null,""familia"":""Electricidad"",""subcategoria"":""Accesorios"",""unidad"":""Pieza"",""unidadDetalle"":"""",""imagen"":null,""fecha"":""2026-07-13T12:29:20.647571"",""id"":2022},""precioOriginal"":12.0,""cantidad"":40},{""articulo"":{""nombre"":""PLACA TOMA DOBLE"",""precio"":35.0,""precioCaja"":0.0,""descripcion"":""Creado automáticamente vía escaneo"",""folderId"":null,""finalArtId"":null,""proveedor"":null,""codCaja"":null,""stockJson"":null,""familia"":""Electricidad"",""subcategoria"":""Accesorios"",""unidad"":""Pieza"",""unidadDetalle"":"""",""imagen"":null,""fecha"":""2026-07-13T12:29:20.706776"",""id"":2023},""precioOriginal"":35.0,""cantidad"":30},{""articulo"":{""nombre"":""BROCHA DE 2''"",""precio"":0.0,""precioCaja"":0.0,""descripcion"":""Tipo: Plana; Medida: de 2''; Mango: Madera; Cerdas: Sintéticas"",""folderId"":""ARTICULOS_1782506933321_514492"",""finalArtId"":null,""proveedor"":null,""codCaja"":null,""stockJson"":null,""familia"":""Construcción"",""subcategoria"":""Brochas"",""unidad"":""PIEZA"",""unidadDetalle"":"""",""imagen"":null,""fecha"":""2026-06-26T16:48:52.712571"",""id"":1880},""precioOriginal"":0.0,""cantidad"":4},{""articulo"":{""nombre"":""BROCHA DE 1''"",""precio"":0.0,""precioCaja"":0.0,""descripcion"":""Tipo: Plana; Medida: de 1''; Mango: Madera; Cerdas: Sintética"",""folderId"":""ARTICULOS_1782506933605_610833"",""finalArtId"":null,""proveedor"":null,""codCaja"":null,""stockJson"":null,""familia"":""Construcción"",""subcategoria"":""Brochas"",""unidad"":""PIEZA"",""unidadDetalle"":"""",""imagen"":null,""fecha"":""2026-06-26T16:48:53.029613"",""id"":1881},""precioOriginal"":0.0,""cantidad"":4},{""articulo"":{""nombre"":""Rodillo"",""precio"":42.0,""precioCaja"":0.0,""descripcion"":"""",""folderId"":""13u9o2WaxnT-6UC939N-ImpniI8ZwXgFT"",""finalArtId"":null,""proveedor"":null,""codCaja"":"""",""stockJson"":""{\""isCatalog\"": false}"",""familia"":""Materiales"",""subcategoria"":""Herramientas"",""unidad"":""Unidad"",""unidadDetalle"":"""",""imagen"":null,""fecha"":"""",""id"":155},""precioOriginal"":42.0,""cantidad"":6}]",,"• Recibí conforme los productos detallados.
• No se aceptan devoluciones después de 48 hrs.
• La mercadería viaja por cuenta y riesgo del cliente.",0,0,0,0,punto_venta,proforma,JOEL,Transferencia Bancaria,por_cobrar,,1,0.0,,1a3af298-c2c1-42e8-921a-57b4a865bd2e,,,,pendiente,C. Isaac Tamayo #840 La Paz - Bolivia
9,jffjjgjfjfjffjjfjffjf,2026-07-15 16:37:52,60.0,0.0,33.0,55.0,27.0,"[{""articulo"":{""nombre"":""hdhdjdjdd"",""precio"":20.0,""precioCaja"":0.0,""descripcion"":"""",""folderId"":null,""finalArtId"":null,""proveedor"":""Novaled"",""codCaja"":null,""stockJson"":""{}"",""familia"":"""",""subcategoria"":"""",""unidad"":""UM_490"",""unidadDetalle"":"""",""imagen"":null,""fecha"":""2026-07-15""},""precioOriginal"":20.0,""cantidad"":3}]",,"- Validez de la oferta: 5 días.
- Garantía: Según especificaciones del fabricante.
- Forma de pago: Contado/Transferencia.",0,0,0,0,punto_venta,proforma,JOEL,Transferencia Bancaria,por_cobrar,,1,0.0,,3db1d6fa-6f24-43ac-8a51-4771972c31c5,,,,pendiente,C. Isaac Tamayo #840 La Paz - Bolivia
10,Universidad Mayor de San Andres,2026-07-23 14:19:11,4573.0,0.0,0.0,0.0,4573.0,"[{""articulo"":{""nombre"":""Balde pintura latex 10 Litros Negro"",""precio"":425.0,""precioCaja"":0.0,""descripcion"":""Creado automáticamente vía escaneo"",""folderId"":null,""finalArtId"":null,""proveedor"":null,""codCaja"":null,""stockJson"":null,""familia"":""Ferretería"",""subcategoria"":""Pinturas"",""unidad"":""Unidad"",""unidadDetalle"":"""",""imagen"":null,""fecha"":""2026-07-23T14:17:55.207950""},""precioOriginal"":425.0,""cantidad"":1},{""articulo"":{""nombre"":""Balde de pintura Latex 18 Litros código 25A 2P"",""precio"":1080.0,""precioCaja"":0.0,""descripcion"":""Creado automáticamente vía escaneo"",""folderId"":null,""finalArtId"":null,""proveedor"":null,""codCaja"":null,""stockJson"":null,""familia"":""Ferretería"",""subcategoria"":""Pinturas"",""unidad"":""Unidad"",""unidadDetalle"":"""",""imagen"":null,""fecha"":""2026-07-23T14:17:55.208037""},""precioOriginal"":1080.0,""cantidad"":1},{""articulo"":{""nombre"":""Galón de pintura 3.5L Ocre de la India"",""precio"":240.0,""precioCaja"":0.0,""descripcion"":""Creado automáticamente vía escaneo"",""folderId"":null,""finalArtId"":null,""proveedor"":null,""codCaja"":null,""stockJson"":null,""familia"":""Ferretería"",""subcategoria"":""Pinturas"",""unidad"":""Unidad"",""unidadDetalle"":"""",""imagen"":null,""fecha"":""2026-07-23T14:17:55.208044""},""precioOriginal"":240.0,""cantidad"":2},{""articulo"":{""nombre"":""Rollo cable #12 de 7 hilos (Rollo de 100 metros)"",""precio"":950.0,""precioCaja"":0.0,""descripcion"":""Creado automáticamente vía escaneo"",""folderId"":null,""finalArtId"":null,""proveedor"":""Novaled"",""codCaja"":null,""stockJson"":""{\""isCatalog\"":false,\""general\"":1}"",""familia"":"""",""subcategoria"":"""",""unidad"":""Rollo"",""unidadDetalle"":"""",""imagen"":null,""fecha"":""2026-07-23"",""id"":2091},""precioOriginal"":950.0,""cantidad"":1},{""articulo"":{""nombre"":""Rollo cable #14 de 7 hilos (Rollo de 100 metros)"",""precio"":680.0,""precioCaja"":0.0,""descripcion"":""Creado automáticamente vía escaneo"",""folderId"":null,""finalArtId"":null,""proveedor"":""Novaled"",""codCaja"":null,""stockJson"":""{\""isCatalog\"":false,\""general\"":1}"",""familia"":"""",""subcategoria"":"""",""unidad"":""Rollo"",""unidadDetalle"":"""",""imagen"":null,""fecha"":""2026-07-23"",""id"":2092},""precioOriginal"":680.0,""cantidad"":1},{""articulo"":{""nombre"":""Cable #10 de 7 hilos (Metro)"",""precio"":15.0,""precioCaja"":0.0,""descripcion"":""Creado automáticamente vía escaneo"",""folderId"":null,""finalArtId"":null,""proveedor"":""Novaled"",""codCaja"":null,""stockJson"":""{}"",""familia"":""Electricidad"",""subcategoria"":""Cables"",""unidad"":""Metros"",""unidadDetalle"":"""",""imagen"":null,""fecha"":""2026-07-23T14:17:55.208060""},""precioOriginal"":15.0,""cantidad"":50},{""articulo"":{""nombre"":""Brocha de 2\"" Tigre"",""precio"":29.0,""precioCaja"":0.0,""descripcion"":""Creado automáticamente vía escaneo"",""folderId"":null,""finalArtId"":null,""proveedor"":""Novaled"",""codCaja"":null,""stockJson"":""{}"",""familia"":""Ferretería"",""subcategoria"":""Herramientas"",""unidad"":""Unidad"",""unidadDetalle"":"""",""imagen"":null,""fecha"":""2026-07-23T14:17:55.208063""},""precioOriginal"":29.0,""cantidad"":2},{""articulo"":{""nombre"":""Rodillo Tigre"",""precio"":75.0,""precioCaja"":0.0,""descripcion"":""Creado automáticamente vía escaneo"",""folderId"":null,""finalArtId"":null,""proveedor"":null,""codCaja"":null,""stockJson"":null,""familia"":""Ferretería"",""subcategoria"":""Herramientas"",""unidad"":""Unidad"",""unidadDetalle"":"""",""imagen"":null,""fecha"":""2026-07-23T14:17:55.208067""},""precioOriginal"":75.0,""cantidad"":2}]",,"- Validez de la oferta: 5 días.
- Garantía: Según especificaciones del fabricante.
- Forma de pago: Contado/Transferencia.",0,0,0,0,punto_venta,proforma,JOEL,Transferencia Bancaria,por_cobrar,,1,0.0,,85c7dffe-3e23-41ba-b04d-d49d23cf7e6a,,,,pendiente,C. Isaac Tamayo #840 La Paz - Bolivia
11,Viceministerio de Deporte,2026-07-25,5505.0,0.0,0.0,0.0,5505.0,"[{""articulo"":{""nombre"":""Tubo LED 120cm luz blanca"",""precio"":25.0,""precioCaja"":0.0,""descripcion"":"""",""folderId"":""1Co4LGOZcf9S6koYRkCXca9wPE9r9gYkj"",""finalArtId"":null,""proveedor"":""Novaled"",""codCaja"":null,""stockJson"":""{\""isCatalog\"":false,\""general\"":50}"",""familia"":"""",""subcategoria"":"""",""unidad"":""Unidad"",""unidadDetalle"":"""",""imagen"":null,""fecha"":""2026-07-24"",""id"":529},""precioOriginal"":28.0,""cantidad"":50},{""articulo"":{""nombre"":""Cable N°12 de 7 hilos (rollo 100 metros)"",""precio"":980.0,""precioCaja"":0.0,""descripcion"":"""",""folderId"":null,""finalArtId"":null,""proveedor"":""Novaled"",""codCaja"":null,""stockJson"":""{\""isCatalog\"":false,\""general\"":1}"",""familia"":"""",""subcategoria"":"""",""unidad"":""Rollo"",""unidadDetalle"":"""",""imagen"":null,""fecha"":""2026-07-24"",""id"":2093},""precioOriginal"":0.0,""cantidad"":1},{""articulo"":{""nombre"":""PLACA DOBLE TOMACORRIENTE"",""precio"":40.0,""precioCaja"":0.0,""descripcion"":""ENCHEFE"",""folderId"":null,""finalArtId"":null,""proveedor"":""Novaled"",""codCaja"":null,""stockJson"":""{\""isCatalog\"":false,\""general\"":6}"",""familia"":"""",""subcategoria"":"""",""unidad"":""Unidad"",""unidadDetalle"":"""",""imagen"":null,""fecha"":""2026-07-24"",""id"":2094},""precioOriginal"":38.0,""cantidad"":6},{""articulo"":{""nombre"":""PLACA INTERRUPTOR SIMPLE"",""precio"":30.0,""precioCaja"":0.0,""descripcion"":""INTERRUPTOR"",""folderId"":null,""finalArtId"":null,""proveedor"":""Novaled"",""codCaja"":null,""stockJson"":""{\""isCatalog\"":false,\""general\"":6}"",""familia"":"""",""subcategoria"":"""",""unidad"":""Unidad"",""unidadDetalle"":"""",""imagen"":null,""fecha"":""2026-07-24"",""id"":2095},""precioOriginal"":0.0,""cantidad"":6},{""articulo"":{""nombre"":""CAJA SOBREPUESTA"",""precio"":15.0,""precioCaja"":0.0,""descripcion"":""Creado automáticamente vía escaneo"",""folderId"":null,""finalArtId"":null,""proveedor"":""Novaled"",""codCaja"":null,""stockJson"":""{\""isCatalog\"":false,\""general\"":6}"",""familia"":"""",""subcategoria"":"""",""unidad"":""Unidad"",""unidadDetalle"":"""",""imagen"":null,""fecha"":""2026-07-24"",""id"":2096},""precioOriginal"":0.0,""cantidad"":6},{""articulo"":{""nombre"":""CHAPA DE PUERTA"",""precio"":495.0,""precioCaja"":0.0,""descripcion"":""Creado automáticamente vía escaneo"",""folderId"":null,""finalArtId"":null,""proveedor"":""Novaled"",""codCaja"":null,""stockJson"":""{}"",""familia"":""Ferretería"",""subcategoria"":""Chapas"",""unidad"":""Unidad"",""unidadDetalle"":"""",""imagen"":null,""fecha"":""2026-07-24T15:10:16.800139""},""precioOriginal"":490.0,""cantidad"":2},{""articulo"":{""nombre"":""CANDADO 60mm YALE"",""precio"":355.0,""precioCaja"":0.0,""descripcion"":""60mm"",""folderId"":null,""finalArtId"":null,""proveedor"":""Novaled"",""codCaja"":null,""stockJson"":""{\""isCatalog\"":false,\""general\"":5}"",""familia"":"""",""subcategoria"":"""",""unidad"":""Unidad"",""unidadDetalle"":"""",""imagen"":null,""fecha"":""2026-07-24"",""id"":2097},""precioOriginal"":150.0,""cantidad"":5}]",,"• Recibí conforme los productos detallados.
• No se aceptan devoluciones después de 48 hrs.
• La mercadería viaja por cuenta y riesgo del cliente.",0,0,0,0,punto_venta,proforma,JOEL,Transferencia Bancaria,por_cobrar,,1,0.0,,108cd506-c793-4ca0-af31-2753436d6c59,,,,pendiente,C. Isaac Tamayo #840 La Paz - Bolivia
12,ju,2026-07-25 12:31:57,621.0,0.0,0.0,0.0,621.0,"[{""articulo"":{""nombre"":""Clavija Brasilera 15Amp"",""precio"":15.0,""precioCaja"":0.0,""descripcion"":"""",""folderId"":""1_0d009K6lN1_69boqbiJv3hWfIqkOC-T"",""finalArtId"":null,""proveedor"":""Novaled"",""codCaja"":null,""stockJson"":""{\""isCatalog\"":false,\""general\"":6}"",""familia"":"""",""subcategoria"":"""",""unidad"":""Unidad"",""unidadDetalle"":"""",""imagen"":null,""fecha"":""2026-07-06"",""id"":3},""precioOriginal"":15.01,""cantidad"":1},{""articulo"":{""nombre"":""Lampara tipo LED- tubo LED  12Watts de 60cm"",""precio"":183.0,""precioCaja"":0.0,""descripcion"":"""",""folderId"":""1_OzUEjROfDI_6X7-xkrUmfY17d8klmak"",""finalArtId"":null,""proveedor"":""Novaled"",""codCaja"":null,""stockJson"":""{\""isCatalog\"":false}"",""familia"":"""",""subcategoria"":"""",""unidad"":""Unidad"",""unidadDetalle"":"""",""imagen"":null,""fecha"":"""",""id"":14},""precioOriginal"":18.0,""cantidad"":2},{""articulo"":{""nombre"":""FOCOS LED 120 X 0,30 SOBREPUESTO BLANCAS"",""precio"":240.0,""precioCaja"":0.0,""descripcion"":"""",""folderId"":""1_rseZ-d3gmV5KLajf8ekGt0gvi_YP94x"",""finalArtId"":null,""proveedor"":""Novaled"",""codCaja"":null,""stockJson"":""{\""isCatalog\"":false}"",""familia"":"""",""subcategoria"":"""",""unidad"":""Unidad"",""unidadDetalle"":"""",""imagen"":null,""fecha"":"""",""id"":18},""precioOriginal"":240.0,""cantidad"":1}]",,"- Validez de la oferta: 5 días.
- Garantía: Según especificaciones del fabricante.
- Forma de pago: Contado/Transferencia.",0,0,0,0,punto_venta,proforma,JOEL,Transferencia Bancaria,por_cobrar,,0,0.0,,34d4b591-c555-4f8c-a3d5-d96cc52e88fd,,,,pendiente,C. Isaac Tamayo #840 La Paz - Bolivia
13,ju,2026-07-25 12:32:08,621.0,0.0,0.0,0.0,621.0,"[{""articulo"":{""nombre"":""Clavija Brasilera 15Amp"",""precio"":15.0,""precioCaja"":0.0,""descripcion"":"""",""folderId"":""1_0d009K6lN1_69boqbiJv3hWfIqkOC-T"",""finalArtId"":null,""proveedor"":""Novaled"",""codCaja"":null,""stockJson"":""{\""isCatalog\"":false,\""general\"":6}"",""familia"":"""",""subcategoria"":"""",""unidad"":""Unidad"",""unidadDetalle"":"""",""imagen"":null,""fecha"":""2026-07-06"",""id"":3},""precioOriginal"":15.01,""cantidad"":1},{""articulo"":{""nombre"":""Lampara tipo LED- tubo LED  12Watts de 60cm"",""precio"":183.0,""precioCaja"":0.0,""descripcion"":"""",""folderId"":""1_OzUEjROfDI_6X7-xkrUmfY17d8klmak"",""finalArtId"":null,""proveedor"":""Novaled"",""codCaja"":null,""stockJson"":""{\""isCatalog\"":false}"",""familia"":"""",""subcategoria"":"""",""unidad"":""Unidad"",""unidadDetalle"":"""",""imagen"":null,""fecha"":"""",""id"":14},""precioOriginal"":18.0,""cantidad"":2},{""articulo"":{""nombre"":""FOCOS LED 120 X 0,30 SOBREPUESTO BLANCAS"",""precio"":240.0,""precioCaja"":0.0,""descripcion"":"""",""folderId"":""1_rseZ-d3gmV5KLajf8ekGt0gvi_YP94x"",""finalArtId"":null,""proveedor"":""Novaled"",""codCaja"":null,""stockJson"":""{\""isCatalog\"":false}"",""familia"":"""",""subcategoria"":"""",""unidad"":""Unidad"",""unidadDetalle"":"""",""imagen"":null,""fecha"":"""",""id"":18},""precioOriginal"":240.0,""cantidad"":1}]",,"- Validez de la oferta: 5 días.
- Garantía: Según especificaciones del fabricante.
- Forma de pago: Contado/Transferencia.",0,0,0,0,punto_venta,proforma,JOEL,Transferencia Bancaria,por_cobrar,,0,0.0,,c5b2607b-520d-4580-95af-0936bf6dafa5,,,,pendiente,C. Isaac Tamayo #840 La Paz - Bolivia
14,u,2026-07-27 16:52:07,175.0,0.0,0.0,0.0,175.0,"[{""articulo"":{""nombre"":""Cable pasa corriente bateria auto"",""precio"":160.0,""precioCaja"":0.0,""descripcion"":"""",""folderId"":""1__kAPQHi0o42DQMIaLTES_gg9UIkGSXO"",""finalArtId"":null,""proveedor"":""Novaled"",""codCaja"":null,""stockJson"":""{\""isCatalog\"":false}"",""familia"":"""",""subcategoria"":"""",""unidad"":""Unidad"",""unidadDetalle"":"""",""imagen"":null,""fecha"":"""",""id"":2},""precioOriginal"":160.0,""cantidad"":1},{""articulo"":{""nombre"":""Clavija Brasilera 15Amp"",""precio"":15.0,""precioCaja"":0.0,""descripcion"":"""",""folderId"":""1_0d009K6lN1_69boqbiJv3hWfIqkOC-T"",""finalArtId"":null,""proveedor"":""Novaled"",""codCaja"":null,""stockJson"":""{\""isCatalog\"":false,\""general\"":6}"",""familia"":"""",""subcategoria"":"""",""unidad"":""Unidad"",""unidadDetalle"":"""",""imagen"":null,""fecha"":""2026-07-06"",""id"":3},""precioOriginal"":15.01,""cantidad"":1}]",,"- Validez de la oferta: 5 días.
- Garantía: Según especificaciones del fabricante.
- Forma de pago: Contado/Transferencia.",0,0,0,0,punto_venta,proforma,JOEL,Transferencia Bancaria,por_cobrar,,1,0.0,,3842044b-51ee-4ab8-975a-b077bf068b3d,,,,pendiente,C. Isaac Tamayo #840 La Paz - Bolivia
15,SENASIR,2026-07-27 18:02:28,19985.0,0.0,0.0,0.0,19985.0,"[{""articulo"":{""nombre"":""Candado Metalico 80x80mm marca PAPAIZ"",""precio"":140.0,""precioCaja"":0.0,""descripcion"":""Creado automáticamente vía escaneo"",""folderId"":null,""finalArtId"":null,""proveedor"":""Novaled"",""codCaja"":null,""stockJson"":""{\""isCatalog\"":false,\""general\"":3}"",""familia"":"""",""subcategoria"":"""",""unidad"":""Pza"",""unidadDetalle"":"""",""imagen"":null,""fecha"":""2026-07-21"",""id"":2081},""precioOriginal"":140.0,""cantidad"":3},{""articulo"":{""nombre"":""Tubo led de 30 watts ADARA"",""precio"":27.0,""precioCaja"":0.0,""descripcion"":""Creado automáticamente vía escaneo"",""folderId"":null,""finalArtId"":null,""proveedor"":null,""codCaja"":null,""stockJson"":null,""familia"":""Iluminación"",""subcategoria"":""Tubos LED"",""unidad"":""Unidad"",""unidadDetalle"":"""",""imagen"":null,""fecha"":""2026-07-21T15:33:43.378919""},""precioOriginal"":27.0,""cantidad"":220},{""articulo"":{""nombre"":""Panel led 60x60 empotrable EUROLIGHTING"",""precio"":225.0,""precioCaja"":0.0,""descripcion"":""Creado automáticamente vía escaneo"",""folderId"":null,""finalArtId"":null,""proveedor"":""Novaled"",""codCaja"":null,""stockJson"":""{\""isCatalog\"":false,\""general\"":20}"",""familia"":"""",""subcategoria"":"""",""unidad"":""Unidad"",""unidadDetalle"":"""",""imagen"":null,""fecha"":""2026-07-21"",""id"":2082},""precioOriginal"":225.0,""cantidad"":20},{""articulo"":{""nombre"":""Juego de Baño completo lavamanos y accesorios NACIONAL"",""precio"":1400.0,""precioCaja"":0.0,""descripcion"":""Creado automáticamente vía escaneo"",""folderId"":null,""finalArtId"":null,""proveedor"":""Novaled"",""codCaja"":null,""stockJson"":""{\""isCatalog\"":false,\""general\"":1}"",""familia"":"""",""subcategoria"":"""",""unidad"":""Unidad"",""unidadDetalle"":"""",""imagen"":null,""fecha"":""2026-07-21"",""id"":2083},""precioOriginal"":1400.0,""cantidad"":1},{""articulo"":{""nombre"":""Cortapico 6 vías FORZA"",""precio"":68.0,""precioCaja"":0.0,""descripcion"":""Creado automáticamente vía escaneo"",""folderId"":null,""finalArtId"":null,""proveedor"":null,""codCaja"":null,""stockJson"":null,""familia"":""Ferretería"",""subcategoria"":""Cortapicos"",""unidad"":""Unidad"",""unidadDetalle"":"""",""imagen"":null,""fecha"":""2026-07-21T15:33:43.378947""},""precioOriginal"":68.0,""cantidad"":20},{""articulo"":{""nombre"":""Llave de grifo individual para lavamanos de ½ x ½ FV"",""precio"":180.0,""precioCaja"":0.0,""descripcion"":""Creado automáticamente vía escaneo"",""folderId"":null,""finalArtId"":null,""proveedor"":""Novaled"",""codCaja"":null,""stockJson"":""{\""isCatalog\"":false,\""general\"":2}"",""familia"":"""",""subcategoria"":"""",""unidad"":""Unidad"",""unidadDetalle"":"""",""imagen"":null,""fecha"":""2026-07-21"",""id"":2096},""precioOriginal"":180.0,""cantidad"":2},{""articulo"":{""nombre"":""Niple de Plástico de ½ x ½ IPS INDUSTRIA ARGENTINA"",""precio"":8.0,""precioCaja"":0.0,""descripcion"":""J.P.S Ind. Argentina"",""folderId"":null,""finalArtId"":null,""proveedor"":""Novaled"",""codCaja"":null,""stockJson"":""{\""isCatalog\"":false,\""general\"":48}"",""familia"":"""",""subcategoria"":"""",""unidad"":""Unidad"",""unidadDetalle"":"""",""imagen"":null,""fecha"":""2026-07-21"",""id"":2084},""precioOriginal"":8.0,""cantidad"":48},{""articulo"":{""nombre"":""Detector de movimiento rango 360° BRASILIAN"",""precio"":95.0,""precioCaja"":0.0,""descripcion"":""Creado automáticamente vía escaneo"",""folderId"":null,""finalArtId"":null,""proveedor"":""Novaled"",""codCaja"":null,""stockJson"":""{\""isCatalog\"":false,\""general\"":10}"",""familia"":"""",""subcategoria"":"""",""unidad"":""Unidad"",""unidadDetalle"":"""",""imagen"":null,""fecha"":""2026-07-21"",""id"":2085},""precioOriginal"":95.0,""cantidad"":10},{""articulo"":{""nombre"":""Térmico de 60 amp SICA"",""precio"":66.5,""precioCaja"":0.0,""descripcion"":"""",""folderId"":null,""finalArtId"":null,""proveedor"":""Novaled"",""codCaja"":null,""stockJson"":""{\""isCatalog\"":false,\""general\"":4}"",""familia"":"""",""subcategoria"":"""",""unidad"":""Unidad"",""unidadDetalle"":"""",""imagen"":null,""fecha"":""2026-07-21"",""id"":2086},""precioOriginal"":66.5,""cantidad"":4},{""articulo"":{""nombre"":""Térmico de 32amp SICA"",""precio"":65.0,""precioCaja"":0.0,""descripcion"":""Creado automáticamente vía escaneo"",""folderId"":null,""finalArtId"":null,""proveedor"":null,""codCaja"":null,""stockJson"":null,""familia"":""Electricidad"",""subcategoria"":""Térmicos"",""unidad"":""Unidad"",""unidadDetalle"":"""",""imagen"":null,""fecha"":""2026-07-21T15:33:43.378971""},""precioOriginal"":65.0,""cantidad"":4},{""articulo"":{""nombre"":""Térmico de 25amp SICA"",""precio"":65.0,""precioCaja"":0.0,""descripcion"":""Creado automáticamente vía escaneo"",""folderId"":null,""finalArtId"":null,""proveedor"":null,""codCaja"":null,""stockJson"":null,""familia"":""Electricidad"",""subcategoria"":""Térmicos"",""unidad"":""Unidad"",""unidadDetalle"":"""",""imagen"":null,""fecha"":""2026-07-21T15:33:43.378974""},""precioOriginal"":65.0,""cantidad"":8},{""articulo"":{""nombre"":""Térmico de 20amp SICA"",""precio"":65.0,""precioCaja"":0.0,""descripcion"":""Creado automáticamente vía escaneo"",""folderId"":null,""finalArtId"":null,""proveedor"":null,""codCaja"":null,""stockJson"":null,""familia"":""Electricidad"",""subcategoria"":""Térmicos"",""unidad"":""Unidad"",""unidadDetalle"":"""",""imagen"":null,""fecha"":""2026-07-21T15:33:43.378977""},""precioOriginal"":65.0,""cantidad"":4},{""articulo"":{""nombre"":""Interruptor Simple UYUSTOOLS"",""precio"":25.0,""precioCaja"":0.0,""descripcion"":""Creado automáticamente vía escaneo"",""folderId"":null,""finalArtId"":null,""proveedor"":""Novaled"",""codCaja"":null,""stockJson"":""{\""isCatalog\"":false,\""general\"":10}"",""familia"":"""",""subcategoria"":"""",""unidad"":""Unidad"",""unidadDetalle"":"""",""imagen"":null,""fecha"":""2026-07-21"",""id"":2087},""precioOriginal"":25.0,""cantidad"":10},{""articulo"":{""nombre"":""Grifo para urinario con pulsador temporizador FV"",""precio"":160.0,""precioCaja"":0.0,""descripcion"":""Creado automáticamente vía escaneo"",""folderId"":null,""finalArtId"":null,""proveedor"":""Novaled"",""codCaja"":null,""stockJson"":""{\""isCatalog\"":false,\""general\"":2}"",""familia"":"""",""subcategoria"":"""",""unidad"":""Unidad"",""unidadDetalle"":"""",""imagen"":null,""fecha"":""2026-07-21"",""id"":2088},""precioOriginal"":160.0,""cantidad"":2},{""articulo"":{""nombre"":""Balde de Masa corrida de 3,5 litros MONOPOL"",""precio"":115.0,""precioCaja"":0.0,""descripcion"":""Creado automáticamente vía escaneo"",""folderId"":null,""finalArtId"":null,""proveedor"":""Novaled"",""codCaja"":null,""stockJson"":""{\""isCatalog\"":false,\""general\"":1}"",""familia"":"""",""subcategoria"":"""",""unidad"":""BALDE"",""unidadDetalle"":"""",""imagen"":null,""fecha"":""2026-07-21"",""id"":2089},""precioOriginal"":175.0,""cantidad"":1},{""articulo"":{""nombre"":""Enchufe clavija plana ULTRA"",""precio"":10.0,""precioCaja"":0.0,""descripcion"":""Creado automáticamente vía escaneo"",""folderId"":null,""finalArtId"":null,""proveedor"":""Novaled"",""codCaja"":null,""stockJson"":""{\""isCatalog\"":false,\""general\"":15}"",""familia"":"""",""subcategoria"":"""",""unidad"":""Unidad"",""unidadDetalle"":"""",""imagen"":null,""fecha"":""2026-07-21"",""id"":2097},""precioOriginal"":10.0,""cantidad"":15},{""articulo"":{""nombre"":""Pegamento adhesivo (Clefa) de 3,6 litros KISAFIX"",""precio"":250.0,""precioCaja"":0.0,""descripcion"":""Creado automáticamente vía escaneo"",""folderId"":null,""finalArtId"":null,""proveedor"":""Novaled"",""codCaja"":null,""stockJson"":""{\""isCatalog\"":false,\""general\"":1}"",""familia"":"""",""subcategoria"":"""",""unidad"":""Unidad"",""unidadDetalle"":"""",""imagen"":null,""fecha"":""2026-07-21"",""id"":2090},""precioOriginal"":250.0,""cantidad"":1},{""articulo"":{""nombre"":""Picaporte metálico para puerta de 3” UYUSTOOLS"",""precio"":15.0,""precioCaja"":0.0,""descripcion"":""Creado automáticamente vía escaneo"",""folderId"":null,""finalArtId"":null,""proveedor"":""Novaled"",""codCaja"":null,""stockJson"":""{\""isCatalog\"":false,\""general\"":6}"",""familia"":"""",""subcategoria"":"""",""unidad"":""Unidad"",""unidadDetalle"":"""",""imagen"":null,""fecha"":""2026-07-21"",""id"":2091},""precioOriginal"":15.0,""cantidad"":6},{""articulo"":{""nombre"":""Cajas sobrepuesta de Plástico Nacional"",""precio"":12.0,""precioCaja"":0.0,""descripcion"":""Creado automáticamente vía escaneo"",""folderId"":null,""finalArtId"":null,""proveedor"":null,""codCaja"":null,""stockJson"":null,""familia"":""Ferretería"",""subcategoria"":""Cajas"",""unidad"":""Unidad"",""unidadDetalle"":"""",""imagen"":null,""fecha"":""2026-07-21T15:33:43.379001""},""precioOriginal"":12.0,""cantidad"":40},{""articulo"":{""nombre"":""Placa tomacorriente c/tierra UYUSTOOLS"",""precio"":35.0,""precioCaja"":0.0,""descripcion"":"""",""folderId"":null,""finalArtId"":null,""proveedor"":""Novaled"",""codCaja"":null,""stockJson"":""{\""isCatalog\"":false,\""general\"":30}"",""familia"":"""",""subcategoria"":"""",""unidad"":""Unidad"",""unidadDetalle"":"""",""imagen"":null,""fecha"":""2026-07-21"",""id"":2092},""precioOriginal"":35.0,""cantidad"":30},{""articulo"":{""nombre"":""BROCHA de 2\"" TIGRE"",""precio"":35.0,""precioCaja"":0.0,""descripcion"":"""",""folderId"":null,""finalArtId"":null,""proveedor"":""Novaled"",""codCaja"":null,""stockJson"":""{\""isCatalog\"":false,\""general\"":4}"",""familia"":"""",""subcategoria"":"""",""unidad"":""Unidad"",""unidadDetalle"":"""",""imagen"":null,""fecha"":""2026-07-21"",""id"":2093},""precioOriginal"":35.0,""cantidad"":4},{""articulo"":{""nombre"":""BROCHA de 1\"" TIGRE"",""precio"":25.0,""precioCaja"":0.0,""descripcion"":"""",""folderId"":null,""finalArtId"":null,""proveedor"":""Novaled"",""codCaja"":null,""stockJson"":""{\""isCatalog\"":false,\""general\"":4}"",""familia"":"""",""subcategoria"":"""",""unidad"":""Unidad"",""unidadDetalle"":"""",""imagen"":null,""fecha"":""2026-07-21"",""id"":2094},""precioOriginal"":25.0,""cantidad"":4},{""articulo"":{""nombre"":""RODILLO ANTIGOTEO TIGRE"",""precio"":70.0,""precioCaja"":0.0,""descripcion"":"""",""folderId"":null,""finalArtId"":null,""proveedor"":""Novaled"",""codCaja"":null,""stockJson"":""{\""isCatalog\"":false,\""general\"":6}"",""familia"":"""",""subcategoria"":"""",""unidad"":""Unidad"",""unidadDetalle"":"""",""imagen"":null,""fecha"":""2026-07-21"",""id"":2095},""precioOriginal"":70.0,""cantidad"":6}]","VALIDEZ DE COTIZACIÓN: 60 DIAS 
TIEMPO DE ENTREGA: 5 DIAS","- Validez de la oferta: 5 días.
- Garantía: Según especificaciones del fabricante.
- Forma de pago: Contado/Transferencia.",0,0,0,0,punto_venta,proforma,JOEL,Transferencia Bancaria,por_cobrar,,0,0.0,,246c489c-f116-4680-b96c-ec5b2540ae45,,,,pendiente,C. Isaac Tamayo #840 La Paz - Bolivia
16,SENASIR,2026-07-27 18:02:33,19985.0,0.0,0.0,0.0,19985.0,"[{""articulo"":{""nombre"":""Candado Metalico 80x80mm marca PAPAIZ"",""precio"":140.0,""precioCaja"":0.0,""descripcion"":""Creado automáticamente vía escaneo"",""folderId"":null,""finalArtId"":null,""proveedor"":""Novaled"",""codCaja"":null,""stockJson"":""{\""isCatalog\"":false,\""general\"":3}"",""familia"":"""",""subcategoria"":"""",""unidad"":""Pza"",""unidadDetalle"":"""",""imagen"":null,""fecha"":""2026-07-21"",""id"":2081},""precioOriginal"":140.0,""cantidad"":3},{""articulo"":{""nombre"":""Tubo led de 30 watts ADARA"",""precio"":27.0,""precioCaja"":0.0,""descripcion"":""Creado automáticamente vía escaneo"",""folderId"":null,""finalArtId"":null,""proveedor"":null,""codCaja"":null,""stockJson"":null,""familia"":""Iluminación"",""subcategoria"":""Tubos LED"",""unidad"":""Unidad"",""unidadDetalle"":"""",""imagen"":null,""fecha"":""2026-07-21T15:33:43.378919""},""precioOriginal"":27.0,""cantidad"":220},{""articulo"":{""nombre"":""Panel led 60x60 empotrable EUROLIGHTING"",""precio"":225.0,""precioCaja"":0.0,""descripcion"":""Creado automáticamente vía escaneo"",""folderId"":null,""finalArtId"":null,""proveedor"":""Novaled"",""codCaja"":null,""stockJson"":""{\""isCatalog\"":false,\""general\"":20}"",""familia"":"""",""subcategoria"":"""",""unidad"":""Unidad"",""unidadDetalle"":"""",""imagen"":null,""fecha"":""2026-07-21"",""id"":2082},""precioOriginal"":225.0,""cantidad"":20},{""articulo"":{""nombre"":""Juego de Baño completo lavamanos y accesorios NACIONAL"",""precio"":1400.0,""precioCaja"":0.0,""descripcion"":""Creado automáticamente vía escaneo"",""folderId"":null,""finalArtId"":null,""proveedor"":""Novaled"",""codCaja"":null,""stockJson"":""{\""isCatalog\"":false,\""general\"":1}"",""familia"":"""",""subcategoria"":"""",""unidad"":""Unidad"",""unidadDetalle"":"""",""imagen"":null,""fecha"":""2026-07-21"",""id"":2083},""precioOriginal"":1400.0,""cantidad"":1},{""articulo"":{""nombre"":""Cortapico 6 vías FORZA"",""precio"":68.0,""precioCaja"":0.0,""descripcion"":""Creado automáticamente vía escaneo"",""folderId"":null,""finalArtId"":null,""proveedor"":null,""codCaja"":null,""stockJson"":null,""familia"":""Ferretería"",""subcategoria"":""Cortapicos"",""unidad"":""Unidad"",""unidadDetalle"":"""",""imagen"":null,""fecha"":""2026-07-21T15:33:43.378947""},""precioOriginal"":68.0,""cantidad"":20},{""articulo"":{""nombre"":""Llave de grifo individual para lavamanos de ½ x ½ FV"",""precio"":180.0,""precioCaja"":0.0,""descripcion"":""Creado automáticamente vía escaneo"",""folderId"":null,""finalArtId"":null,""proveedor"":""Novaled"",""codCaja"":null,""stockJson"":""{\""isCatalog\"":false,\""general\"":2}"",""familia"":"""",""subcategoria"":"""",""unidad"":""Unidad"",""unidadDetalle"":"""",""imagen"":null,""fecha"":""2026-07-21"",""id"":2096},""precioOriginal"":180.0,""cantidad"":2},{""articulo"":{""nombre"":""Niple de Plástico de ½ x ½ IPS INDUSTRIA ARGENTINA"",""precio"":8.0,""precioCaja"":0.0,""descripcion"":""J.P.S Ind. Argentina"",""folderId"":null,""finalArtId"":null,""proveedor"":""Novaled"",""codCaja"":null,""stockJson"":""{\""isCatalog\"":false,\""general\"":48}"",""familia"":"""",""subcategoria"":"""",""unidad"":""Unidad"",""unidadDetalle"":"""",""imagen"":null,""fecha"":""2026-07-21"",""id"":2084},""precioOriginal"":8.0,""cantidad"":48},{""articulo"":{""nombre"":""Detector de movimiento rango 360° BRASILIAN"",""precio"":95.0,""precioCaja"":0.0,""descripcion"":""Creado automáticamente vía escaneo"",""folderId"":null,""finalArtId"":null,""proveedor"":""Novaled"",""codCaja"":null,""stockJson"":""{\""isCatalog\"":false,\""general\"":10}"",""familia"":"""",""subcategoria"":"""",""unidad"":""Unidad"",""unidadDetalle"":"""",""imagen"":null,""fecha"":""2026-07-21"",""id"":2085},""precioOriginal"":95.0,""cantidad"":10},{""articulo"":{""nombre"":""Térmico de 60 amp SICA"",""precio"":66.5,""precioCaja"":0.0,""descripcion"":"""",""folderId"":null,""finalArtId"":null,""proveedor"":""Novaled"",""codCaja"":null,""stockJson"":""{\""isCatalog\"":false,\""general\"":4}"",""familia"":"""",""subcategoria"":"""",""unidad"":""Unidad"",""unidadDetalle"":"""",""imagen"":null,""fecha"":""2026-07-21"",""id"":2086},""precioOriginal"":66.5,""cantidad"":4},{""articulo"":{""nombre"":""Térmico de 32amp SICA"",""precio"":65.0,""precioCaja"":0.0,""descripcion"":""Creado automáticamente vía escaneo"",""folderId"":null,""finalArtId"":null,""proveedor"":null,""codCaja"":null,""stockJson"":null,""familia"":""Electricidad"",""subcategoria"":""Térmicos"",""unidad"":""Unidad"",""unidadDetalle"":"""",""imagen"":null,""fecha"":""2026-07-21T15:33:43.378971""},""precioOriginal"":65.0,""cantidad"":4},{""articulo"":{""nombre"":""Térmico de 25amp SICA"",""precio"":65.0,""precioCaja"":0.0,""descripcion"":""Creado automáticamente vía escaneo"",""folderId"":null,""finalArtId"":null,""proveedor"":null,""codCaja"":null,""stockJson"":null,""familia"":""Electricidad"",""subcategoria"":""Térmicos"",""unidad"":""Unidad"",""unidadDetalle"":"""",""imagen"":null,""fecha"":""2026-07-21T15:33:43.378974""},""precioOriginal"":65.0,""cantidad"":8},{""articulo"":{""nombre"":""Térmico de 20amp SICA"",""precio"":65.0,""precioCaja"":0.0,""descripcion"":""Creado automáticamente vía escaneo"",""folderId"":null,""finalArtId"":null,""proveedor"":null,""codCaja"":null,""stockJson"":null,""familia"":""Electricidad"",""subcategoria"":""Térmicos"",""unidad"":""Unidad"",""unidadDetalle"":"""",""imagen"":null,""fecha"":""2026-07-21T15:33:43.378977""},""precioOriginal"":65.0,""cantidad"":4},{""articulo"":{""nombre"":""Interruptor Simple UYUSTOOLS"",""precio"":25.0,""precioCaja"":0.0,""descripcion"":""Creado automáticamente vía escaneo"",""folderId"":null,""finalArtId"":null,""proveedor"":""Novaled"",""codCaja"":null,""stockJson"":""{\""isCatalog\"":false,\""general\"":10}"",""familia"":"""",""subcategoria"":"""",""unidad"":""Unidad"",""unidadDetalle"":"""",""imagen"":null,""fecha"":""2026-07-21"",""id"":2087},""precioOriginal"":25.0,""cantidad"":10},{""articulo"":{""nombre"":""Grifo para urinario con pulsador temporizador FV"",""precio"":160.0,""precioCaja"":0.0,""descripcion"":""Creado automáticamente vía escaneo"",""folderId"":null,""finalArtId"":null,""proveedor"":""Novaled"",""codCaja"":null,""stockJson"":""{\""isCatalog\"":false,\""general\"":2}"",""familia"":"""",""subcategoria"":"""",""unidad"":""Unidad"",""unidadDetalle"":"""",""imagen"":null,""fecha"":""2026-07-21"",""id"":2088},""precioOriginal"":160.0,""cantidad"":2},{""articulo"":{""nombre"":""Balde de Masa corrida de 3,5 litros MONOPOL"",""precio"":115.0,""precioCaja"":0.0,""descripcion"":""Creado automáticamente vía escaneo"",""folderId"":null,""finalArtId"":null,""proveedor"":""Novaled"",""codCaja"":null,""stockJson"":""{\""isCatalog\"":false,\""general\"":1}"",""familia"":"""",""subcategoria"":"""",""unidad"":""BALDE"",""unidadDetalle"":"""",""imagen"":null,""fecha"":""2026-07-21"",""id"":2089},""precioOriginal"":175.0,""cantidad"":1},{""articulo"":{""nombre"":""Enchufe clavija plana ULTRA"",""precio"":10.0,""precioCaja"":0.0,""descripcion"":""Creado automáticamente vía escaneo"",""folderId"":null,""finalArtId"":null,""proveedor"":""Novaled"",""codCaja"":null,""stockJson"":""{\""isCatalog\"":false,\""general\"":15}"",""familia"":"""",""subcategoria"":"""",""unidad"":""Unidad"",""unidadDetalle"":"""",""imagen"":null,""fecha"":""2026-07-21"",""id"":2097},""precioOriginal"":10.0,""cantidad"":15},{""articulo"":{""nombre"":""Pegamento adhesivo (Clefa) de 3,6 litros KISAFIX"",""precio"":250.0,""precioCaja"":0.0,""descripcion"":""Creado automáticamente vía escaneo"",""folderId"":null,""finalArtId"":null,""proveedor"":""Novaled"",""codCaja"":null,""stockJson"":""{\""isCatalog\"":false,\""general\"":1}"",""familia"":"""",""subcategoria"":"""",""unidad"":""Unidad"",""unidadDetalle"":"""",""imagen"":null,""fecha"":""2026-07-21"",""id"":2090},""precioOriginal"":250.0,""cantidad"":1},{""articulo"":{""nombre"":""Picaporte metálico para puerta de 3” UYUSTOOLS"",""precio"":15.0,""precioCaja"":0.0,""descripcion"":""Creado automáticamente vía escaneo"",""folderId"":null,""finalArtId"":null,""proveedor"":""Novaled"",""codCaja"":null,""stockJson"":""{\""isCatalog\"":false,\""general\"":6}"",""familia"":"""",""subcategoria"":"""",""unidad"":""Unidad"",""unidadDetalle"":"""",""imagen"":null,""fecha"":""2026-07-21"",""id"":2091},""precioOriginal"":15.0,""cantidad"":6},{""articulo"":{""nombre"":""Cajas sobrepuesta de Plástico Nacional"",""precio"":12.0,""precioCaja"":0.0,""descripcion"":""Creado automáticamente vía escaneo"",""folderId"":null,""finalArtId"":null,""proveedor"":null,""codCaja"":null,""stockJson"":null,""familia"":""Ferretería"",""subcategoria"":""Cajas"",""unidad"":""Unidad"",""unidadDetalle"":"""",""imagen"":null,""fecha"":""2026-07-21T15:33:43.379001""},""precioOriginal"":12.0,""cantidad"":40},{""articulo"":{""nombre"":""Placa tomacorriente c/tierra UYUSTOOLS"",""precio"":35.0,""precioCaja"":0.0,""descripcion"":"""",""folderId"":null,""finalArtId"":null,""proveedor"":""Novaled"",""codCaja"":null,""stockJson"":""{\""isCatalog\"":false,\""general\"":30}"",""familia"":"""",""subcategoria"":"""",""unidad"":""Unidad"",""unidadDetalle"":"""",""imagen"":null,""fecha"":""2026-07-21"",""id"":2092},""precioOriginal"":35.0,""cantidad"":30},{""articulo"":{""nombre"":""BROCHA de 2\"" TIGRE"",""precio"":35.0,""precioCaja"":0.0,""descripcion"":"""",""folderId"":null,""finalArtId"":null,""proveedor"":""Novaled"",""codCaja"":null,""stockJson"":""{\""isCatalog\"":false,\""general\"":4}"",""familia"":"""",""subcategoria"":"""",""unidad"":""Unidad"",""unidadDetalle"":"""",""imagen"":null,""fecha"":""2026-07-21"",""id"":2093},""precioOriginal"":35.0,""cantidad"":4},{""articulo"":{""nombre"":""BROCHA de 1\"" TIGRE"",""precio"":25.0,""precioCaja"":0.0,""descripcion"":"""",""folderId"":null,""finalArtId"":null,""proveedor"":""Novaled"",""codCaja"":null,""stockJson"":""{\""isCatalog\"":false,\""general\"":4}"",""familia"":"""",""subcategoria"":"""",""unidad"":""Unidad"",""unidadDetalle"":"""",""imagen"":null,""fecha"":""2026-07-21"",""id"":2094},""precioOriginal"":25.0,""cantidad"":4},{""articulo"":{""nombre"":""RODILLO ANTIGOTEO TIGRE"",""precio"":70.0,""precioCaja"":0.0,""descripcion"":"""",""folderId"":null,""finalArtId"":null,""proveedor"":""Novaled"",""codCaja"":null,""stockJson"":""{\""isCatalog\"":false,\""general\"":6}"",""familia"":"""",""subcategoria"":"""",""unidad"":""Unidad"",""unidadDetalle"":"""",""imagen"":null,""fecha"":""2026-07-21"",""id"":2095},""precioOriginal"":70.0,""cantidad"":6}]","VALIDEZ DE COTIZACIÓN: 60 DIAS 
TIEMPO DE ENTREGA: 5 DIAS","- Validez de la oferta: 5 días.
- Garantía: Según especificaciones del fabricante.
- Forma de pago: Contado/Transferencia.",0,0,0,0,punto_venta,proforma,JOEL,Transferencia Bancaria,por_cobrar,,0,0.0,,742a8eff-aa5c-4aaa-b677-eeb4cb5c21c0,,,,pendiente,C. Isaac Tamayo #840 La Paz - Bolivia
17,u,2026-07-28 13:12:27,160.0,0.0,0.0,0.0,160.0,"[{""articulo"":{""nombre"":""Cable pasa corriente bateria auto"",""precio"":160.0,""precioCaja"":0.0,""descripcion"":"""",""folderId"":""1__kAPQHi0o42DQMIaLTES_gg9UIkGSXO"",""finalArtId"":null,""proveedor"":""Novaled"",""codCaja"":null,""stockJson"":""{\""isCatalog\"":false}"",""familia"":"""",""subcategoria"":"""",""unidad"":""Unidad"",""unidadDetalle"":"""",""imagen"":null,""fecha"":"""",""id"":2},""precioOriginal"":160.0,""cantidad"":1}]",,"- Validez de la oferta: 5 días.
- Garantía: Según especificaciones del fabricante.
- Forma de pago: Contado/Transferencia.",0,0,0,0,punto_venta,proforma,JOEL,Transferencia Bancaria,por_cobrar,,0,0.0,,75afcc08-1453-4b45-9c83-2708bf1e969f,,,,pendiente,C. Isaac Tamayo #840 La Paz - Bolivia
20,555555555,2026-07-30,0.0,0.0,0.0,0.0,0.0,[],,"- Validez de la oferta: 5 días.
- Garantía: Según especificaciones del fabricante.
- Forma de pago: Contado/Transferencia.",0,0,0,0,punto_venta,proforma,JOEL,Transferencia Bancaria,por_cobrar,,0,0.0,,ce8950de-e053-4d86-a5a1-7394c58adc26,,,,pendiente,C. Isaac Tamayo #840 La Paz - Bolivia
22,almur,2026-07-30,0.0,0.0,0.0,0.0,0.0,[],,"- Validez de la oferta: 5 días.
- Garantía: Según especificaciones del fabricante.
- Forma de pago: Contado/Transferencia.",0,0,0,0,punto_venta,proforma,JOEL,Transferencia Bancaria,por_cobrar,,0,0.0,,1f3ce9fc-ac34-45d3-ad93-169673dcbc05,,,,pendiente,C. Isaac Tamayo #840 La Paz - Bolivia
23,tt,2026-07-30,45.0,0.0,0.0,0.0,45.0,"[{""articulo"":{""nombre"":""Clavija Brasilera 15Amp"",""precio"":15.0,""precioCaja"":0.0,""descripcion"":"""",""folderId"":""1_0d009K6lN1_69boqbiJv3hWfIqkOC-T"",""finalArtId"":null,""proveedor"":""Novaled"",""codCaja"":null,""stockJson"":""{\""isCatalog\"":false,\""general\"":6}"",""familia"":"""",""subcategoria"":"""",""unidad"":""Unidad"",""unidadDetalle"":"""",""imagen"":null,""fecha"":""2026-07-06"",""id"":3},""precioOriginal"":15.01,""cantidad"":3}]",,"- Validez de la oferta: 5 días.
- Garantía: Según especificaciones del fabricante.
- Forma de pago: Contado/Transferencia.",0,0,0,0,punto_venta,proforma,JOEL,Transferencia Bancaria,por_cobrar,,0,0.0,,e08e22a3-9765-415d-b370-26366ef02ebb,114,,,pendiente,C. Isaac Tamayo #840 La Paz - Bolivia
24,555555555,2026-07-30,0.0,0.0,0.0,0.0,0.0,[],,"- Validez de la oferta: 5 días.
- Garantía: Según especificaciones del fabricante.
- Forma de pago: Contado/Transferencia.",0,0,0,0,punto_venta,proforma,JOEL,Transferencia Bancaria,por_cobrar,,0,0.0,,a1ed4500-cd5c-48ee-a975-ff9a44465ba1,,,,pendiente,C. Isaac Tamayo #840 La Paz - Bolivia
25,holq,2026-07-30,260.0,0.0,0.0,0.0,260.0,"[{""articulo"":{""nombre"":""Clavija Brasilera 15Amp"",""precio"":15.0,""precioCaja"":0.0,""descripcion"":"""",""folderId"":""1_0d009K6lN1_69boqbiJv3hWfIqkOC-T"",""finalArtId"":null,""proveedor"":""Novaled"",""codCaja"":null,""stockJson"":""{\""isCatalog\"":false,\""general\"":6}"",""familia"":"""",""subcategoria"":"""",""unidad"":""Unidad"",""unidadDetalle"":"""",""imagen"":null,""fecha"":""2026-07-06"",""id"":3},""precioOriginal"":15.01,""cantidad"":1},{""articulo"":{""nombre"":""Placa interruptor simple SICA"",""precio"":35.0,""precioCaja"":0.0,""descripcion"":"""",""folderId"":""1_1kPC1NISAUNZc6QZYlg7KN0Go8W91q5"",""finalArtId"":null,""proveedor"":""Novaled"",""codCaja"":null,""stockJson"":""{\""isCatalog\"":false}"",""familia"":""Electricidad"",""subcategoria"":""Interruptores"",""unidad"":""Unidad"",""unidadDetalle"":"""",""imagen"":null,""fecha"":"""",""id"":4},""precioOriginal"":35.0,""cantidad"":1},{""articulo"":{""nombre"":""Alargador de corriente de 30 metros"",""precio"":210.0,""precioCaja"":0.0,""descripcion"":"""",""folderId"":""1_4Pq2De1LlEllXVkTPUZANOL9_LhcZcF"",""finalArtId"":null,""proveedor"":""Novaled"",""codCaja"":null,""stockJson"":""{\""isCatalog\"":false}"",""familia"":"""",""subcategoria"":"""",""unidad"":""Unidad"",""unidadDetalle"":"""",""imagen"":null,""fecha"":"""",""id"":5},""precioOriginal"":210.0,""cantidad"":1}]",,"- Validez de la oferta: 5 días.
- Garantía: Según especificaciones del fabricante.
- Forma de pago: Contado/Transferencia.",0,0,0,0,punto_venta,proforma,JOEL,Transferencia Bancaria,por_cobrar,,0,0.0,,0d81b6f2-2648-40b6-b5c9-4ab0a27cbb95,116,,,pendiente,C. Isaac Tamayo #840 La Paz - Bolivia
26,GABRIEL CUMALI - NIT. 73737277273,2026-07-30,722.0,0.0,0.0,0.0,722.0,"[{""articulo"":{""nombre"":""Alambre de cobre #16 de un filamento, antillama, marca Tigre"",""precio"":252.0,""precioCaja"":0.0,""descripcion"":"""",""folderId"":""1_miBeWEg1k2gp_QS23PnGYAMIANMtOCg"",""finalArtId"":null,""proveedor"":""Novaled"",""codCaja"":null,""stockJson"":""{\""isCatalog\"":false}"",""familia"":"""",""subcategoria"":"""",""unidad"":""Unidad"",""unidadDetalle"":"""",""imagen"":null,""fecha"":"""",""id"":11},""precioOriginal"":252.0,""cantidad"":1},{""articulo"":{""nombre"":""Driver LED 24W"",""precio"":50.0,""precioCaja"":0.0,""descripcion"":"""",""folderId"":""1__-vHlDIC5aq98LfA6DTPPHjrFcFw-ph"",""finalArtId"":null,""proveedor"":""Novaled"",""codCaja"":null,""stockJson"":""{\""isCatalog\"":false}"",""familia"":"""",""subcategoria"":"""",""unidad"":""Unidad"",""unidadDetalle"":"""",""imagen"":null,""fecha"":"""",""id"":1},""precioOriginal"":50.0,""cantidad"":1},{""articulo"":{""nombre"":""Placa Conatel Grafito euroamericano con tierrabdjsjw"",""precio"":50.0,""precioCaja"":0.0,""descripcion"":"""",""folderId"":""1_qxzHXyJbIEVDxp0iFQv7hXxliAPPf0y"",""finalArtId"":null,""proveedor"":""Novaled"",""codCaja"":null,""stockJson"":""{\""isCatalog\"":false}"",""familia"":"""",""subcategoria"":"""",""unidad"":""Unidad"",""unidadDetalle"":"""",""imagen"":null,""fecha"":"""",""id"":16},""precioOriginal"":50.0,""cantidad"":2},{""articulo"":{""nombre"":""Cable pasa corriente bateria aut"",""precio"":160.0,""precioCaja"":0.0,""descripcion"":"""",""folderId"":""1__kAPQHi0o42DQMIaLTES_gg9UIkGSXO"",""finalArtId"":null,""proveedor"":""Novaled"",""codCaja"":null,""stockJson"":""{\""isCatalog\"":false}"",""familia"":"""",""subcategoria"":"""",""unidad"":""Unidad"",""unidadDetalle"":"""",""imagen"":null,""fecha"":"""",""id"":2},""precioOriginal"":160.0,""cantidad"":2}]","- Garantía: Según especificaciones del fabricante.
- Textos","- Validez de la oferta: 5 días.
- Garantía: Según especificaciones del fabricante.
- Forma de pago: Contado/Transferencia.",0,0,0,0,punto_venta,proforma,JOEL,Transferencia Bancaria,por_cobrar,,0,0.0,,e5b1f342-b6c3-4637-80f5-9807d9f398cf,,,,pendiente,C. Isaac Tamayo #840 La Paz - Bolivia
27,Ministerio de Educación,2026-07-31,2855.0,0.0,0.0,0.0,2855.0,"[{""articulo"":{""nombre"":""TUBOS LED 20 W DE 1.20 m DE 220V BLANCO AHUMADO (CAJA 30 U.)"",""precio"":750.0,""precioCaja"":0.0,""descripcion"":""(Según especificaciones técnicas y propuesta adjudicada)"",""folderId"":null,""finalArtId"":null,""proveedor"":""Novaled"",""codCaja"":null,""stockJson"":""{\""isCatalog\"":false,\""general\"":1}"",""familia"":"""",""subcategoria"":"""",""unidad"":""Caja"",""unidadDetalle"":"""",""imagen"":null,""fecha"":""2026-07-31"",""id"":2099},""precioOriginal"":750.0,""cantidad"":1},{""articulo"":{""nombre"":""PANAL LED 18W CIRCULAR DE SOBRE PONER"",""precio"":50.0,""precioCaja"":0.0,""descripcion"":""(Según especificaciones técnicas y propuesta adjudicada)"",""folderId"":null,""finalArtId"":null,""proveedor"":""Novaled"",""codCaja"":null,""stockJson"":""{\""isCatalog\"":false,\""general\"":10}"",""familia"":"""",""subcategoria"":"""",""unidad"":""Pieza"",""unidadDetalle"":"""",""imagen"":null,""fecha"":""2026-07-31"",""id"":2101},""precioOriginal"":500.0,""cantidad"":10},{""articulo"":{""nombre"":""PANEL LED 60X60 W DE EMPOTRAR"",""precio"":195.0,""precioCaja"":0.0,""descripcion"":""(Según especificaciones técnicas y propuesta adjudicada)"",""folderId"":null,""finalArtId"":null,""proveedor"":""Novaled"",""codCaja"":null,""stockJson"":""{\""isCatalog\"":false,\""general\"":5}"",""familia"":"""",""subcategoria"":"""",""unidad"":""Metros"",""unidadDetalle"":"""",""imagen"":null,""fecha"":""2026-07-31"",""id"":2100},""precioOriginal"":975.0,""cantidad"":5},{""articulo"":{""nombre"":""CINTA AISLANTE DE 20 YARDAS NEGRO"",""precio"":15.0,""precioCaja"":0.0,""descripcion"":""(Según especificaciones técnicas y propuesta adjudicada)"",""folderId"":null,""finalArtId"":null,""proveedor"":""Novaled"",""codCaja"":null,""stockJson"":""{\""isCatalog\"":false,\""general\"":10}"",""familia"":"""",""subcategoria"":"""",""unidad"":""Metros"",""unidadDetalle"":"""",""imagen"":null,""fecha"":""2026-07-31"",""id"":2102},""precioOriginal"":15.0,""cantidad"":10},{""articulo"":{""nombre"":""CORTAPICO 6 TOMAS CON CABLE DE 3 METROS"",""precio"":110.0,""precioCaja"":0.0,""descripcion"":""(Según especificaciones técnicas y propuesta adjudicada)"",""folderId"":null,""finalArtId"":null,""proveedor"":""Novaled"",""codCaja"":null,""stockJson"":""{\""isCatalog\"":false,\""general\"":3}"",""familia"":"""",""subcategoria"":"""",""unidad"":""Pieza"",""unidadDetalle"":"""",""imagen"":null,""fecha"":""2026-07-31"",""id"":2103},""precioOriginal"":110.0,""cantidad"":3},{""articulo"":{""nombre"":""CLAVIJAS SCHOCKO"",""precio"":15.0,""precioCaja"":0.0,""descripcion"":""(Según especificaciones técnicas y propuesta adjudicada)"",""folderId"":null,""finalArtId"":null,""proveedor"":""Novaled"",""codCaja"":null,""stockJson"":""{\""isCatalog\"":false,\""general\"":6}"",""familia"":"""",""subcategoria"":"""",""unidad"":""Metros"",""unidadDetalle"":"""",""imagen"":null,""fecha"":""2026-07-31"",""id"":2104},""precioOriginal"":90.0,""cantidad"":6},{""articulo"":{""nombre"":""CLAVIJAS"",""precio"":10.0,""precioCaja"":0.0,""descripcion"":""(Según especificaciones técnicas y propuesta adjudicada)"",""folderId"":null,""finalArtId"":null,""proveedor"":""Novaled"",""codCaja"":null,""stockJson"":""{\""isCatalog\"":false,\""general\"":6}"",""familia"":"""",""subcategoria"":"""",""unidad"":""Metros"",""unidadDetalle"":"""",""imagen"":null,""fecha"":""2026-07-31"",""id"":2105},""precioOriginal"":60.0,""cantidad"":6}]",,"- Validez de la oferta: 5 días.
- Garantía: Según especificaciones del fabricante.
- Forma de pago: Contado/Transferencia.",0,0,0,0,punto_venta,proforma,JOEL,Transferencia Bancaria,por_cobrar,,0,0.0,,42d3b60b-dcde-46e6-ba55-b68bea4ab8ba,,,,pendiente,C. Isaac Tamayo #840 La Paz - Bolivia
28,Unidad Administrativa Financiera,2026-08-03,17600.0,0.0,0.0,0.0,17600.0,"[{""articulo"":{""nombre"":""TUBO LED"",""precio"":80.0,""precioCaja"":0.0,""descripcion"":"""",""folderId"":null,""finalArtId"":null,""proveedor"":null,""codCaja"":null,""stockJson"":null,""familia"":"""",""subcategoria"":"""",""unidad"":""PIEZA"",""unidadDetalle"":"""",""imagen"":null,""fecha"":""""},""precioOriginal"":80.0,""cantidad"":220},{""articulo"":{""nombre"":""CANDADO"",""precio"":0.0,""precioCaja"":0.0,""descripcion"":""Material: Metálico, Medida: 80 x 80 mm, Accesorios: Juego de 2 llaves"",""folderId"":null,""finalArtId"":null,""proveedor"":null,""codCaja"":null,""stockJson"":null,""familia"":""Ferretería"",""subcategoria"":""Candados"",""unidad"":""PIEZA"",""unidadDetalle"":"""",""imagen"":null,""fecha"":""2026-08-03T10:53:42.752497""},""precioOriginal"":0.0,""cantidad"":3},{""articulo"":{""nombre"":""PANEL LED"",""precio"":0.0,""precioCaja"":0.0,""descripcion"":""Tipo: Empotrable, Medidas: 60 x 60 cm, Voltaje: 48 W, Color: Blanco neutro y semicilíndrico, Presentación: En caja individual"",""folderId"":null,""finalArtId"":null,""proveedor"":null,""codCaja"":null,""stockJson"":null,""familia"":""Iluminación"",""subcategoria"":""Paneles LED"",""unidad"":""PIEZA"",""unidadDetalle"":"""",""imagen"":null,""fecha"":""2026-08-03T10:53:42.753009""},""precioOriginal"":0.0,""cantidad"":1},{""articulo"":{""nombre"":""JUEGO DE BAÑO"",""precio"":0.0,""precioCaja"":0.0,""descripcion"":""Material: Porcelanato, Color: Blanco, Componentes: - Lavamanos - Tanque de inodoro (incluido batería) - Tasa de Inodoro - Accesorios de lavamanos"",""folderId"":null,""finalArtId"":null,""proveedor"":null,""codCaja"":null,""stockJson"":null,""familia"":""Sanitarios"",""subcategoria"":""Juegos de baño"",""unidad"":""JUEGO"",""unidadDetalle"":"""",""imagen"":null,""fecha"":""2026-08-03T10:53:42.753048""},""precioOriginal"":0.0,""cantidad"":1},{""articulo"":{""nombre"":""CORTAPICO"",""precio"":0.0,""precioCaja"":0.0,""descripcion"":""Número de vías: 6 salidas, Longitud de cable: > 1 metro, Presentación: Individual"",""folderId"":null,""finalArtId"":null,""proveedor"":null,""codCaja"":null,""stockJson"":null,""familia"":""Ferretería"",""subcategoria"":""Cortapicos"",""unidad"":""PIEZA"",""unidadDetalle"":"""",""imagen"":null,""fecha"":""2026-08-03T10:53:42.753086""},""precioOriginal"":0.0,""cantidad"":20},{""articulo"":{""nombre"":""LLAVE DE GRIFO"",""precio"":0.0,""precioCaja"":0.0,""descripcion"":""Medidas: ½\"" x ½\"", Material: Metálico"",""folderId"":null,""finalArtId"":null,""proveedor"":null,""codCaja"":null,""stockJson"":null,""familia"":""Plomería"",""subcategoria"":""Grifos"",""unidad"":""PIEZA"",""unidadDetalle"":"""",""imagen"":null,""fecha"":""2026-08-03T10:53:42.753115""},""precioOriginal"":0.0,""cantidad"":3}]",,"- Validez de la oferta: 5 días.
- Garantía: Según especificaciones del fabricante.
- Forma de pago: Contado/Transferencia.",0,0,0,0,punto_venta,proforma,JOEL,Transferencia Bancaria,por_cobrar,,0,0.0,,39fce043-467f-455e-a914-da258a78418f,,,,pendiente,C. Isaac Tamayo #840 La Paz - Bolivia
29,Juan López,2026-08-03,1420.0,0.0,0.0,0.0,1420.0,"[{""articulo"":{""nombre"":""Driver LED 24W"",""precio"":50.0,""precioCaja"":0.0,""descripcion"":"""",""folderId"":null,""finalArtId"":null,""proveedor"":null,""codCaja"":null,""stockJson"":null,""familia"":"""",""subcategoria"":"""",""unidad"":""Unidad"",""unidadDetalle"":"""",""imagen"":null,""fecha"":""""},""precioOriginal"":50.0,""cantidad"":20},{""articulo"":{""nombre"":""Reflector LED con panel solar 100W"",""precio"":420.0,""precioCaja"":0.0,""descripcion"":"""",""folderId"":null,""finalArtId"":null,""proveedor"":null,""codCaja"":null,""stockJson"":null,""familia"":"""",""subcategoria"":"""",""unidad"":""Lit"",""unidadDetalle"":"""",""imagen"":null,""fecha"":""""},""precioOriginal"":420.0,""cantidad"":1}]",hola mundo,"- Validez de la oferta: 5 días.
- Garantía: Según especificaciones del fabricante.
- Forma de pago: Contado/Transferencia.",1,0,0,0,punto_venta,proforma,JOEL,Transferencia Bancaria,pagado,,1,0.0,,a37cafb6-3e54-4539-b458-fb49041c7591,135,,,pendiente,C. Isaac Tamayo #840 La Paz - Bolivia
30,Juan López,2026-08-02,1420.0,0.0,0.0,0.0,1420.0,"[{""articulo"":{""nombre"":""Driver LED 24W"",""precio"":50.0,""precioCaja"":0.0,""descripcion"":"""",""folderId"":null,""finalArtId"":null,""proveedor"":null,""codCaja"":null,""stockJson"":null,""familia"":"""",""subcategoria"":"""",""unidad"":""Unidad"",""unidadDetalle"":"""",""imagen"":null,""fecha"":""""},""precioOriginal"":50.0,""cantidad"":20},{""articulo"":{""nombre"":""Reflector LED con panel solar 100W"",""precio"":420.0,""precioCaja"":0.0,""descripcion"":"""",""folderId"":null,""finalArtId"":null,""proveedor"":null,""codCaja"":null,""stockJson"":null,""familia"":"""",""subcategoria"":"""",""unidad"":""Lit"",""unidadDetalle"":"""",""imagen"":null,""fecha"":""""},""precioOriginal"":420.0,""cantidad"":1}]",hola mundo,"- Validez de la oferta: 5 días.
- Garantía: Según especificaciones del fabricante.
- Forma de pago: Contado/Transferencia.",1,0,0,0,punto_venta,proforma,JOEL,Transferencia Bancaria,pagado,,1,0.0,,6a65a9db-44f5-461d-824f-f9495123e39d,,,,pendiente,C. Isaac Tamayo #840 La Paz - Bolivia
31,Victor,2026-08-03,600.0,0.0,0.0,0.0,600.0,"[{""articulo"":{""nombre"":""Panel LED 36w 3 tiempos"",""precio"":120.0,""precioCaja"":0.0,""descripcion"":"""",""folderId"":null,""finalArtId"":null,""proveedor"":null,""codCaja"":null,""stockJson"":null,""familia"":"""",""subcategoria"":"""",""unidad"":""Unidad"",""unidadDetalle"":"""",""imagen"":null,""fecha"":""""},""precioOriginal"":120.0,""cantidad"":5}]",,"- Validez de la oferta: 5 días.
- Garantía: Según especificaciones del fabricante.
- Forma de pago: Contado/Transferencia.",0,0,0,0,punto_venta,proforma,JOEL,Transferencia Bancaria,anulada,,1,0.0,,COT_1785780383724,,,,pendiente,C. Isaac Tamayo #840 La Paz - Bolivia
32,joel,2026-08-03,540.0,0.0,0.0,0.0,540.0,"[{""articulo"":{""nombre"":""cable #12"",""precio"":11.5,""precioCaja"":0.0,""descripcion"":"""",""folderId"":null,""finalArtId"":null,""proveedor"":null,""codCaja"":null,""stockJson"":null,""familia"":"""",""subcategoria"":"""",""unidad"":""Metros"",""unidadDetalle"":"""",""imagen"":null,""fecha"":""""},""precioOriginal"":11.5,""cantidad"":10},{""articulo"":{""nombre"":""panel LED 36w"",""precio"":85.0,""precioCaja"":0.0,""descripcion"":"""",""folderId"":null,""finalArtId"":null,""proveedor"":null,""codCaja"":null,""stockJson"":null,""familia"":"""",""subcategoria"":"""",""unidad"":""Pieza"",""unidadDetalle"":"""",""imagen"":null,""fecha"":""""},""precioOriginal"":85.0,""cantidad"":5}]",,"- Validez de la oferta: 5 días.
- Garantía: Según especificaciones del fabricante.
- Forma de pago: Contado/Transferencia.",0,0,0,0,punto_venta,proforma,JOEL,Transferencia Bancaria,por_cobrar,,0,0.0,,7bae53f1-f5e2-41b5-a2f9-190426e6a5a0,,,,pendiente,C. Isaac Tamayo #840 La Paz - Bolivia
33,José,2026-08-03,4000.0,0.0,0.0,0.0,4000.0,"[{""articulo"":{""nombre"":""Driver LED 24W"",""precio"":50.0,""precioCaja"":0.0,""descripcion"":"""",""folderId"":null,""finalArtId"":null,""proveedor"":null,""codCaja"":null,""stockJson"":null,""familia"":"""",""subcategoria"":"""",""unidad"":""Unidad"",""unidadDetalle"":"""",""imagen"":null,""fecha"":""""},""precioOriginal"":50.0,""cantidad"":80}]",,"- Validez de la oferta: 5 días.
- Garantía: Según especificaciones del fabricante.
- Forma de pago: Contado/Transferencia.",0,0,0,0,punto_venta,proforma,JOEL,Transferencia Bancaria,por_cobrar,,0,0.0,,COT_1785796845423,33,,,pendiente,C. Isaac Tamayo #840 La Paz - Bolivia
34,Cristian,2026-08-03,875.0,0.0,0.0,0.0,875.0,"[{""articulo"":{""nombre"":""alargador de 5 mts"",""precio"":55.0,""precioCaja"":0.0,""descripcion"":"""",""folderId"":null,""finalArtId"":null,""proveedor"":null,""codCaja"":null,""stockJson"":null,""familia"":"""",""subcategoria"":"""",""unidad"":""Unidad"",""unidadDetalle"":"""",""imagen"":null,""fecha"":""""},""precioOriginal"":55.0,""cantidad"":5},{""articulo"":{""nombre"":""Reflector LED 400W"",""precio"":600.0,""precioCaja"":0.0,""descripcion"":"""",""folderId"":null,""finalArtId"":null,""proveedor"":null,""codCaja"":null,""stockJson"":null,""familia"":"""",""subcategoria"":"""",""unidad"":""Unidad"",""unidadDetalle"":"""",""imagen"":null,""fecha"":""""},""precioOriginal"":600.0,""cantidad"":1}]",,"- Validez de la oferta: 5 días.
- Garantía: Según especificaciones del fabricante.
- Forma de pago: Contado/Transferencia.",0,0,0,0,punto_venta,proforma,JOEL,Transferencia Bancaria,pagado,,0,0.0,,134f1d25-4a58-4e3c-8700-d3a75ee00541,,,,pendiente,C. Isaac Tamayo #840 La Paz - Bolivia
35,SENASIR,2026-07-21,19985.0,0.0,0.0,0.0,19985.0,"[{""articulo"":{""nombre"":""CANDADO"",""precio"":140.0,""precioCaja"":0.0,""descripcion"":""Creado automáticamente vía escaneo"",""folderId"":null,""finalArtId"":null,""proveedor"":null,""codCaja"":null,""stockJson"":null,""familia"":""Ferretería"",""subcategoria"":""Candados"",""unidad"":""Pza"",""unidadDetalle"":"""",""imagen"":null,""fecha"":""2026-07-21T15:48:01.232874""},""precioOriginal"":140.0,""cantidad"":3},{""articulo"":{""nombre"":""TUBO LED"",""precio"":27.0,""precioCaja"":0.0,""descripcion"":""Creado automáticamente vía escaneo"",""folderId"":null,""finalArtId"":null,""proveedor"":null,""codCaja"":null,""stockJson"":null,""familia"":""Iluminación"",""subcategoria"":""Tubo LED"",""unidad"":""Unidad"",""unidadDetalle"":"""",""imagen"":null,""fecha"":""2026-07-21T15:48:01.233033""},""precioOriginal"":27.0,""cantidad"":220},{""articulo"":{""nombre"":""PANEL LED"",""precio"":225.0,""precioCaja"":0.0,""descripcion"":""Creado automáticamente vía escaneo"",""folderId"":null,""finalArtId"":null,""proveedor"":null,""codCaja"":null,""stockJson"":null,""familia"":""Iluminación"",""subcategoria"":""Panel LED"",""unidad"":""Unidad"",""unidadDetalle"":"""",""imagen"":null,""fecha"":""2026-07-21T15:48:01.233055""},""precioOriginal"":225.0,""cantidad"":20},{""articulo"":{""nombre"":""JUEGO DE BAÑO"",""precio"":1400.0,""precioCaja"":0.0,""descripcion"":""Creado automáticamente vía escaneo"",""folderId"":null,""finalArtId"":null,""proveedor"":null,""codCaja"":null,""stockJson"":null,""familia"":""Sanitarios"",""subcategoria"":""Juego de baño"",""unidad"":""Juego"",""unidadDetalle"":"""",""imagen"":null,""fecha"":""2026-07-21T15:48:01.233068""},""precioOriginal"":1400.0,""cantidad"":1},{""articulo"":{""nombre"":""CORTAPICO"",""precio"":68.0,""precioCaja"":0.0,""descripcion"":""Creado automáticamente vía escaneo"",""folderId"":null,""finalArtId"":null,""proveedor"":null,""codCaja"":null,""stockJson"":null,""familia"":""Ferretería"",""subcategoria"":""Cortapico"",""unidad"":""Unidad"",""unidadDetalle"":"""",""imagen"":null,""fecha"":""2026-07-21T15:48:01.233081""},""precioOriginal"":68.0,""cantidad"":20},{""articulo"":{""nombre"":""LLAVE DE GRIFO"",""precio"":180.0,""precioCaja"":0.0,""descripcion"":""Creado automáticamente vía escaneo"",""folderId"":null,""finalArtId"":null,""proveedor"":null,""codCaja"":null,""stockJson"":null,""familia"":""Plomería"",""subcategoria"":""Llaves"",""unidad"":""Pza"",""unidadDetalle"":"""",""imagen"":null,""fecha"":""2026-07-21T15:48:01.233094""},""precioOriginal"":180.0,""cantidad"":2},{""articulo"":{""nombre"":""NIPLE"",""precio"":8.0,""precioCaja"":0.0,""descripcion"":""Creado automáticamente vía escaneo"",""folderId"":null,""finalArtId"":null,""proveedor"":null,""codCaja"":null,""stockJson"":null,""familia"":""Plomería"",""subcategoria"":""Niples"",""unidad"":""Unidad"",""unidadDetalle"":"""",""imagen"":null,""fecha"":""2026-07-21T15:48:01.233106""},""precioOriginal"":8.0,""cantidad"":48},{""articulo"":{""nombre"":""DETECTOR DE MOVIMIENTO"",""precio"":95.0,""precioCaja"":0.0,""descripcion"":""Creado automáticamente vía escaneo"",""folderId"":null,""finalArtId"":null,""proveedor"":null,""codCaja"":null,""stockJson"":null,""familia"":""Electricidad"",""subcategoria"":""Detectores"",""unidad"":""Unidad"",""unidadDetalle"":"""",""imagen"":null,""fecha"":""2026-07-21T15:48:01.233126""},""precioOriginal"":95.0,""cantidad"":10},{""articulo"":{""nombre"":""TERMICO DE 60 AMP"",""precio"":66.5,""precioCaja"":0.0,""descripcion"":""Creado automáticamente vía escaneo"",""folderId"":null,""finalArtId"":null,""proveedor"":null,""codCaja"":null,""stockJson"":null,""familia"":""Electricidad"",""subcategoria"":""Termicos"",""unidad"":""Unidad"",""unidadDetalle"":"""",""imagen"":null,""fecha"":""2026-07-21T15:48:01.233138""},""precioOriginal"":66.5,""cantidad"":4},{""articulo"":{""nombre"":""TERMICO DE 32 AMP"",""precio"":65.0,""precioCaja"":0.0,""descripcion"":""Creado automáticamente vía escaneo"",""folderId"":null,""finalArtId"":null,""proveedor"":null,""codCaja"":null,""stockJson"":null,""familia"":""Electricidad"",""subcategoria"":""Termicos"",""unidad"":""Unidad"",""unidadDetalle"":"""",""imagen"":null,""fecha"":""2026-07-21T15:48:01.233150""},""precioOriginal"":65.0,""cantidad"":4},{""articulo"":{""nombre"":""TERMICO DE 25 AMP"",""precio"":65.0,""precioCaja"":0.0,""descripcion"":""Creado automáticamente vía escaneo"",""folderId"":null,""finalArtId"":null,""proveedor"":null,""codCaja"":null,""stockJson"":null,""familia"":""Electricidad"",""subcategoria"":""Termicos"",""unidad"":""Unidad"",""unidadDetalle"":"""",""imagen"":null,""fecha"":""2026-07-21T15:48:01.233161""},""precioOriginal"":65.0,""cantidad"":8},{""articulo"":{""nombre"":""TERMICO DE 20 AMP"",""precio"":65.0,""precioCaja"":0.0,""descripcion"":""Creado automáticamente vía escaneo"",""folderId"":null,""finalArtId"":null,""proveedor"":null,""codCaja"":null,""stockJson"":null,""familia"":""Electricidad"",""subcategoria"":""Termicos"",""unidad"":""Unidad"",""unidadDetalle"":"""",""imagen"":null,""fecha"":""2026-07-21T15:48:01.233177""},""precioOriginal"":65.0,""cantidad"":4},{""articulo"":{""nombre"":""INTERRUPTOR"",""precio"":25.0,""precioCaja"":0.0,""descripcion"":""Creado automáticamente vía escaneo"",""folderId"":null,""finalArtId"":null,""proveedor"":null,""codCaja"":null,""stockJson"":null,""familia"":""Electricidad"",""subcategoria"":""Interruptores"",""unidad"":""Unidad"",""unidadDetalle"":"""",""imagen"":null,""fecha"":""2026-07-21T15:48:01.233191""},""precioOriginal"":25.0,""cantidad"":10},{""articulo"":{""nombre"":""GRIFO PARA URINARIO"",""precio"":160.0,""precioCaja"":0.0,""descripcion"":""Creado automáticamente vía escaneo"",""folderId"":null,""finalArtId"":null,""proveedor"":null,""codCaja"":null,""stockJson"":null,""familia"":""Plomería"",""subcategoria"":""Grifos"",""unidad"":""Unidad"",""unidadDetalle"":"""",""imagen"":null,""fecha"":""2026-07-21T15:48:01.233202""},""precioOriginal"":160.0,""cantidad"":2},{""articulo"":{""nombre"":""MASA CORRIDA"",""precio"":115.0,""precioCaja"":0.0,""descripcion"":""Creado automáticamente vía escaneo"",""folderId"":null,""finalArtId"":null,""proveedor"":null,""codCaja"":null,""stockJson"":null,""familia"":""Ferretería"",""subcategoria"":""Masa"",""unidad"":""Unidad"",""unidadDetalle"":"""",""imagen"":null,""fecha"":""2026-07-21T15:48:01.233215""},""precioOriginal"":115.0,""cantidad"":1},{""articulo"":{""nombre"":""ENCHUFE CLAVIJA"",""precio"":10.0,""precioCaja"":0.0,""descripcion"":""Creado automáticamente vía escaneo"",""folderId"":null,""finalArtId"":null,""proveedor"":null,""codCaja"":null,""stockJson"":null,""familia"":""Electricidad"",""subcategoria"":""Enchufes"",""unidad"":""Unidad"",""unidadDetalle"":"""",""imagen"":null,""fecha"":""2026-07-21T15:48:01.233226""},""precioOriginal"":10.0,""cantidad"":15},{""articulo"":{""nombre"":""PEGAMENTO ADHESIVO (CLEFA)"",""precio"":250.0,""precioCaja"":0.0,""descripcion"":""Creado automáticamente vía escaneo"",""folderId"":null,""finalArtId"":null,""proveedor"":null,""codCaja"":null,""stockJson"":null,""familia"":""Ferretería"",""subcategoria"":""Adhesivos"",""unidad"":""Unidad"",""unidadDetalle"":"""",""imagen"":null,""fecha"":""2026-07-21T15:48:01.233244""},""precioOriginal"":250.0,""cantidad"":1},{""articulo"":{""nombre"":""PICAPORTE PARA PUERTA"",""precio"":15.0,""precioCaja"":0.0,""descripcion"":""Creado automáticamente vía escaneo"",""folderId"":null,""finalArtId"":null,""proveedor"":null,""codCaja"":null,""stockJson"":null,""familia"":""Ferretería"",""subcategoria"":""Picaportes"",""unidad"":""Unidad"",""unidadDetalle"":"""",""imagen"":null,""fecha"":""2026-07-21T15:48:01.233257""},""precioOriginal"":15.0,""cantidad"":6},{""articulo"":{""nombre"":""CAJAS SOBREPUESTAS"",""precio"":12.0,""precioCaja"":0.0,""descripcion"":""Creado automáticamente vía escaneo"",""folderId"":null,""finalArtId"":null,""proveedor"":null,""codCaja"":null,""stockJson"":null,""familia"":""Electricidad"",""subcategoria"":""Cajas"",""unidad"":""Unidad"",""unidadDetalle"":"""",""imagen"":null,""fecha"":""2026-07-21T15:48:01.233269""},""precioOriginal"":12.0,""cantidad"":40},{""articulo"":{""nombre"":""PLACA TOMA DOBLE"",""precio"":35.0,""precioCaja"":0.0,""descripcion"":""Creado automáticamente vía escaneo"",""folderId"":null,""finalArtId"":null,""proveedor"":null,""codCaja"":null,""stockJson"":null,""familia"":""Electricidad"",""subcategoria"":""Placas"",""unidad"":""Unidad"",""unidadDetalle"":"""",""imagen"":null,""fecha"":""2026-07-21T15:48:01.233281""},""precioOriginal"":35.0,""cantidad"":30},{""articulo"":{""nombre"":""BROCHA DE 2\"""",""precio"":35.0,""precioCaja"":0.0,""descripcion"":""Creado automáticamente vía escaneo"",""folderId"":null,""finalArtId"":null,""proveedor"":null,""codCaja"":null,""stockJson"":null,""familia"":""Ferretería"",""subcategoria"":""Brochas"",""unidad"":""Unidad"",""unidadDetalle"":"""",""imagen"":null,""fecha"":""2026-07-21T15:48:01.233292""},""precioOriginal"":35.0,""cantidad"":4},{""articulo"":{""nombre"":""BROCHA DE 1\"""",""precio"":25.0,""precioCaja"":0.0,""descripcion"":""Creado automáticamente vía escaneo"",""folderId"":null,""finalArtId"":null,""proveedor"":null,""codCaja"":null,""stockJson"":null,""familia"":""Ferretería"",""subcategoria"":""Brochas"",""unidad"":""Unidad"",""unidadDetalle"":"""",""imagen"":null,""fecha"":""2026-07-21T15:48:01.233309""},""precioOriginal"":25.0,""cantidad"":4},{""articulo"":{""nombre"":""RODILLO ANTIGOTEO"",""precio"":70.0,""precioCaja"":0.0,""descripcion"":""Creado automáticamente vía escaneo"",""folderId"":null,""finalArtId"":null,""proveedor"":null,""codCaja"":null,""stockJson"":null,""familia"":""Ferretería"",""subcategoria"":""Rodillos"",""unidad"":""Unidad"",""unidadDetalle"":"""",""imagen"":null,""fecha"":""2026-07-21T15:48:01.233322""},""precioOriginal"":70.0,""cantidad"":6}]",,"• Recibí conforme los productos detallados.
• No se aceptan devoluciones después de 48 hrs.
• La mercadería viaja por cuenta y riesgo del cliente.",0,0,0,0,punto_venta,proforma,JOEL,Transferencia Bancaria,por_cobrar,,0,0.0,,9e7f6247-58c7-4d3b-adaa-a85b6d3c3b5a,,,,pendiente,C. Isaac Tamayo #840 La Paz - Bolivia
36,uu,2026-08-04,98.0,0.0,0.0,0.0,98.0,"[{""articulo"":{""nombre"":""Volanda de 1/8 (kilo)"",""precio"":98.0,""precioCaja"":0.0,""descripcion"":"""",""folderId"":null,""finalArtId"":null,""proveedor"":null,""codCaja"":null,""stockJson"":null,""familia"":"""",""subcategoria"":"""",""unidad"":""Unidad"",""unidadDetalle"":"""",""imagen"":null,""fecha"":""""},""precioOriginal"":98.0,""cantidad"":1}]",,"- Validez de la oferta: 5 días.
- Garantía: Según especificaciones del fabricante.
- Forma de pago: Contado/Transferencia.",1,0,0,0,punto_venta,nota_entrega,JOEL,QR,pagado,,0,0.0,,COT_1785872620212,160,,,pendiente,C. Isaac Tamayo #840 La Paz - Bolivia
37,hshd,2026-08-04,48300100.0,0.0,0.0,0.0,48300100.0,"[{""articulo"":{""nombre"":""Soquet tipo plato"",""precio"":10.0,""precioCaja"":0.0,""descripcion"":"""",""folderId"":null,""finalArtId"":null,""proveedor"":null,""codCaja"":null,""stockJson"":null,""familia"":"""",""subcategoria"":"""",""unidad"":""Unidad"",""unidadDetalle"":"""",""imagen"":null,""fecha"":""""},""precioOriginal"":10.0,""cantidad"":10},{""articulo"":{""nombre"":""Alargador de corriente de 30 metros"",""precio"":210.0,""precioCaja"":0.0,""descripcion"":"""",""folderId"":null,""finalArtId"":null,""proveedor"":null,""codCaja"":null,""stockJson"":null,""familia"":"""",""subcategoria"":"""",""unidad"":""Unidad"",""unidadDetalle"":"""",""imagen"":null,""fecha"":""""},""precioOriginal"":210.0,""cantidad"":230000}]",,"- Validez de la oferta: 5 días.
- Garantía: Según especificaciones del fabricante.
- Forma de pago: Contado/Transferencia.",0,0,0,0,punto_venta,nota_entrega,JOEL,QR,pagado,,0,0.0,,COT_1785879768319,161,,,pendiente,C. Isaac Tamayo #840 La Paz - Bolivia
38,dkdbdfb,2026-08-04,100.0,0.0,0.0,0.0,100.0,"[{""articulo"":{""nombre"":""Driver LED 24W"",""precio"":50.0,""precioCaja"":0.0,""descripcion"":"""",""folderId"":null,""finalArtId"":null,""proveedor"":null,""codCaja"":null,""stockJson"":null,""familia"":"""",""subcategoria"":"""",""unidad"":""Unidad"",""unidadDetalle"":"""",""imagen"":null,""fecha"":""""},""precioOriginal"":50.0,""cantidad"":2}]",jdjsbxbxbx,"- Validez de la oferta: 5 días.
- Garantía: Según especificaciones del fabricante.
- Forma de pago: Contado/Transferencia.",0,0,0,0,punto_venta,proforma,JOEL,Transferencia Bancaria,anulada,,0,0.0,,7abd7f6e-ac2f-44dc-8045-036db75d20cb,162,,,anulada,C. Isaac Tamayo #840 La Paz - Bolivia
39,Miguel,2026-08-05,1058.0,0.0,0.0,0.0,1058.0,"[{""articulo"":{""nombre"":""Enchufe tipo L 10A"",""precio"":8.0,""precioCaja"":0.0,""descripcion"":"""",""folderId"":null,""finalArtId"":null,""proveedor"":null,""codCaja"":null,""stockJson"":null,""familia"":"""",""subcategoria"":"""",""unidad"":""Unidad"",""unidadDetalle"":"""",""imagen"":null,""fecha"":""""},""precioOriginal"":8.0,""cantidad"":1},{""articulo"":{""nombre"":""Driver LED 24W"",""precio"":50.0,""precioCaja"":0.0,""descripcion"":"""",""folderId"":null,""finalArtId"":null,""proveedor"":null,""codCaja"":null,""stockJson"":null,""familia"":"""",""subcategoria"":"""",""unidad"":""Alto"",""unidadDetalle"":"""",""imagen"":null,""fecha"":""""},""precioOriginal"":50.0,""cantidad"":20},{""articulo"":{""nombre"":""Hilo de caña (rollo de 100 metros)"",""precio"":50.0,""precioCaja"":0.0,""descripcion"":"""",""folderId"":null,""finalArtId"":null,""proveedor"":null,""codCaja"":null,""stockJson"":null,""familia"":"""",""subcategoria"":"""",""unidad"":""Unidad"",""unidadDetalle"":"""",""imagen"":null,""fecha"":""""},""precioOriginal"":50.0,""cantidad"":1}]",holaaaaaaa,"- Validez de la oferta: 5 días.
- Garantía: Según especificaciones del fabricante.
- Forma de pago: Contado/Transferencia.",0,0,0,0,punto_venta,proforma,JOEL,QR,por_cobrar,,0,0.0,,5fdd632a-284c-4e90-a965-9cb9ab767d20,167,22222222,sjsjjsjs,pendiente,C. Isaac Tamayo #840 La Paz - Bolivia
40,José,2026-08-05,1150.0,0.0,0.0,0.0,1150.0,"[{""articulo"":{""nombre"":""Driver LED 24W"",""precio"":50.0,""precioCaja"":0.0,""descripcion"":"""",""folderId"":null,""finalArtId"":null,""proveedor"":null,""codCaja"":null,""stockJson"":null,""familia"":"""",""subcategoria"":"""",""unidad"":""Unidad"",""unidadDetalle"":"""",""imagen"":null,""fecha"":""""},""precioOriginal"":50.0,""cantidad"":23}]",,"- Validez de la oferta: 5 días.
- Garantía: Según especificaciones del fabricante.
- Forma de pago: Contado/Transferencia.",0,0,0,0,punto_venta,proforma,JOEL,Transferencia Bancaria,por_cobrar,,0,0.0,,COT_1785986678039,166,,,pendiente,C. Isaac Tamayo #840 La Paz - Bolivia
41,pedro,2026-08-05,103515.0,0.0,0.0,0.0,103515.0,"[{""articulo"":{""nombre"":""Samsung s22 ultra"",""precio"":6900.0,""precioCaja"":0.0,""descripcion"":"""",""folderId"":null,""finalArtId"":null,""proveedor"":null,""codCaja"":null,""stockJson"":null,""familia"":"""",""subcategoria"":"""",""unidad"":""Unidad"",""unidadDetalle"":"""",""imagen"":null,""fecha"":""""},""precioOriginal"":6900.0,""cantidad"":15},{""articulo"":{""nombre"":""Clavija Brasilera 15Amp"",""precio"":15.0,""precioCaja"":0.0,""descripcion"":"""",""folderId"":null,""finalArtId"":null,""proveedor"":null,""codCaja"":null,""stockJson"":null,""familia"":"""",""subcategoria"":"""",""unidad"":""Unidad"",""unidadDetalle"":"""",""imagen"":null,""fecha"":""""},""precioOriginal"":15.0,""cantidad"":1}]",,"- Validez de la oferta: 5 días.
- Garantía: Según especificaciones del fabricante.
- Forma de pago: Contado/Transferencia.",1,0,0,0,punto_venta,proforma,JOEL,QR,por_cobrar,,0,0.0,,254e831e-9d23-4e89-90de-030ae38326d9,169,,,pendiente,C. Isaac Tamayo #840 La Paz - Bolivia
42,Lopez,2026-06-16,660.0,0.0,0.0,0.0,660.0,"[{""articulo"":{""nombre"":""Cable led"",""precio"":12.0,""precioCaja"":0.0,""descripcion"":""Medidas: Ancho:  cm, Alto:  cm, Grosor:  cm, Diametro:  cm\nCategoría: FOCO / FOCO FILAMENTO"",""folderId"":null,""finalArtId"":null,""proveedor"":null,""codCaja"":null,""stockJson"":null,""familia"":"""",""subcategoria"":"""",""unidad"":""Unidad"",""unidadDetalle"":"""",""imagen"":null,""fecha"":""""},""precioOriginal"":12.0,""cantidad"":55}]",,"• Recibí conforme los productos detallados.
• No se aceptan devoluciones después de 48 hrs.
• La mercadería viaja por cuenta y riesgo del cliente.",0,0,0,0,punto_venta,proforma,JOEL,Transferencia Bancaria,por_cobrar,,0,0.0,,b1ef7941-ec26-424b-8baf-d7443faad235,12,69732537,,pendiente,C. Isaac Tamayo #840 La Paz - Bolivia
44,Casatex,2026-08-09,309.0,0.0,0.0,0.0,309.0,"[{""articulo"":{""nombre"":""Lámpara Farol solar"",""precio"":165.0,""precioCaja"":0.0,""descripcion"":"""",""folderId"":null,""finalArtId"":null,""proveedor"":null,""codCaja"":null,""stockJson"":null,""familia"":"""",""subcategoria"":"""",""unidad"":""Unidad"",""unidadDetalle"":"""",""imagen"":null,""fecha"":""""},""precioOriginal"":165.0,""cantidad"":1},{""articulo"":{""nombre"":""Alargador 3 mts"",""precio"":48.0,""precioCaja"":0.0,""descripcion"":"""",""folderId"":null,""finalArtId"":null,""proveedor"":null,""codCaja"":null,""stockJson"":null,""familia"":"""",""subcategoria"":"""",""unidad"":""Unidad"",""unidadDetalle"":"""",""imagen"":null,""fecha"":""""},""precioOriginal"":48.0,""cantidad"":3}]",,"- Validez de la oferta: 5 días.
- Garantía: Según especificaciones del fabricante.
- Forma de pago: Contado/Transferencia.",0,0,0,0,punto_venta,proforma,JOEL,Transferencia Bancaria,por_cobrar,,1,0.0,,COT_1786286787595,174,,,pendiente,C. Isaac Tamayo #840 La Paz - Bolivia
45,Casatex,2026-08-10,309.0,0.0,0.0,0.0,309.0,"[{""articulo"":{""nombre"":""Lámpara Farol solar"",""precio"":165.0,""precioCaja"":0.0,""descripcion"":"""",""folderId"":null,""finalArtId"":null,""proveedor"":null,""codCaja"":null,""stockJson"":null,""familia"":"""",""subcategoria"":"""",""unidad"":""Unidad"",""unidadDetalle"":"""",""imagen"":null,""fecha"":""""},""precioOriginal"":165.0,""cantidad"":1},{""articulo"":{""nombre"":""Alargador 3 mts"",""precio"":48.0,""precioCaja"":0.0,""descripcion"":"""",""folderId"":null,""finalArtId"":null,""proveedor"":null,""codCaja"":null,""stockJson"":null,""familia"":"""",""subcategoria"":"""",""unidad"":""Unidad"",""unidadDetalle"":"""",""imagen"":null,""fecha"":""""},""precioOriginal"":48.0,""cantidad"":3}]",,"- Validez de la oferta: 5 días.
- Garantía: Según especificaciones del fabricante.
- Forma de pago: Contado/Transferencia.",1,0,0,0,punto_venta,nota_entrega,JOEL,Efectivo,pagado,,1,0.0,,3d0ed858-060f-463d-b479-60dd12534196,171,,,pendiente,C. Isaac Tamayo #840 La Paz - Bolivia
47,hj,2026-08-10,35.0,0.0,0.0,0.0,35.0,"[{""articulo"":{""nombre"":""Placa interruptor simple SICA"",""precio"":35.0,""precioCaja"":0.0,""descripcion"":"""",""folderId"":null,""finalArtId"":null,""proveedor"":null,""codCaja"":null,""stockJson"":null,""familia"":"""",""subcategoria"":"""",""unidad"":""Unidad"",""unidadDetalle"":"""",""imagen"":null,""fecha"":""""},""precioOriginal"":35.0,""cantidad"":1}]",,"- Validez de la oferta: 5 días.
- Garantía: Según especificaciones del fabricante.
- Forma de pago: Contado/Transferencia.",0,0,0,0,punto_venta,proforma,JOEL,QR,pagado,/data/user/0/com.example.novaled_app/cache/scaled_6693.jpg,0,0.0,,COT_1786373373601,172,,,pendiente,C. Isaac Tamayo #840 La Paz - Bolivia
48,Almir,2026-08-10,851.0,0.0,0.0,0.0,851.0,"[{""articulo"":{""nombre"":""Cinta LED una fila luz cálida"",""precio"":15.0,""precioCaja"":0.0,""descripcion"":"""",""folderId"":null,""finalArtId"":null,""proveedor"":null,""codCaja"":null,""stockJson"":null,""familia"":"""",""subcategoria"":"""",""unidad"":""Metros"",""unidadDetalle"":"""",""imagen"":null,""fecha"":""""},""precioOriginal"":15.0,""cantidad"":5},{""articulo"":{""nombre"":""Conector para cinta LED"",""precio"":13.0,""precioCaja"":0.0,""descripcion"":"""",""folderId"":null,""finalArtId"":null,""proveedor"":null,""codCaja"":null,""stockJson"":null,""familia"":"""",""subcategoria"":"""",""unidad"":""Unidad"",""unidadDetalle"":"""",""imagen"":null,""fecha"":""""},""precioOriginal"":13.0,""cantidad"":2},{""articulo"":{""nombre"":""Panel LED con detalles de madera 3 Tiempos"",""precio"":125.0,""precioCaja"":0.0,""descripcion"":"""",""folderId"":null,""finalArtId"":null,""proveedor"":null,""codCaja"":null,""stockJson"":null,""familia"":"""",""subcategoria"":"""",""unidad"":""Unidad"",""unidadDetalle"":"""",""imagen"":null,""fecha"":""""},""precioOriginal"":125.0,""cantidad"":6}]",,"- Validez de la oferta: 5 días.
- Garantía: Según especificaciones del fabricante.
- Forma de pago: Contado/Transferencia.",0,0,0,0,punto_venta,proforma,JOEL,Efectivo,pagado,Cancelado,0,0.0,,38682d9f-e215-4f8a-abe3-7bf536150688,173,,,anulada,C. Isaac Tamayo #840 La Paz - Bolivia
49,Manoela,2026-08-10,55.0,0.0,0.0,0.0,55.0,"[{""articulo"":{""nombre"":""Foco LED de filamento 4W"",""precio"":20.0,""precioCaja"":0.0,""descripcion"":"""",""folderId"":null,""finalArtId"":null,""proveedor"":null,""codCaja"":null,""stockJson"":null,""familia"":"""",""subcategoria"":"""",""unidad"":""Unidad"",""unidadDetalle"":"""",""imagen"":null,""fecha"":""""},""precioOriginal"":20.0,""cantidad"":1},{""articulo"":{""nombre"":""Foco LED de filamento 4W"",""precio"":20.0,""precioCaja"":0.0,""descripcion"":"""",""folderId"":null,""finalArtId"":null,""proveedor"":null,""codCaja"":null,""stockJson"":null,""familia"":"""",""subcategoria"":"""",""unidad"":""Unidad"",""unidadDetalle"":"""",""imagen"":null,""fecha"":""""},""precioOriginal"":20.0,""cantidad"":1},{""articulo"":{""nombre"":""CINTA LED"",""precio"":15.0,""precioCaja"":0.0,""descripcion"":"""",""folderId"":null,""finalArtId"":null,""proveedor"":null,""codCaja"":null,""stockJson"":null,""familia"":"""",""subcategoria"":"""",""unidad"":""Metros"",""unidadDetalle"":"""",""imagen"":null,""fecha"":""""},""precioOriginal"":15.0,""cantidad"":1}]",VALIDEZ DE COTIZACIÓN 10 DIAS,"- Validez de la oferta: 5 días.
- Garantía: Según especificaciones del fabricante.
- Forma de pago: Contado/Transferencia.",0,0,0,0,punto_venta,proforma,JOEL,Efectivo,pagado,,0,0.0,,48a79938-e5ef-41af-a04d-60ece0045d26,173,,,pendiente,C. Isaac Tamayo #840 La Paz - Bolivia
56,Gabo,2026-08-10,0.0,0.0,0.0,0.0,0.0,[],,"- Validez de la oferta: 5 días.
- Garantía: Según especificaciones del fabricante.
- Forma de pago: Contado/Transferencia.",0,0,0,0,punto_venta,proforma,JOEL,QR,por_cobrar,,0,0.0,,COT_1786380369142,174,,,pendiente,C. Isaac Tamayo #840 La Paz - Bolivia
57,Universidad Mayor de San Andres,2026-08-10,4544.0,0.0,0.0,0.0,4544.0,"[{""articulo"":{""nombre"":""Balde pintura latex 10 Litros Negro"",""precio"":425.0,""precioCaja"":0.0,""descripcion"":"""",""folderId"":null,""finalArtId"":null,""proveedor"":null,""codCaja"":null,""stockJson"":null,""familia"":"""",""subcategoria"":"""",""unidad"":""Balde"",""unidadDetalle"":"""",""imagen"":null,""fecha"":""""},""precioOriginal"":425.0,""cantidad"":1},{""articulo"":{""nombre"":""Balde de pintura Latex 18 Litros código 25A 2P"",""precio"":1080.0,""precioCaja"":0.0,""descripcion"":"""",""folderId"":null,""finalArtId"":null,""proveedor"":null,""codCaja"":null,""stockJson"":null,""familia"":"""",""subcategoria"":"""",""unidad"":""Balde"",""unidadDetalle"":"""",""imagen"":null,""fecha"":""""},""precioOriginal"":1080.0,""cantidad"":1},{""articulo"":{""nombre"":""Galón de pintura 3.5L Ocre de la India"",""precio"":240.0,""precioCaja"":0.0,""descripcion"":"""",""folderId"":null,""finalArtId"":null,""proveedor"":null,""codCaja"":null,""stockJson"":null,""familia"":"""",""subcategoria"":"""",""unidad"":""Galon"",""unidadDetalle"":"""",""imagen"":null,""fecha"":""""},""precioOriginal"":240.0,""cantidad"":2},{""articulo"":{""nombre"":""Rollo cable #12 de 7 hilos (Rollo de 100 metros)"",""precio"":950.0,""precioCaja"":0.0,""descripcion"":"""",""folderId"":null,""finalArtId"":null,""proveedor"":null,""codCaja"":null,""stockJson"":null,""familia"":"""",""subcategoria"":"""",""unidad"":""Rollo"",""unidadDetalle"":"""",""imagen"":null,""fecha"":""""},""precioOriginal"":950.0,""cantidad"":1},{""articulo"":{""nombre"":""Rollo cable #14 de 7 hilos (Rollo de 100 metros)"",""precio"":680.0,""precioCaja"":0.0,""descripcion"":"""",""folderId"":null,""finalArtId"":null,""proveedor"":null,""codCaja"":null,""stockJson"":null,""familia"":"""",""subcategoria"":"""",""unidad"":""Rollo"",""unidadDetalle"":"""",""imagen"":null,""fecha"":""""},""precioOriginal"":680.0,""cantidad"":1},{""articulo"":{""nombre"":""Cable #10 de 7 hilos (Metro)"",""precio"":15.0,""precioCaja"":0.0,""descripcion"":"""",""folderId"":null,""finalArtId"":null,""proveedor"":null,""codCaja"":null,""stockJson"":null,""familia"":"""",""subcategoria"":"""",""unidad"":""Metros"",""unidadDetalle"":"""",""imagen"":null,""fecha"":""""},""precioOriginal"":15.0,""cantidad"":50},{""articulo"":{""nombre"":""Brocha de 2\"" Tigre"",""precio"":29.0,""precioCaja"":0.0,""descripcion"":""Creado vía Cotización Flash"",""folderId"":null,""finalArtId"":null,""proveedor"":null,""codCaja"":null,""stockJson"":null,""familia"":""Pintura"",""subcategoria"":""Brochas"",""unidad"":""Unidad"",""unidadDetalle"":"""",""imagen"":null,""fecha"":""2026-08-10T15:13:36.401723""},""precioOriginal"":29.0,""cantidad"":1},{""articulo"":{""nombre"":""Rodillo Tigre"",""precio"":75.0,""precioCaja"":0.0,""descripcion"":""Creado vía Cotización Flash"",""folderId"":null,""finalArtId"":null,""proveedor"":null,""codCaja"":null,""stockJson"":null,""familia"":""Pintura"",""subcategoria"":""Rodillos"",""unidad"":""Unidad"",""unidadDetalle"":"""",""imagen"":null,""fecha"":""2026-08-10T15:13:36.401740""},""precioOriginal"":75.0,""cantidad"":2}]",,"- Validez de la oferta: 5 días.
- Garantía: Según especificaciones del fabricante.
- Forma de pago: Contado/Transferencia.",0,0,0,0,punto_venta,proforma,JOEL,Transferencia Bancaria,por_cobrar,,0,0.0,,f403734f-c67b-4253-bf85-6c17787641ee,175,,,pendiente,C. Isaac Tamayo #840 La Paz - Bolivia
58,UNIVERSIDAD MAYOR DE SAN ANDRES,2026-08-10,4573.0,0.0,0.0,0.0,4573.0,"[{""articulo"":{""nombre"":""Balde pintura latex 10 litros Negro"",""precio"":425.0,""precioCaja"":0.0,""descripcion"":"""",""folderId"":null,""finalArtId"":null,""proveedor"":null,""codCaja"":null,""stockJson"":null,""familia"":"""",""subcategoria"":"""",""unidad"":""Pieza"",""unidadDetalle"":"""",""imagen"":null,""fecha"":""""},""precioOriginal"":425.0,""cantidad"":1},{""articulo"":{""nombre"":""Balde de pintura Latex 18 Litros código 25A 2P"",""precio"":1080.0,""precioCaja"":0.0,""descripcion"":""Creado vía Cotización Flash"",""folderId"":null,""finalArtId"":null,""proveedor"":null,""codCaja"":""34200"",""stockJson"":null,""familia"":""Pintura"",""subcategoria"":""Baldes"",""unidad"":""Pieza"",""unidadDetalle"":"""",""imagen"":null,""fecha"":""2026-08-10T15:46:25.962441""},""precioOriginal"":1080.0,""cantidad"":1},{""articulo"":{""nombre"":""Galón de pintura 3.5L Ocre de la India"",""precio"":240.0,""precioCaja"":0.0,""descripcion"":"""",""folderId"":null,""finalArtId"":null,""proveedor"":null,""codCaja"":null,""stockJson"":null,""familia"":"""",""subcategoria"":"""",""unidad"":""Pieza"",""unidadDetalle"":"""",""imagen"":null,""fecha"":""""},""precioOriginal"":240.0,""cantidad"":2},{""articulo"":{""nombre"":""Rollo cable #12 de 7 hilos (Rollo de 100 metros)"",""precio"":950.0,""precioCaja"":0.0,""descripcion"":"""",""folderId"":null,""finalArtId"":null,""proveedor"":null,""codCaja"":null,""stockJson"":null,""familia"":"""",""subcategoria"":"""",""unidad"":""Pieza"",""unidadDetalle"":"""",""imagen"":null,""fecha"":""""},""precioOriginal"":950.0,""cantidad"":1},{""articulo"":{""nombre"":""Rollo cable #14 de 7 hilos (Rollo de 100 metros)"",""precio"":680.0,""precioCaja"":0.0,""descripcion"":"""",""folderId"":null,""finalArtId"":null,""proveedor"":null,""codCaja"":null,""stockJson"":null,""familia"":"""",""subcategoria"":"""",""unidad"":""Pieza"",""unidadDetalle"":"""",""imagen"":null,""fecha"":""""},""precioOriginal"":680.0,""cantidad"":1},{""articulo"":{""nombre"":""Cable #10 de 7 hilos (Metro)"",""precio"":50.0,""precioCaja"":0.0,""descripcion"":"""",""folderId"":null,""finalArtId"":null,""proveedor"":null,""codCaja"":null,""stockJson"":null,""familia"":"""",""subcategoria"":"""",""unidad"":""Metros"",""unidadDetalle"":"""",""imagen"":null,""fecha"":""""},""precioOriginal"":50.0,""cantidad"":15},{""articulo"":{""nombre"":""Brocha de 2\"" Tigre"",""precio"":29.0,""precioCaja"":0.0,""descripcion"":"""",""folderId"":null,""finalArtId"":null,""proveedor"":null,""codCaja"":null,""stockJson"":null,""familia"":"""",""subcategoria"":"""",""unidad"":""Pieza"",""unidadDetalle"":"""",""imagen"":null,""fecha"":""""},""precioOriginal"":29.0,""cantidad"":2},{""articulo"":{""nombre"":""Rodillo Tigre"",""precio"":75.0,""precioCaja"":0.0,""descripcion"":"""",""folderId"":null,""finalArtId"":null,""proveedor"":null,""codCaja"":null,""stockJson"":null,""familia"":"""",""subcategoria"":"""",""unidad"":""Pieza"",""unidadDetalle"":"""",""imagen"":null,""fecha"":""""},""precioOriginal"":75.0,""cantidad"":2}]",,"- Validez de la oferta: 5 días.
- Garantía: Según especificaciones del fabricante.
- Forma de pago: Contado/Transferencia.",0,0,0,0,punto_venta,proforma,JOEL,QR,por_cobrar,,0,0.0,,a5116451-932d-4aa8-82a0-cd2e2ade1ce8,177,,,pendiente,C. Isaac Tamayo #840 La Paz - Bolivia
59,UNIVERSIDAD MAYOR DE SAN ANDRES,2026-08-11,1320.0,0.0,0.0,0.0,1320.0,"[{""articulo"":{""nombre"":""CORTAPICO DE 6 TOMAS, 3 METROS DE CABLE"",""precio"":120.0,""precioCaja"":0.0,""descripcion"":"""",""folderId"":null,""finalArtId"":null,""proveedor"":null,""codCaja"":null,""stockJson"":null,""familia"":"""",""subcategoria"":"""",""unidad"":""Pieza"",""unidadDetalle"":"""",""imagen"":null,""fecha"":""""},""precioOriginal"":120.0,""cantidad"":11}]",,"- Validez de la oferta: 5 días.
- Garantía: Según especificaciones del fabricante.
- Forma de pago: Contado/Transferencia.",0,0,0,0,punto_venta,nota_entrega,JOEL,Por pagar,por_cobrar,,0,0.0,,COT_1786455992000,180,,,pendiente,C. Isaac Tamayo #840 La Paz - Bolivia
61,Victor,2026-06-16,465.0,0.0,0.0,0.0,465.0,"[{""articulo"":{""nombre"":""Cable #10 de 7 hilos"",""precio"":15.0,""precioCaja"":0.0,""descripcion"":"""",""folderId"":null,""finalArtId"":null,""proveedor"":null,""codCaja"":null,""stockJson"":null,""familia"":"""",""subcategoria"":"""",""unidad"":""Metros"",""unidadDetalle"":"""",""imagen"":null,""fecha"":""""},""precioOriginal"":15.0,""cantidad"":20},{""articulo"":{""nombre"":""clavo #6"",""precio"":25.0,""precioCaja"":0.0,""descripcion"":"""",""folderId"":null,""finalArtId"":null,""proveedor"":null,""codCaja"":null,""stockJson"":null,""familia"":"""",""subcategoria"":"""",""unidad"":""Kg"",""unidadDetalle"":"""",""imagen"":null,""fecha"":""""},""precioOriginal"":25.0,""cantidad"":3},{""articulo"":{""nombre"":""Conector Rj45"",""precio"":3.0,""precioCaja"":0.0,""descripcion"":"""",""folderId"":null,""finalArtId"":null,""proveedor"":null,""codCaja"":null,""stockJson"":null,""familia"":"""",""subcategoria"":"""",""unidad"":""Pza"",""unidadDetalle"":"""",""imagen"":null,""fecha"":""""},""precioOriginal"":3.0,""cantidad"":30}]",Validez de cotización 10 días,"• Recibí conforme los productos detallados.
• No se aceptan devoluciones después de 48 hrs.
• La mercadería viaja por cuenta y riesgo del cliente.",0,0,0,0,punto_venta,proforma,JOEL,Transferencia Bancaria,por_cobrar,,0,0.0,,5cd68b04-a795-4096-ab0a-9484b3599fda,10,,,pendiente,C. Isaac Tamayo #840 La Paz - Bolivia
62,gracias c,2026-08-17,635.0,0.0,0.0,0.0,635.0,"[{""articulo"":{""nombre"":""Reflector LED 400W"",""precio"":600.0,""precioCaja"":0.0,""descripcion"":"""",""folderId"":null,""finalArtId"":null,""proveedor"":null,""codCaja"":null,""stockJson"":null,""familia"":"""",""subcategoria"":"""",""unidad"":""Unidad"",""unidadDetalle"":"""",""imagen"":null,""fecha"":""""},""precioOriginal"":600.0,""cantidad"":1},{""articulo"":{""nombre"":""Placa interruptor simple SICA"",""precio"":35.0,""precioCaja"":0.0,""descripcion"":"""",""folderId"":null,""finalArtId"":null,""proveedor"":null,""codCaja"":null,""stockJson"":null,""familia"":"""",""subcategoria"":"""",""unidad"":""Unidad"",""unidadDetalle"":"""",""imagen"":null,""fecha"":""""},""precioOriginal"":35.0,""cantidad"":1}]",,"- Validez de la oferta: 5 días.
- Garantía: Según especificaciones del fabricante.
- Forma de pago: Contado/Transferencia.",0,0,0,0,punto_venta,proforma,JOEL,Transferencia Bancaria,pagado,,0,0.0,,fa3326b6-1887-4304-9478-029ee1a206b5,181,,,pendiente,C. Isaac Tamayo #840 La Paz - Bolivia
63,Victor,2026-08-17,1350.0,0.0,0.0,0.0,1350.0,"[{""articulo"":{""nombre"":""Tomacorriente triple"",""precio"":50.0,""precioCaja"":0.0,""descripcion"":"""",""folderId"":null,""finalArtId"":null,""proveedor"":null,""codCaja"":null,""stockJson"":null,""familia"":"""",""subcategoria"":"""",""unidad"":""Unidad"",""unidadDetalle"":"""",""imagen"":null,""fecha"":""""},""precioOriginal"":50.0,""cantidad"":4},{""articulo"":{""nombre"":""Clavija Brasilera 15Amp"",""precio"":15.0,""precioCaja"":0.0,""descripcion"":"""",""folderId"":null,""finalArtId"":null,""proveedor"":null,""codCaja"":null,""stockJson"":null,""familia"":"""",""subcategoria"":"""",""unidad"":""Unidad"",""unidadDetalle"":"""",""imagen"":null,""fecha"":""""},""precioOriginal"":15.0,""cantidad"":10},{""articulo"":{""nombre"":""Driver LED 24W"",""precio"":50.0,""precioCaja"":0.0,""descripcion"":"""",""folderId"":null,""finalArtId"":null,""proveedor"":null,""codCaja"":null,""stockJson"":null,""familia"":"""",""subcategoria"":"""",""unidad"":""Pieza"",""unidadDetalle"":"""",""imagen"":null,""fecha"":""""},""precioOriginal"":50.0,""cantidad"":20}]",VALIDEZ DE COTIZACIÓN 10 DIAS,"- Validez de la oferta: 5 días.
- Garantía: Según especificaciones del fabricante.
- Forma de pago: Contado/Transferencia.",0,0,0,0,punto_venta,proforma,JOEL,Transferencia Bancaria,pagado,,0,0.0,,e6101e08-c14b-41d1-8ebf-19e574930955,182,,,pendiente,C. Isaac Tamayo #840 La Paz - Bolivia
64,UMSA,2026-08-17,4580.0,0.0,0.0,0.0,4580.0,"[{""articulo"":{""nombre"":""Reflector LED 600w"",""precio"":1850.0,""precioCaja"":0.0,""descripcion"":"""",""folderId"":null,""finalArtId"":null,""proveedor"":null,""codCaja"":null,""stockJson"":null,""familia"":"""",""subcategoria"":"""",""unidad"":""Unidad"",""unidadDetalle"":"""",""imagen"":null,""fecha"":""""},""precioOriginal"":1850.0,""cantidad"":2},{""articulo"":{""nombre"":""Panel LED 60x60cm sobrepuesto"",""precio"":220.0,""precioCaja"":0.0,""descripcion"":"""",""folderId"":null,""finalArtId"":null,""proveedor"":null,""codCaja"":null,""stockJson"":null,""familia"":"""",""subcategoria"":"""",""unidad"":""Unidad"",""unidadDetalle"":"""",""imagen"":null,""fecha"":""""},""precioOriginal"":220.0,""cantidad"":4}]",,"- Validez de la oferta: 5 días.
- Garantía: Según especificaciones del fabricante.
- Forma de pago: Contado/Transferencia.",0,0,0,0,punto_venta,proforma,JOEL,Transferencia Bancaria,pagado,,0,0.0,,COT_1786979297088,183,,,pendiente,C. Isaac Tamayo #840 La Paz - Bolivia
65,Miguel,2026-08-17,69.0,0.0,0.0,0.0,69.0,"[{""articulo"":{""nombre"":""Clavija Brasilera 15Amp"",""precio"":15.0,""precioCaja"":0.0,""descripcion"":"""",""folderId"":null,""finalArtId"":null,""proveedor"":null,""codCaja"":null,""stockJson"":null,""familia"":"""",""subcategoria"":"""",""unidad"":""Unidad"",""unidadDetalle"":"""",""imagen"":null,""fecha"":""""},""precioOriginal"":15.0,""cantidad"":1},{""articulo"":{""nombre"":""Lampara tipo LED- tubo LED de 12Watts de 60cm"",""precio"":18.0,""precioCaja"":0.0,""descripcion"":"""",""folderId"":null,""finalArtId"":null,""proveedor"":null,""codCaja"":null,""stockJson"":null,""familia"":"""",""subcategoria"":"""",""unidad"":""Unidad"",""unidadDetalle"":"""",""imagen"":null,""fecha"":""""},""precioOriginal"":18.0,""cantidad"":3}]",djjdjddk,"- Validez de la oferta: 5 días.
- Garantía: Según especificaciones del fabricante.
- Forma de pago: Contado/Transferencia.",1,0,0,0,punto_venta,proforma,JOEL,Transferencia Bancaria,por_cobrar,,0,0.0,,a74f97bb-e020-42d7-8bb4-c9ba52099e60,184,22222222,sjsjjsjs,pendiente,C. Isaac Tamayo #840 La Paz - Bolivia
66,Miguel,2026-08-17,69.0,0.0,0.0,0.0,69.0,"[{""articulo"":{""nombre"":""Clavija Brasilera 15Amp"",""precio"":15.0,""precioCaja"":0.0,""descripcion"":"""",""folderId"":null,""finalArtId"":null,""proveedor"":null,""codCaja"":null,""stockJson"":null,""familia"":"""",""subcategoria"":"""",""unidad"":""Unidad"",""unidadDetalle"":"""",""imagen"":null,""fecha"":""""},""precioOriginal"":15.0,""cantidad"":1},{""articulo"":{""nombre"":""Lampara tipo LED- tubo LED de 12Watts de 60cm"",""precio"":18.0,""precioCaja"":0.0,""descripcion"":"""",""folderId"":null,""finalArtId"":null,""proveedor"":null,""codCaja"":null,""stockJson"":null,""familia"":"""",""subcategoria"":"""",""unidad"":""Unidad"",""unidadDetalle"":"""",""imagen"":null,""fecha"":""""},""precioOriginal"":18.0,""cantidad"":3}]",djjdjddk,"- Validez de la oferta: 5 días.
- Garantía: Según especificaciones del fabricante.
- Forma de pago: Contado/Transferencia.",1,0,0,0,punto_venta,nota_entrega,JOEL,Transferencia Bancaria,por_cobrar,,0,0.0,,759d8084-2e4e-4742-a557-350a4cb8b74d,185,22222222,sjsjjsjs,pendiente,C. Isaac Tamayo #840 La Paz - Bolivia
67,PRUEBA,2026-08-18,30.0,0.0,0.0,0.0,30.0,"[{""articulo"":{""nombre"":""Clavija Brasilera 15Amp"",""precio"":15.0,""precioCaja"":0.0,""descripcion"":"""",""folderId"":null,""finalArtId"":null,""proveedor"":null,""codCaja"":null,""stockJson"":null,""familia"":"""",""subcategoria"":"""",""unidad"":""Unidad"",""unidadDetalle"":"""",""imagen"":null,""fecha"":""""},""precioOriginal"":15.0,""cantidad"":1},{""articulo"":{""nombre"":""Roseta p/RJ45"",""precio"":15.0,""precioCaja"":0.0,""descripcion"":"""",""folderId"":null,""finalArtId"":null,""proveedor"":null,""codCaja"":null,""stockJson"":null,""familia"":"""",""subcategoria"":"""",""unidad"":""Unidad"",""unidadDetalle"":"""",""imagen"":null,""fecha"":""""},""precioOriginal"":15.0,""cantidad"":1}]",,"- Validez de la oferta: 5 días.
- Garantía: Según especificaciones del fabricante.
- Forma de pago: Contado/Transferencia.",0,0,0,0,punto_venta,proforma,JOEL,Efectivo,pagado,,0,0.0,,15dd6a4f-4542-4e8a-9fc3-3b4297d4953b,192,6973237,,pendiente,C. Isaac Tamayo #840 La Paz - Bolivia
68,Amir,2026-08-18,0.0,0.0,0.0,0.0,0.0,[],,"- Validez de la oferta: 5 días.
- Garantía: Según especificaciones del fabricante.
- Forma de pago: Contado/Transferencia.",0,0,0,0,punto_venta,proforma,JOEL,QR,por_cobrar,,0,0.0,,COT_1787068343472,55,,,pendiente,C. Isaac Tamayo #840 La Paz - Bolivia
69,Casatex,2026-08-09,309.0,0.0,0.0,0.0,309.0,"[{""articulo"":{""nombre"":""Lámpara Farol solar"",""precio"":165.0,""precioCaja"":0.0,""descripcion"":"""",""folderId"":null,""finalArtId"":null,""proveedor"":null,""codCaja"":null,""stockJson"":null,""familia"":"""",""subcategoria"":"""",""unidad"":""Unidad"",""unidadDetalle"":"""",""imagen"":null,""fecha"":""""},""precioOriginal"":165.0,""cantidad"":1},{""articulo"":{""nombre"":""Alargador 3 mts"",""precio"":48.0,""precioCaja"":0.0,""descripcion"":"""",""folderId"":null,""finalArtId"":null,""proveedor"":null,""codCaja"":null,""stockJson"":null,""familia"":"""",""subcategoria"":"""",""unidad"":""Unidad"",""unidadDetalle"":"""",""imagen"":null,""fecha"":""""},""precioOriginal"":48.0,""cantidad"":3}]",,"- Validez de la oferta: 5 días.
- Garantía: Según especificaciones del fabricante.
- Forma de pago: Contado/Transferencia.",0,0,0,0,venta_institucional,proforma,JOEL,Transferencia Bancaria,por_cobrar,,1,0.0,,COT_1786286787595,,,,pendiente,C. Isaac Tamayo #840 La Paz - Bolivia
71,VICTOR,2026-08-18,280.0,0.0,0.0,0.0,280.0,"[{""articulo"":{""nombre"":""Placa interruptor simple SICA"",""precio"":35.0,""precioCaja"":0.0,""descripcion"":"""",""folderId"":null,""finalArtId"":null,""proveedor"":null,""codCaja"":null,""stockJson"":null,""familia"":"""",""subcategoria"":"""",""unidad"":""Unidad"",""unidadDetalle"":"""",""imagen"":null,""fecha"":""""},""precioOriginal"":35.0,""cantidad"":8}]",,"- Validez de la oferta: 5 días.
- Garantía: Según especificaciones del fabricante.
- Forma de pago: Contado/Transferencia.",0,0,0,0,punto_venta,proforma,JOEL,Transferencia Bancaria,pagado,,0,0.0,,COT_1787089625759,,,,pendiente,C. Isaac Tamayo #840 La Paz - Bolivia
72,Nuni,2026-08-19,480.0,0.0,0.0,0.0,480.0,"[{""articulo"":{""nombre"":""Cable pasa corriente bateria auto"",""precio"":160.0,""precioCaja"":0.0,""descripcion"":"""",""folderId"":null,""finalArtId"":null,""proveedor"":null,""codCaja"":null,""stockJson"":null,""familia"":"""",""subcategoria"":"""",""unidad"":""Unidad"",""unidadDetalle"":"""",""imagen"":null,""fecha"":""""},""precioOriginal"":160.0,""cantidad"":3}]",,"- Validez de la oferta: 5 días.
- Garantía: Según especificaciones del fabricante.
- Forma de pago: Contado/Transferencia.",0,0,0,0,punto_venta,proforma,JOEL,Transferencia Bancaria,pagado,,0,0.0,,156515aa-3ee2-476c-b7f3-4b751e19a68b,,,,pendiente,C. Isaac Tamayo #840 La Paz - Bolivia
